tree
version=v4
num_class=1
num_tree_per_iteration=1
label_index=0
max_feature_idx=29
objective=binary sigmoid:1
feature_names=SeniorCitizen tenure MonthlyCharges TotalCharges gender_Male Partner_Yes Dependents_Yes PhoneService_Yes MultipleLines_No_phone_service MultipleLines_Yes InternetService_Fiber_optic InternetService_No OnlineSecurity_No_internet_service OnlineSecurity_Yes OnlineBackup_No_internet_service OnlineBackup_Yes DeviceProtection_No_internet_service DeviceProtection_Yes TechSupport_No_internet_service TechSupport_Yes StreamingTV_No_internet_service StreamingTV_Yes StreamingMovies_No_internet_service StreamingMovies_Yes Contract_One_year Contract_Two_year PaperlessBilling_Yes PaymentMethod_Credit_card_(automatic) PaymentMethod_Electronic_check PaymentMethod_Mailed_check
feature_infos=[0:1] [1:72] [18.25:118.75] [18.850000000000001:8684.7999999999993] [0:1] [0:1] [0:1] [0:1] [0:1] [0:1] [0:1] [0:1] [0:1] [0:1] [0:1] [0:1] [0:1] [0:1] [0:1] [0:1] [0:1] [0:1] [0:1] [0:1] [0:1] [0:1] [0:1] [0:1] [0:1] [0:1]
tree_sizes=3397 3441 3445 3390 3404 3403 3421 3395 3421 3413 3444 3436 3405 3410 3419 3436 3436 3424 3430 3455 3403 3422 3417 3409 3419 3439 3434 3396 3390 3406 3386 3408 3433 3417 3422 3406 3405 3423 3411 3409 3379 3399 3407 3379 3412 3397 3419 3361 3414 3404 3405 3398 3387 3399 3384 3385 3422 3423 3386 3386 3414 3430 3407 3420 3412 3418 3400 3416 3370 3411 3412 3399 3425 3422 3394 3424 3387 3396 3420 3405 3408 3402 3380 3402 3401 3401 3379 3409 3402 3386 3424 3412 3411 3423 3411 3400 3384 3381 3425 3425

Tree=0
num_leaves=31
num_cat=0
split_feature=1 10 10 1 1 11 24 3 28 2 3 9 2 25 13 13 11 7 26 3 1 28 2 26 0 21 2 19 25 2
split_gain=597.222 410.573 215.193 103.063 88.5122 57.1368 47.3834 39.6079 37.9122 25.9558 19.9856 19.8101 18.6301 16.7357 14.9944 14.0915 12.0343 10.8227 10.5558 10.1932 8.78761 10.4865 8.73667 8.71853 8.62177 10.3998 8.40507 8.13624 8.01037 9.0653
threshold=17.500000000000004 1.0000000180025095e-35 1.0000000180025095e-35 54.500000000000007 5.5000000000000009 1.0000000180025095e-35 1.0000000180025095e-35 117.87500000000001 1.0000000180025095e-35 83.725000000000009 24.425000000000001 1.0000000180025095e-35 55.175000000000004 1.0000000180025095e-35 1.0000000180025095e-35 1.0000000180025095e-35 1.0000000180025095e-35 1.0000000180025095e-35 1.0000000180025095e-35 333.62500000000006 7.5000000000000009 1.0000000180025095e-35 106.42500000000003 1.0000000180025095e-35 1.0000000180025095e-35 1.0000000180025095e-35 75.425000000000026 1.0000000180025095e-35 1.0000000180025095e-35 101.20000000000002
decision_type=2 2 2 2 2 2 2 2 2 2 2 2 2 2 2 2 2 2 2 2 2 2 2 2 2 2 2 2 2 2
left_child=1 4 13 6 5 12 8 -3 28 14 18 -10 24 17 20 -5 19 27 -7 -6 26 -22 -13 -11 25 -1 -9 -2 29 -4
right_child=2 7 3 15 16 10 -8 9 11 23 -12 22 -14 -15 -16 -17 -18 -19 -20 -21 21 -23 -24 -25 -26 -27 -28 -29 -30 -31
leaf_value=-0.89612337403271103 -1.0293610874055792 -0.71349393876302658 -0.99593846668924646 -1.0456561147144667 -0.95306256778179999 -1.0051558727011791 -1.0596447269352454 -0.86978234514878661 -0.96768209050116061 -0.85951960662258231 -1.0907012955286579 -0.84328291602042416 -0.9963858673734981 -1.1457017103091232 -1.0167004902072523 -1.1123384205664137 -1.1089565700222492 -1.1161614058663594 -0.85951960662258231 -1.0605123366308873 -0.97564190323402489 -0.84630157950225815 -0.99861392278107108 -0.77062474291227001 -0.76801018809726085 -0.74238755091017072 -0.77411081599894893 -1.1195002110483676 -1.0937837180474055 -0.88447672076585182
leaf_weight=44.882187247276306 29.270991683006287 36.686309576034546 48.589846193790436 61.859362423419952 10.537557005882261 18.343154788017277 38.832848966121674 20.879974067211151 21.660533845424652 13.659796118736265 25.953612625598907 50.150965750217438 13.46465617418289 180.5044487118721 6.6347581148147574 64.981601536273956 48.394706249237061 154.74597603082657 6.8298980593681327 54.444044530391693 11.318116784095764 14.050076007843018 3.902798891067504 57.371143698692322 7.8055977821350089 4.8784986138343802 16.391755342483521 15.220915675163267 6.8298980593681327 8.586157560348509
leaf_count=230 150 188 249 317 54 94 199 107 111 70 133 257 69 925 34 333 248 793 35 279 58 72 20 294 40 25 84 78 35 44
internal_value=-1.01615 -0.921092 -1.07339 -1.01089 -1.00757 -0.948515 -0.96193 -0.806006 -0.934772 -0.830196 -1.02913 -0.886878 -0.890492 -1.12365 -0.873749 -1.07982 -1.0712 -1.10366 -0.965642 -1.04309 -0.858607 -0.904007 -0.854498 -0.78772 -0.865724 -0.881051 -0.827707 -1.0602 -0.991427 -0.9792
internal_weight=1097.66 412.526 685.136 305.394 235.534 122.158 178.553 176.992 139.72 140.306 51.1267 75.7143 71.0309 379.742 69.2747 126.841 113.376 199.238 25.1731 64.9816 62.6399 25.3682 54.0538 71.0309 57.5663 49.7607 37.2717 44.4919 64.0059 57.176
internal_count=5625 2114 3511 1565 1207 626 915 907 716 719 262 388 364 1946 355 650 581 1021 129 333 321 130 277 364 295 255 191 228 328 293
is_linear=0
shrinkage=1


Tree=1
num_leaves=31
num_cat=0
split_feature=1 10 10 1 1 11 28 3 24 3 2 25 9 2 19 11 24 13 0 2 24 26 5 3 13 26 2 23 3 1
split_gain=474.469 288.015 188.779 86.1055 70.8544 42.5191 35.3891 23.7142 20.9932 16.4907 16.3868 16.0705 13.3261 13.1324 11.2707 10.6614 10.6158 10.5656 9.36148 8.83561 9.65333 8.29484 8.4735 8.28885 8.27557 7.70144 7.11437 6.8036 6.66589 6.37966
threshold=17.500000000000004 1.0000000180025095e-35 1.0000000180025095e-35 59.500000000000007 5.5000000000000009 1.0000000180025095e-35 1.0000000180025095e-35 117.87500000000001 1.0000000180025095e-35 24.425000000000001 83.725000000000009 1.0000000180025095e-35 1.0000000180025095e-35 55.175000000000004 1.0000000180025095e-35 1.0000000180025095e-35 1.0000000180025095e-35 1.0000000180025095e-35 1.0000000180025095e-35 101.42500000000003 1.0000000180025095e-35 1.0000000180025095e-35 1.0000000180025095e-35 333.62500000000006 1.0000000180025095e-35 1.0000000180025095e-35 103.97500000000001 1.0000000180025095e-35 3334.9250000000006 14.500000000000002
decision_type=2 2 2 2 2 2 2 2 2 2 2 2 2 2 2 2 2 2 2 2 2 2 2 2 2 2 2 2 2 2
left_child=1 4 11 6 5 13 14 -3 12 25 17 16 28 27 19 23 18 -9 -2 20 -4 22 -14 -6 -5 -7 -16 -1 -8 -12
right_child=2 7 3 24 15 9 8 10 -10 -11 29 -13 21 -15 26 -17 -18 -19 -20 -21 -22 -23 -24 -25 -26 -27 -28 -29 -30 -31
leaf_value=0.11413761836291286 -0.067928814884640393 0.23903759686393419 0.029844977647834399 -0.040268137853398778 0.055079679869974578 0.0098423708112242853 0.069388536678714127 0.13180874092016512 -0.018238210182137993 -0.06969021031565957 0.19764764977263705 -0.12471338955878342 -0.067329243605880981 0.017617145858772078 -0.081079862014775517 -0.087593916291540619 -0.10200888184288566 -0.00049449820448334389 0.032328806848785113 0.10653137680592784 -0.067124362809659305 0.14245843623891671 0.11825234197538577 -0.040826251792115117 -0.097815425868660003 0.13111438482205603 0.017148600727567985 0.2176515068788285 -0.053313847929830328 0.11781267218275236
leaf_weight=54.272796705365181 67.27014271914959 41.491579592227936 44.412637889385223 46.375354558229446 10.845117598772047 18.437443524599079 17.359033986926082 67.067134574055672 17.187038600444794 25.036041766405106 66.426010951399803 169.33180056512356 4.0923987478017789 13.588865473866461 22.031164407730103 46.259190917015076 112.86114655435085 6.6330507397651663 10.810063138604162 10.656241178512571 13.352702200412748 53.061727076768875 6.1692410111427307 53.304004043340683 54.187406748533249 7.3139268904924384 11.082257598638533 7.1908007860183707 5.9432721734046927 11.785358563065527
leaf_count=261 359 188 226 241 54 94 87 321 90 133 309 925 20 69 114 248 605 34 57 54 70 255 30 279 291 35 57 34 30 55
internal_value=-0.000389828 0.0815453 -0.0532334 0.00453614 0.00746602 0.0587629 0.0416633 0.172036 0.0827189 -0.0118994 0.153735 -0.102286 0.102749 0.106579 -0.00031331 -0.0510005 -0.0823967 0.119901 -0.0540483 0.0228645 0.00743011 0.126542 0.0442414 -0.0246123 -0.071277 0.0442862 -0.0482052 0.126248 0.0380932 0.185618
internal_weight=1095.83 429.651 666.184 305.91 236.248 125.84 205.348 193.403 103.813 50.7874 151.912 360.273 86.6257 75.0525 101.535 110.408 190.941 73.7002 78.0802 68.4216 57.7653 63.3234 10.2616 64.1491 100.563 25.7514 33.1134 61.4636 23.3023 78.2114
internal_count=5625 2114 3511 1565 1207 626 1033 907 512 262 719 1946 422 364 521 581 1021 355 416 350 296 305 50 333 532 129 171 295 117 364
is_linear=0
shrinkage=0.1


Tree=2
num_leaves=31
num_cat=0
split_feature=1 10 10 1 1 28 11 11 3 3 24 25 2 7 9 2 28 19 13 13 24 15 3 2 13 3 2 0 2 3
split_gain=382.455 212.337 165.831 70.8197 58.0754 27.2027 22.9613 20.6688 16.7103 16.5564 15.8471 15.6123 11.5026 9.89748 9.71216 9.66504 9.74127 9.25992 7.74207 7.54836 7.22853 6.99148 6.81278 6.7091 8.10763 8.44465 6.41761 6.26036 6.10952 5.91908
threshold=17.500000000000004 1.0000000180025095e-35 1.0000000180025095e-35 59.500000000000007 2.5000000000000004 1.0000000180025095e-35 1.0000000180025095e-35 1.0000000180025095e-35 117.87500000000001 333.62500000000006 1.0000000180025095e-35 1.0000000180025095e-35 83.725000000000009 1.0000000180025095e-35 1.0000000180025095e-35 55.375000000000007 1.0000000180025095e-35 1.0000000180025095e-35 1.0000000180025095e-35 1.0000000180025095e-35 1.0000000180025095e-35 1.0000000180025095e-35 24.425000000000001 101.42500000000003 1.0000000180025095e-35 3265.2250000000004 106.77500000000002 1.0000000180025095e-35 103.97500000000001 371.50000000000006
decision_type=2 2 2 2 2 2 2 2 2 2 2 2 2 2 2 2 2 2 2 2 2 2 2 2 2 2 2 2 2 2
left_child=1 4 11 5 7 17 9 -1 -3 15 14 13 18 20 -7 16 -6 23 29 -5 27 -11 -9 24 -4 -26 -16 -2 -19 -10
right_child=2 8 3 19 6 10 -8 22 12 21 -12 -13 -14 -15 26 -17 -18 28 -20 -21 -22 -23 -24 -25 25 -27 -28 -29 -30 -31
leaf_value=0.11639393928291744 -0.029328865269199075 0.19997317041361576 0.028835007987158247 -0.036999749694986019 0.027777129134697542 0.033629603668644495 -0.077674815603971548 0.039069734264663203 0.14440357458965508 -0.0086321362852889768 -0.016569694632348583 -0.12049134231616934 0.15646758609741404 -0.090313644261405063 0.11658432091564162 -0.061259907541000885 0.13777895553692818 -0.076100632161871948 -0.00044516754232240183 -0.092911052893174417 -0.082067016010329188 -0.084767474468878667 -0.067330000731254613 0.091297135036702171 0.015207139925039352 -0.13451420645434176 -0.0071171831408709391 0.087272133617436617 0.0153042193051811 0.086185658708638493
leaf_weight=48.306333974003792 17.423413991928104 44.451132357120514 42.836929991841316 45.473706260323524 20.24952045083046 23.688911497592926 60.54965540766716 26.206299468874931 31.942117527127266 34.486821398139 17.034337043762207 158.3078358322382 83.192304596304893 140.87325245141983 61.932593330740929 6.5515825599431983 13.362897932529448 21.171035036444664 6.6315135955810538 51.484816119074821 18.398693203926086 18.548476740717888 7.811725214123725 11.161228179931639 7.8780102431774122 7.2193628251552582 4.4985885620117179 6.2586532682180396 11.171063646674154 38.529188886284828
leaf_count=224 94 188 218 241 95 117 338 129 144 184 90 925 364 793 283 33 62 114 34 291 102 99 43 54 40 38 22 32 57 177
internal_value=-0.000631689 0.0711986 -0.0495859 0.00392552 0.0065638 0.0367486 -0.0297299 0.0743458 0.145723 0.00141898 0.0718845 -0.0974977 0.130679 -0.0776015 0.088604 0.0498519 0.0715093 -0.000367499 0.102853 -0.0666886 -0.0350452 -0.0352596 0.0146366 0.0203036 0.00662644 -0.0563876 0.108207 0.00148623 -0.0445291 0.112574
internal_weight=1087.63 440.82 646.812 305.551 236.073 208.592 153.749 82.3244 204.746 93.1993 107.154 341.262 160.295 182.954 90.1201 40.164 33.6124 101.438 77.1028 96.9585 42.0808 53.0353 34.018 69.0955 57.9343 15.0974 66.4312 23.6821 32.3421 70.4713
internal_count=5625 2114 3511 1565 1207 1033 811 396 907 473 512 1946 719 1021 422 190 157 521 355 532 228 283 172 350 296 78 305 126 171 321
is_linear=0
shrinkage=0.1


Tree=3
num_leaves=31
num_cat=0
split_feature=25 24 10 1 1 23 11 28 7 3 2 13 3 1 3 9 1 3 2 2 0 2 3 1 1 2 2 2 2 3
split_gain=324.877 261.433 118.328 56.0795 48.4986 31.2775 18.2552 16.7253 10.2218 10.1773 11.1774 13.6762 9.96149 9.00942 8.92939 8.1477 6.65597 6.85192 9.2042 6.99591 6.54464 6.51437 6.76068 6.69448 6.44534 6.37173 6.14851 8.06634 6.35631 10.7228
threshold=1.0000000180025095e-35 1.0000000180025095e-35 1.0000000180025095e-35 15.500000000000002 5.5000000000000009 1.0000000180025095e-35 1.0000000180025095e-35 1.0000000180025095e-35 1.0000000180025095e-35 117.87500000000001 94.125000000000014 1.0000000180025095e-35 24.425000000000001 55.500000000000007 82.050000000000026 1.0000000180025095e-35 5.5000000000000009 1070.2000000000003 79.975000000000009 85.375000000000014 1.0000000180025095e-35 94.125000000000014 6648.8000000000011 51.500000000000007 50.500000000000007 93.575000000000003 95.575000000000003 100.27500000000002 85.52500000000002 3265.2250000000004
decision_type=2 2 2 2 2 2 2 2 2 2 2 2 2 2 2 2 2 2 2 2 2 2 2 2 2 2 2 2 2 2
left_child=1 2 4 9 6 -3 14 20 -6 -4 11 15 -8 26 -1 -11 -17 18 -18 -20 24 -7 23 -23 -5 -2 28 -28 -9 -30
right_child=25 5 3 7 8 21 12 13 -10 10 -12 -13 -14 -15 -16 16 17 -19 19 -21 -22 22 -24 -25 -26 -27 27 -29 29 -31
leaf_value=0.11542067102665875 -0.11830976022258657 -0.10564299477128092 0.17304940365862587 0.016760394566595314 0.015083846020436159 -0.057022982266459965 0.043002232764125514 0.10556426769465357 -0.046403174608263487 0.091413491876073213 0.17063991286100899 0.00086304705825923514 -0.053446894583253073 -0.0056441207054480852 0.048449430732605714 0.19054751004247505 0.0016038545720791523 0.20810909338664341 0.21666135118117966 0.067192660479341401 0.066593835275846877 -0.022090174096515758 -0.058008195082256603 0.063084396651192032 -0.072823881887815883 -0.079074952492833264 0.18430297225753833 0.084053646861240283 0.078204396471011184 -0.05136280646192503
leaf_weight=40.699052736163139 166.86648958921432 112.71919997036457 46.12574177980423 45.248350828886032 35.961501717567444 43.074294120073318 25.414262667298317 28.583288252353668 108.94690960645676 59.075856670737267 33.115750044584274 11.417020112276075 18.506200462579727 10.798412993550299 38.973552063107491 20.198049277067184 7.8392938077449861 6.0092194080352774 6.0852297842502576 6.4511965066194534 20.90076245367527 19.130374625325203 16.488959431648254 17.826685562729836 9.7643269300460798 55.046214997768402 13.660299122333525 19.460529655218124 21.695051550865177 9.0524502247571927
leaf_count=181 1034 655 188 224 189 249 123 130 618 256 139 54 106 57 179 86 35 26 26 27 105 99 92 96 52 313 61 87 97 41
internal_value=-0.000790113 0.0272441 0.0587966 0.0950447 0.00810604 -0.069866 0.0541254 0.0545906 -0.0311441 0.131964 0.119346 0.104837 0.0023627 0.0807891 0.0826603 0.116072 0.147344 0.114272 0.0865972 0.139745 0.018958 -0.0280845 -0.00476186 0.0189948 0.000859875 -0.108577 0.0908846 0.1254 0.0716165 0.0400582
internal_weight=1075.13 853.222 643.982 375.481 268.501 209.24 123.593 179.163 144.908 196.317 150.192 117.076 43.9205 103.25 79.6726 105.659 46.583 26.3849 20.3757 12.5364 75.9134 96.5203 53.446 36.9571 55.0127 221.913 92.4516 33.1208 59.3308 30.7475
internal_count=5625 4278 3087 1691 1396 1191 589 854 807 837 649 510 229 473 360 456 200 114 88 53 381 536 287 195 276 1347 416 148 268 138
is_linear=0
shrinkage=0.1


Tree=4
num_leaves=31
num_cat=0
split_feature=25 24 10 1 1 23 13 2 28 7 3 2 3 13 0 2 1 2 2 1 2 2 3 21 13 26 3 2 2 2
split_gain=278.542 213.426 92.1533 44.4643 38.9811 28.6395 14.8315 14.2059 10.0504 8.58315 8.28919 8.07109 11.6883 8.08025 7.56454 6.80146 6.60837 8.22964 6.41892 6.24145 6.09381 5.90476 5.775 8.8759 5.77339 5.71751 5.64362 9.03605 7.19662 6.51267
threshold=1.0000000180025095e-35 1.0000000180025095e-35 1.0000000180025095e-35 13.500000000000002 5.5000000000000009 1.0000000180025095e-35 1.0000000180025095e-35 20.775000000000002 1.0000000180025095e-35 1.0000000180025095e-35 35.175000000000004 94.125000000000014 117.87500000000001 1.0000000180025095e-35 1.0000000180025095e-35 78.925000000000026 29.500000000000004 89.975000000000009 93.575000000000003 22.500000000000004 100.62500000000001 101.42500000000003 357.72500000000008 1.0000000180025095e-35 1.0000000180025095e-35 1.0000000180025095e-35 371.50000000000006 75.125000000000014 73.575000000000003 75.125000000000014
decision_type=2 2 2 2 2 2 2 2 2 2 2 2 2 2 2 2 2 2 2 2 2 2 2 2 2 2 2 2 2 2
left_child=1 2 4 11 7 -3 8 10 20 22 -1 12 -4 15 24 26 17 -8 -2 -11 -5 -7 -6 -24 -9 -13 29 28 -28 -14
right_child=18 5 3 6 9 21 16 14 -10 19 -12 25 13 -15 -16 -17 -18 -19 -20 -21 -22 -23 23 -25 -26 -27 27 -29 -30 -31
leaf_value=0.032349078286670663 -0.11492923370374797 -0.10134000743734571 0.1520982911323861 0.020931206664492767 0.10217645516279494 -0.044681198091008484 -0.026139095828953143 0.071273271257908763 0.085042301756403552 -0.025570411376212479 -0.06355094486477135 0.075236400709152496 0.073127094616828828 0.0071163286306355992 0.14975439414279476 0.12332896040012005 -0.032594413874923879 0.11967483420659297 -0.0745321827509388 -0.076811456678105211 0.12195036253840447 0.0070781620150326512 -0.054107044835635824 0.054904336274808008 -0.0051286609378938582 0.18245586556805796 0.0095130900791315261 -0.064755477389346866 0.16273788955090107 0.19206699579343678
leaf_weight=25.111229866743088 155.19900178909302 106.09979109466076 44.385731667280197 52.433148100972176 6.1028663367032996 60.270014986395836 7.4554287642240515 64.057753026485443 94.023784562945366 70.292504876852036 14.059413358569143 6.0781143605709067 19.129979416728023 10.330082535743712 10.57755786180496 55.505486652255058 26.562233328819275 8.0499197393655759 52.686257883906364 35.917454972863197 6.7389558851718894 34.747868731617928 16.413714185357094 13.706114634871485 11.696561872959135 27.365789487957954 6.6554421782493609 6.6176455169916144 5.6824196875095367 6.0626569688320151
leaf_count=121 1034 655 178 258 29 349 35 287 415 403 83 25 81 49 45 230 133 36 313 215 32 187 88 72 53 111 29 29 25 25
internal_value=-0.000907031 0.0244121 0.0522285 0.0836939 0.00724133 -0.0656289 0.0502809 0.0478755 0.0647231 -0.0285629 -0.00207206 0.118432 0.108783 0.0913029 0.0705377 0.10003 -0.00231261 0.0495632 -0.104691 -0.0428988 0.032436 -0.0257529 0.0134721 -0.0045011 0.0594767 0.16297 0.0707365 0.0295181 0.0800835 0.10175
internal_weight=1060.01 852.13 651.012 383.077 267.935 201.118 195.263 125.503 153.196 142.433 39.1706 187.813 154.369 109.984 86.3319 99.6536 42.0676 15.5053 207.885 106.21 59.1721 95.0179 36.2227 30.1198 75.7543 33.4439 44.1481 18.9555 12.3379 25.1926
internal_count=5625 4278 3087 1691 1396 1191 909 589 705 807 204 782 646 468 385 419 204 71 1347 618 290 536 189 160 340 136 189 83 54 106
is_linear=0
shrinkage=0.1


Tree=5
num_leaves=31
num_cat=0
split_feature=25 24 10 1 1 23 28 11 19 7 3 3 2 13 3 2 0 1 3 3 2 26 2 2 1 3 29 2 4 1
split_gain=239.528 174.954 72.7648 35.8629 31.4661 26.2822 11.4042 11.3027 7.19896 7.17364 6.88906 6.74042 9.14854 6.88895 6.48984 6.48843 6.44708 5.54527 5.51051 8.11699 5.51006 5.31232 5.19179 5.1894 5.14747 5.776 5.0255 4.97531 5.72656 5.70127
threshold=1.0000000180025095e-35 1.0000000180025095e-35 1.0000000180025095e-35 14.500000000000002 5.5000000000000009 1.0000000180025095e-35 1.0000000180025095e-35 1.0000000180025095e-35 1.0000000180025095e-35 1.0000000180025095e-35 24.425000000000001 117.87500000000001 94.125000000000014 1.0000000180025095e-35 82.050000000000026 93.575000000000003 1.0000000180025095e-35 22.500000000000004 50.250000000000007 48.475000000000009 78.925000000000026 1.0000000180025095e-35 81.875000000000014 55.175000000000004 53.500000000000007 1733.5750000000003 1.0000000180025095e-35 95.375000000000014 1.0000000180025095e-35 20.500000000000004
decision_type=2 2 2 2 2 2 2 2 2 2 2 2 2 2 2 2 2 2 2 2 2 2 2 2 2 2 2 2 2 2
left_child=1 2 4 11 7 -3 16 14 27 -6 21 -4 13 20 18 -2 24 -11 19 -1 -13 26 -7 -16 25 -5 -9 29 -29 -8
right_child=15 5 3 6 9 22 8 10 -10 17 -12 12 -14 -15 23 -17 -18 -19 -20 -21 -22 -23 -24 -25 -26 -27 -28 28 -30 -31
leaf_value=0.091536647693235121 -0.11187586035449887 -0.097308055102664659 0.13742196915304924 -0.060369559611633573 0.011980521485137197 -0.057251697673249329 0.11046286737488112 -0.081207567811818607 0.012881020974139266 -0.023357935817797604 -0.047027043343444534 0.062360406789090689 0.14078727165654289 0.0038004301856448641 0.05644772606999713 -0.070206863301647743 0.05994705118533377 -0.072504132856445885 0.1454250252159148 -0.046141849722841057 0.1084260789098489 0.10330750426827294 -0.0071017102493466516 -0.025684162673820943 -0.086113098515423189 0.024438337522156007 0.036387917362080614 0.062960075133889001 0.14684280691920132 0.039652502635000531
leaf_weight=24.536998882889751 144.06537173688412 99.776195138692856 46.967356383800507 10.006115257740019 36.373065263032913 30.717877879738808 15.625436201691626 4.9748519510030791 22.008509457111359 69.30937172472477 17.582017883658409 45.687572985887527 32.612513169646263 10.54952898621559 30.033032715320587 50.457278922200203 22.592940002679825 34.330224737524986 13.067339003086088 5.187471702694892 60.152507841587067 7.7592014521360388 62.940805524587631 10.342077881097792 6.6124769449234 40.678488969802856 13.484416127204895 15.224045485258101 17.486821189522743 41.755491182208061
leaf_count=103 1034 655 188 46 189 190 66 24 98 403 106 193 131 50 129 313 109 215 56 22 245 34 346 50 37 201 65 67 76 184
internal_value=-0.00098291 0.0219653 0.0466447 0.0742954 0.00646434 -0.0615952 0.043578 0.0425156 0.0641528 -0.0262279 0.00140244 0.104389 0.0939766 0.0808602 0.0641681 -0.101067 0.0147078 -0.0396374 0.0913024 0.0675092 0.0885411 0.0338791 -0.0235497 0.0354097 -0.00313054 0.00769563 0.00469543 0.076678 0.107803 0.0589349
internal_weight=1042.9 848.375 654.94 387.96 266.98 193.435 191.99 126.967 112.1 140.013 43.8005 195.969 149.002 116.39 83.1669 194.523 79.89 103.64 42.7918 29.7245 105.84 26.2185 93.6587 40.3751 57.2971 50.6846 18.4593 90.0918 32.7109 57.3809
internal_count=5625 4278 3087 1691 1396 1191 884 589 491 807 229 807 619 488 360 1347 393 618 181 125 438 123 536 179 284 247 89 393 143 250
is_linear=0
shrinkage=0.1


Tree=6
num_leaves=31
num_cat=0
split_feature=25 24 10 1 1 23 13 0 9 2 3 6 2 28 1 15 7 3 2 1 2 3 13 2 1 26 2 3 2 3
split_gain=206.434 143.878 57.9518 29.4599 25.4574 24.1044 10.9566 9.82679 8.44883 8.31056 8.17961 6.84268 6.56811 6.02346 6.9025 6.34994 5.91356 5.6662 8.17622 5.21699 6.21552 5.07367 4.98518 4.82101 4.79784 4.68769 4.56046 4.77392 4.55542 5.62743
threshold=1.0000000180025095e-35 1.0000000180025095e-35 1.0000000180025095e-35 13.500000000000002 5.5000000000000009 1.0000000180025095e-35 1.0000000180025095e-35 1.0000000180025095e-35 1.0000000180025095e-35 30.675000000000004 3478.4500000000003 1.0000000180025095e-35 93.575000000000003 1.0000000180025095e-35 22.500000000000004 1.0000000180025095e-35 1.0000000180025095e-35 117.87500000000001 94.125000000000014 29.500000000000004 89.975000000000009 35.175000000000004 1.0000000180025095e-35 84.475000000000009 71.500000000000014 1.0000000180025095e-35 73.575000000000003 480.67500000000007 101.42500000000003 6648.8000000000011
decision_type=2 2 2 2 2 2 2 2 2 2 2 2 2 2 2 2 2 2 2 2 2 2 2 2 2 2 2 2 2 2
left_child=1 2 4 17 7 -3 8 9 10 21 11 -5 -2 -6 15 -15 -11 -4 22 20 -8 -1 26 -21 -14 -20 -19 -28 -7 -30
right_child=12 5 3 6 13 28 19 -9 -10 16 -12 -13 24 14 -16 -17 -18 18 25 23 -22 -23 -24 -25 -26 -27 27 -29 29 -31
leaf_value=0.024530871660256786 -0.10908318167307124 -0.093486090001007272 0.12475706360645805 0.012673419866306705 -0.038243029961205328 -0.038759381583760376 -0.02673417959184728 0.12569488080925759 0.066535907301449801 0.12217336883804053 -0.077590844925072913 0.11561405929138198 -0.043689527236299069 0.072292352368752893 -0.04070292276306936 -0.03706798152840473 0.040116885766306135 0.035064210202672468 0.052043163930509784 0.072104590658562243 0.098732502024475866 -0.038601499826022796 0.00599867313880398 -0.050119097580907872 -0.11039290194936882 0.14892481463763602 0.11344258483493252 0.06546818565087846 0.039858821615744888 -0.042327878009084802
leaf_weight=33.354443147778511 133.52181930840015 93.782589599490166 46.579158097505569 30.235285565257072 94.246306076645851 57.642004266381264 7.4520117342472068 11.599809125065802 111.56208023428917 10.579759210348127 7.8106810748577109 8.2109239697456342 32.135708779096603 18.046433120965961 18.011008441448212 7.5227279067039481 51.702622309327126 19.368916541337967 6.2280215322971371 3.760752439498904 8.3980398178100568 20.586510062217712 10.371080249547957 22.747547522187233 16.228954285383224 25.212246641516685 40.632496178150177 42.372953370213509 20.889258474111557 13.858203142881392
leaf_count=155 1034 655 188 137 558 349 35 48 493 44 38 37 205 100 106 43 225 81 25 19 36 117 49 114 108 101 164 174 107 80
internal_value=-0.0010288 0.0198233 0.0418249 0.0663146 0.00578467 -0.0577718 0.0395167 0.0379297 0.0516372 0.0291702 0.0157046 0.0346584 -0.0976463 -0.0240273 0.00671558 0.0401173 0.0540556 0.0944348 0.0846392 -0.00564193 0.0397435 0.000436466 0.0720641 -0.0327791 -0.0660721 0.129733 0.0787569 0.0889524 -0.0215191 0.0070806
internal_weight=1024.65 842.764 656.592 390.942 265.65 186.172 200.177 127.823 157.819 116.223 46.2569 38.4462 181.886 137.826 43.5802 25.5692 62.2824 190.765 144.186 42.3584 15.8501 53.941 112.745 26.5083 48.3647 31.4403 102.374 83.0054 92.3895 34.7475
internal_count=5625 4278 3087 1691 1396 1191 909 589 705 541 212 174 1347 807 249 143 269 782 594 204 71 272 468 133 313 126 419 338 536 187
is_linear=0
shrinkage=0.1


Tree=7
num_leaves=31
num_cat=0
split_feature=25 24 10 1 23 1 19 28 2 3 2 23 2 7 28 3 26 4 2 3 1 1 1 3 4 2 2 2 3 8
split_gain=178.22 118.578 46.523 24.5105 22.0554 20.6324 8.83178 7.92763 7.18783 7.05966 6.91485 6.8948 6.63163 6.10259 5.57412 5.558 6.29634 5.49138 5.40589 4.83794 4.79383 7.5429 4.65376 4.56538 4.48234 4.41049 4.40382 6.4353 6.80783 5.64945
threshold=1.0000000180025095e-35 1.0000000180025095e-35 1.0000000180025095e-35 15.500000000000002 1.0000000180025095e-35 5.5000000000000009 1.0000000180025095e-35 1.0000000180025095e-35 95.575000000000003 3334.9250000000006 85.52500000000002 1.0000000180025095e-35 93.575000000000003 1.0000000180025095e-35 1.0000000180025095e-35 117.87500000000001 1.0000000180025095e-35 1.0000000180025095e-35 96.02500000000002 1410.7250000000001 20.500000000000004 24.500000000000004 22.500000000000004 7865.6500000000005 1.0000000180025095e-35 101.42500000000003 49.525000000000006 45.125000000000007 82.050000000000026 1.0000000180025095e-35
decision_type=2 2 2 2 2 2 2 2 2 2 2 2 2 2 2 2 2 2 2 2 2 2 2 2 2 2 2 2 2 2
left_child=1 2 5 15 -3 7 8 -1 9 19 14 26 -2 -7 -11 -4 24 -10 -18 -5 -21 -22 -15 -14 -17 -20 27 28 29 -9
right_child=12 4 3 6 -6 13 -8 11 17 10 -12 -13 23 22 -16 16 18 -19 25 20 21 -23 -24 -25 -26 -27 -28 -29 -30 -31
leaf_value=0.016535270389857831 -0.10649723139139244 -0.089826126904643006 0.11414132554178609 -0.024690156376850233 -0.01967110638791067 0.013228235310870577 -0.0096442552274602494 0.020159713265356514 0.042593045271911906 -0.0067989986513991452 -0.050452974357209385 0.15182987520285543 -0.045220422952603 -0.019880488148142871 0.13816376649177473 0.073127427693412447 0.076095953377743997 0.11137490479625867 0.16623549246747027 0.10938626009334625 -0.021242645209782827 0.064182686908564809 -0.066133559014632845 -0.12024846856537126 -0.00069503275501003707 0.060734569271222498 -0.011653303366333245 0.16086422573660397 -0.047692663156034223 0.14996271183512064
leaf_weight=86.36872510612011 123.59905077517033 88.13822515308857 45.856505513191223 8.58619476854801 91.161860913038254 36.135342672467232 37.953945949673653 7.0778480768203789 23.166317746043205 6.7912722975015658 17.961688965559006 8.182224974036215 35.922534391283989 67.736277639865875 4.3525987714529037 16.211981192231178 106.21750693023205 23.263347581028938 13.092484459280969 13.059350132942198 14.005470067262648 39.454253777861595 32.04395005106926 10.475107222795485 16.69450207054615 5.6823514848947516 8.7290727198123914 6.0318442136049262 5.8345377743244162 6.3713691532611847
leaf_count=406 1034 655 188 37 536 189 180 35 103 34 87 34 238 403 19 67 437 101 53 56 62 175 215 75 69 23 38 25 25 26
internal_value=-0.00105553 0.0179212 0.037596 0.0594476 -0.0541571 0.00518356 0.0334681 0.0338963 0.0443303 0.0297499 -0.0120603 0.0694056 -0.094396 -0.0219828 0.0498209 0.0834939 0.0745934 0.0770558 0.0848394 0.0459526 0.0550711 0.0418028 -0.0347344 -0.0621594 0.035675 0.134305 0.0495959 0.0707152 0.0425172 0.081652
internal_weight=1006.16 836.161 656.861 392.35 179.3 264.511 188.594 128.596 150.64 104.211 29.1056 42.2269 169.997 135.916 11.1439 203.755 157.899 46.4297 124.992 75.1053 66.5191 53.4597 99.7802 46.3976 32.9065 18.7748 34.0447 25.3156 19.2838 13.4492
internal_count=5625 4278 3087 1691 1191 1396 854 589 674 470 140 183 1347 807 53 837 649 204 513 330 293 237 618 313 136 76 149 111 86 61
is_linear=0
shrinkage=0.1


Tree=8
num_leaves=31
num_cat=0
split_feature=25 24 10 1 23 1 0 3 1 28 28 2 23 2 21 2 1 2 23 23 9 1 6 2 1 1 4 2 3 13
split_gain=154.025 97.7642 37.4976 21.2265 20.1906 17.1932 9.59332 9.74102 8.57822 8.53454 8.1553 6.68618 5.29019 5.9152 4.87736 8.05406 4.73215 5.43954 6.59256 4.68923 4.61419 4.49388 4.38886 4.36053 4.34526 6.20162 4.58914 4.31969 5.95832 4.24708
threshold=1.0000000180025095e-35 1.0000000180025095e-35 1.0000000180025095e-35 8.5000000000000018 1.0000000180025095e-35 9.5000000000000018 1.0000000180025095e-35 1253.3250000000003 54.500000000000007 1.0000000180025095e-35 1.0000000180025095e-35 93.575000000000003 1.0000000180025095e-35 49.875000000000007 1.0000000180025095e-35 105.92500000000003 1.5000000000000002 25.125000000000004 1.0000000180025095e-35 1.0000000180025095e-35 1.0000000180025095e-35 71.500000000000014 1.0000000180025095e-35 74.575000000000003 12.500000000000002 21.500000000000004 1.0000000180025095e-35 75.425000000000026 70.02500000000002 1.0000000180025095e-35
decision_type=2 2 2 2 2 2 2 2 2 2 2 2 2 2 2 2 2 2 2 2 2 2 2 2 2 2 2 2 2 2
left_child=1 2 5 27 -3 9 -7 -8 10 16 19 -2 13 -11 -10 -16 -1 22 -19 24 23 -13 -18 -12 -5 -26 -27 28 -4 -29
right_child=11 4 3 8 -6 6 7 -9 14 12 20 21 -14 -15 15 -17 17 18 -20 -21 -22 -23 -24 -25 25 26 -28 29 -30 -31
leaf_value=0.033942285799996662 -0.10407349470947953 -0.086290500371087223 0.14062907994313342 0.070014037378482358 -0.017908808019284524 -0.038446814686574883 0.14659132914634407 -0.024871565068312014 -0.076219728151128263 0.066051969092270457 0.10270678066503479 -0.036623163648193756 0.12172037355481216 -0.019156033357503013 0.057040551703705734 -0.10892791173905619 -0.022874024656719005 0.035143593099070398 -0.067679669681946233 0.043694473503108767 0.070086663961772669 -0.1046971244020474 -0.12557333743634239 0.017161747237283444 -0.073712388578267743 0.050071559708033259 -0.029854885519400222 0.10489542029191889 0.047733370731695528 0.03392724968871759
leaf_weight=45.280137464404106 114.30864436179399 82.851069711148739 8.1240537464618665 7.0220399349927893 90.173566266894341 91.167980819940567 6.0186941623687726 7.3712261319160461 9.5100926458835602 29.490911483764648 7.0906543582677832 30.302231267094612 10.632138133049009 11.257113650441168 11.49896492063999 3.9208982884883889 17.998953729867939 30.953560575842857 7.80849266052246 39.648032754659653 91.70976522564888 14.261531904339789 5.4124907702207556 37.325023606419563 12.55365866422653 14.523464769124985 14.214760556817055 80.346398457884789 45.99470055103302 9.4214360713958722
leaf_count=198 1034 655 34 30 536 567 32 41 50 131 30 205 46 53 57 21 110 145 39 178 377 108 34 160 57 70 69 327 190 41
internal_value=-0.00106347 0.0162163 0.0338455 0.0534163 -0.0506527 0.00465146 -0.0268384 0.0522 0.0357482 0.0253807 0.0419388 -0.0912645 0.0589029 0.0425123 -0.0198975 0.0148388 0.00935177 -0.00855718 0.0144302 0.0182069 0.057274 -0.0584086 -0.0466171 0.0308184 -0.00270908 -0.0150763 0.0105376 0.0839937 0.0616784 0.0974471
internal_weight=988.193 829.32 656.296 392.904 173.025 263.392 104.558 13.3899 249.017 158.834 224.087 158.872 51.3802 40.748 24.93 15.4199 107.454 62.1735 38.7621 87.962 136.125 44.5638 23.4114 44.4157 48.3139 41.2919 28.7382 143.887 54.1188 89.7678
internal_count=5625 4278 3087 1691 1191 1396 640 73 1099 756 971 1347 230 184 128 78 526 328 184 404 567 313 144 190 226 196 139 592 224 368
is_linear=0
shrinkage=0.1


Tree=9
num_leaves=31
num_cat=0
split_feature=25 24 10 23 3 1 0 3 19 28 2 26 15 2 3 2 2 1 4 2 5 3 2 3 3 23 2 1 5 0
split_gain=133.185 80.6591 30.3599 18.4325 17.8921 14.0217 7.81496 7.24829 7.0983 6.79684 6.72298 5.61807 8.03709 6.20701 5.3627 6.07326 4.78569 4.92857 4.85092 4.57704 6.09139 4.3625 4.22313 4.35613 5.72063 4.17688 4.69693 4.16769 4.06942 4.00147
threshold=1.0000000180025095e-35 1.0000000180025095e-35 1.0000000180025095e-35 1.0000000180025095e-35 1537.3000000000002 9.5000000000000018 1.0000000180025095e-35 1253.3250000000003 1.0000000180025095e-35 1.0000000180025095e-35 93.575000000000003 1.0000000180025095e-35 1.0000000180025095e-35 96.02500000000002 184.12500000000003 74.325000000000003 95.575000000000003 53.500000000000007 1.0000000180025095e-35 98.375000000000014 1.0000000180025095e-35 7865.6500000000005 81.875000000000014 6648.8000000000011 6195.6500000000005 1.0000000180025095e-35 49.875000000000007 37.500000000000007 1.0000000180025095e-35 1.0000000180025095e-35
decision_type=2 2 2 2 2 2 2 2 2 2 2 2 2 2 2 2 2 2 2 2 2 2 2 2 2 2 2 2 2 2
left_child=1 2 5 -3 11 9 -7 -8 16 -1 -2 12 14 -13 -4 -16 17 -6 -18 20 -10 -12 -5 24 -24 26 28 -9 -11 -19
right_child=10 3 4 22 8 6 7 27 19 25 21 13 -14 -15 15 -17 18 29 -20 -21 -22 -23 23 -25 -26 -27 -28 -29 -30 -31
leaf_value=0.0083805780835546125 -0.10177472759490068 -0.082849844508243217 0.1096946184127629 -0.048214652491381044 0.028993742181876787 -0.035445368849424105 0.12302566264651266 -0.10075304568970933 0.0053886667793996606 0.081336736382191188 -0.038298245982925673 0.068859932628960951 -0.041586377114072239 0.12934926258877358 -0.06830472604148824 0.056579364837449402 0.028370236619186018 -0.11329560975937675 0.092308963782792242 0.020168888701466599 -0.10969524938424796 -0.11644277529984558 -0.00032123149515547451 -0.047813834477647976 0.10158962339050158 0.10783038026674026 -0.017357395582384888 0.050663764878001609 -0.0012904055654792933 0.021100161378907249
leaf_weight=107.34090632200241 105.64792935550213 77.920702219009399 13.083187147974966 28.300030454993248 81.240270242094994 89.110736802220345 6.4296948760747892 3.5257728397846222 9.5846213549375534 21.667982786893845 33.797109819948673 152.25604909658432 10.293439507484434 19.090911775827408 4.9755751192569759 17.915784001350403 23.617201909422874 4.6639191508293134 23.847012653946877 18.939344152808189 8.8422945141792297 9.058760076761244 39.347895562648773 15.22048047184944 6.4046725034713736 10.791896134614943 11.185211971402166 3.7525109499692917 8.2224493026733416 4.2198051065206528
leaf_count=526 1034 655 55 190 358 567 32 21 45 95 238 632 43 80 21 74 103 26 101 88 44 75 219 92 35 46 53 20 36 21
internal_value=-0.0010692 0.0146802 0.0305134 -0.04731 0.048108 0.00415323 -0.0246323 0.0456596 0.0242983 0.0227433 -0.0882232 0.0672501 0.0363296 0.0755995 0.0586238 0.0294351 0.0347952 0.0212607 0.0604944 -0.0143532 -0.0498352 -0.0548162 -0.0162895 -0.00147182 0.0139448 0.0524671 0.0379214 -0.0226861 0.0586071 -0.0494571
internal_weight=970.294 821.79 654.597 167.194 392.569 262.027 102.819 13.708 174.954 159.208 148.504 217.615 46.268 171.347 35.9745 22.8914 137.588 90.124 47.4642 37.3663 18.4269 42.8559 89.2731 60.973 45.7526 51.8675 41.0756 7.27828 29.8904 8.88372
internal_count=5625 4278 3087 1191 1691 1396 640 73 786 756 1347 905 193 712 150 95 609 405 204 177 89 313 536 346 254 230 184 41 131 47
is_linear=0
shrinkage=0.1


Tree=10
num_leaves=31
num_cat=0
split_feature=25 24 10 23 1 1 26 2 28 3 7 0 28 26 1 1 19 2 1 2 23 15 4 2 2 21 9 3 2 1
split_gain=115.197 66.6317 24.6451 16.7242 15.8202 12.1105 9.09509 6.73995 6.18932 6.16505 5.53096 5.25127 5.10599 4.94507 4.44452 5.50692 4.36264 6.58264 4.19085 4.14896 4.04072 5.08196 4.0107 5.27588 4.93679 3.96511 3.81749 5.04804 4.96271 3.80106
threshold=1.0000000180025095e-35 1.0000000180025095e-35 1.0000000180025095e-35 1.0000000180025095e-35 8.5000000000000018 3.5000000000000004 1.0000000180025095e-35 93.575000000000003 1.0000000180025095e-35 6290.2500000000009 1.0000000180025095e-35 1.0000000180025095e-35 1.0000000180025095e-35 1.0000000180025095e-35 22.500000000000004 16.500000000000004 1.0000000180025095e-35 95.725000000000009 71.500000000000014 34.82500000000001 1.0000000180025095e-35 1.0000000180025095e-35 1.0000000180025095e-35 55.375000000000007 25.425000000000001 1.0000000180025095e-35 1.0000000180025095e-35 5392.2000000000007 100.62500000000001 17.500000000000004
decision_type=2 2 2 2 2 2 2 2 2 2 2 2 2 2 2 2 2 2 2 2 2 2 2 2 2 2 2 2 2 2
left_child=1 2 5 -3 -4 6 11 -2 20 13 19 -1 22 -10 15 -14 17 -15 -9 -8 -6 -22 29 24 -24 -5 -23 28 -28 -7
right_child=7 3 4 25 8 12 10 18 9 -11 -12 -13 14 16 -16 -17 -18 -19 -20 -21 21 26 23 -25 -26 -27 27 -29 -30 -31
leaf_value=-0.0079604875654456161 -0.099569459837205943 -0.079481663852632625 0.070118673527796244 -0.052647658411130893 -0.010491398731155375 0.016630840446674854 0.070406487448350707 -0.030350001711143777 0.0051509781340987534 -0.073455357373706773 0.042255857727769602 0.10345899552043147 0.01582935729308824 0.044277356857270869 -0.030769260647763072 0.12923965693915038 0.0093813647616323558 0.099354758854921121 -0.099676348679755195 0.19067145968707877 0.057715429190036097 -0.08180012088709597 -0.070452233037262252 -0.10234123842157197 0.00098487826537293197 -0.0029877328841255734 -0.01631254385974145 -0.06162145313234673 0.12607555056688838 -0.03808517306857543
leaf_weight=49.588398098945618 97.603818349540234 73.340538322925568 141.44778311252594 21.13788890838623 51.596239283680916 29.530309036374092 6.8990635573863965 28.762441538274288 26.063615679740906 4.5587877929210654 38.824150130152702 4.6245018839836112 30.036026433110237 69.42038269340992 16.64205864071846 4.9933734387159339 19.103421717882156 31.567018434405327 12.513397619128225 4.9100935757160187 27.66507226228714 5.2266132384538659 16.385229274630547 12.661735057830809 23.617501527070999 67.173398062586784 4.5871623158454877 5.2701049894094476 5.2483890354633331 22.271799623966217
leaf_count=229 1034 655 592 139 245 171 28 205 111 23 170 19 154 288 106 29 82 130 108 20 125 24 106 80 134 397 21 28 22 150
internal_value=-0.0010634 0.013292 0.0275266 -0.0441862 0.0433863 0.00372009 0.0300078 -0.0852435 0.0282799 0.0410627 0.0604839 0.00154389 -0.013932 0.0446347 0.0117808 0.0319958 0.0532039 0.0614937 -0.0513673 0.120411 0.00893593 0.0298199 -0.0266501 -0.0460829 -0.028276 -0.0148742 -0.00813603 0.017352 0.0596678 -0.00689376
internal_weight=953.27 814.391 652.739 161.652 391.755 260.984 104.846 138.88 250.307 150.713 50.6333 54.2129 156.138 146.154 51.6715 35.0294 120.091 100.987 41.2758 11.8092 99.5936 47.9973 104.467 52.6645 40.0027 88.3113 20.3323 15.1057 9.83555 51.8021
internal_count=5625 4278 3087 1191 1691 1396 466 1347 1099 634 218 248 930 611 289 183 500 418 313 48 465 220 641 320 240 536 95 71 43 321
is_linear=0
shrinkage=0.1


Tree=11
num_leaves=31
num_cat=0
split_feature=25 24 10 23 3 1 3 9 2 28 23 0 1 13 3 28 9 3 1 2 6 23 1 5 2 2 26 2 3 7
split_gain=99.6433 55.0212 20.0485 15.1503 13.2806 9.87294 7.2228 8.8864 6.73071 6.48982 5.64224 4.71268 4.58592 4.20607 4.15985 3.85248 3.7666 4.41138 4.22623 3.95901 3.85484 3.7277 4.35651 5.41881 8.95616 3.64996 4.13501 3.53556 4.33936 4.39048
threshold=1.0000000180025095e-35 1.0000000180025095e-35 1.0000000180025095e-35 1.0000000180025095e-35 3083.5000000000005 1.5000000000000002 117.87500000000001 1.0000000180025095e-35 93.575000000000003 1.0000000180025095e-35 1.0000000180025095e-35 1.0000000180025095e-35 22.500000000000004 1.0000000180025095e-35 7865.6500000000005 1.0000000180025095e-35 1.0000000180025095e-35 4100.4000000000005 54.500000000000007 89.825000000000003 1.0000000180025095e-35 1.0000000180025095e-35 16.500000000000004 1.0000000180025095e-35 50.57500000000001 50.32500000000001 1.0000000180025095e-35 25.275000000000002 445.5750000000001 1.0000000180025095e-35
decision_type=2 2 2 2 2 2 2 2 2 2 2 2 2 2 2 2 2 2 2 2 2 2 2 2 2 2 2 2 2 2
left_child=1 2 5 15 6 11 -4 -8 -2 27 -9 25 21 16 -10 -3 19 20 -19 -6 -18 22 23 24 -11 26 -1 -7 -29 -30
right_child=8 3 4 -5 13 9 7 10 14 12 -12 -13 -14 -15 -16 -17 17 18 -20 -21 -22 -23 -24 -25 -26 -27 -28 28 29 -31
leaf_value=-0.0050789370184495496 -0.097430795340710946 -0.087176513576381245 0.087632843282184542 -0.013529590545812098 0.033984554445074693 -0.045677980225055939 0.023605450795189848 0.040927728859589688 -0.032097567133493467 0.068010926915907835 0.081835822071515199 0.1310695763300099 -0.028226530876886403 -0.030969386434803084 -0.11350622513611758 -0.025518597908507371 0.017059351190442867 0.083452292256116223 0.011489437945744856 -0.091233621528574088 -0.080618120788400929 0.08101429037879912 0.11540023064754075 -0.064066967006979211 -0.066254436356839239 0.089892021380946999 0.051238935821258193 0.016212759327243014 0.019182588790027211 -0.046798893569220547
leaf_weight=30.091221794486046 90.155817560851574 56.763795614242554 42.179973423480988 87.513958677649498 4.4356784969568235 40.345233738422394 123.39910152554512 69.64350388944149 32.004949621856213 17.125063896179203 65.355812430381775 4.88845570385456 16.343385353684425 23.437872067093849 7.808094583451747 12.335786834359167 17.773558005690578 18.58685539662838 14.548742845654486 5.8615407645702362 5.2290116548538199 12.135889932513235 4.0101833045482627 8.4323496669530851 6.9984605461359015 8.5024880319833738 23.003644451498985 36.869736433029175 13.85721682012081 37.044732272624969
leaf_count=134 1034 542 188 536 21 265 521 294 238 81 273 20 106 118 75 113 75 78 71 29 23 57 22 43 37 35 95 171 77 253
internal_value=-0.00104984 0.0120416 0.0248599 -0.0411669 0.0391805 0.00332503 0.0492651 0.0430022 -0.0823082 -0.00811518 0.0607321 0.0365625 0.0176095 0.0054526 -0.0480634 -0.0761692 0.018302 0.0284998 0.0518558 -0.0372941 -0.00514498 0.0329912 0.0170528 0.0049385 0.0290593 0.0290622 0.0193211 -0.0211757 -0.00991294 -0.0288365
internal_weight=936.682 806.713 650.1 156.614 390.452 259.648 300.578 258.398 129.969 193.162 134.999 66.4858 65.0453 89.8733 39.813 69.0996 66.4354 56.1382 33.1356 10.2972 23.0026 48.7019 36.5661 32.5559 24.1235 61.5974 53.0949 128.117 87.7717 50.9019
internal_count=5625 4278 3087 1191 1691 1396 1276 1088 1347 1112 567 284 346 415 313 655 297 247 149 50 98 240 183 161 118 264 229 766 501 330
is_linear=0
shrinkage=0.1


Tree=12
num_leaves=31
num_cat=0
split_feature=25 24 10 21 1 1 2 0 1 0 3 3 2 28 7 26 2 3 19 2 3 13 2 2 3 3 2 1 1 3
split_gain=86.1685 45.4397 16.32 14.2649 12.1341 8.23989 6.6943 6.3638 5.21228 5.06306 5.62353 5.01737 4.97121 4.44173 4.4025 5.28494 3.98673 3.96269 3.86016 3.78192 5.28683 3.84034 3.68572 4.73639 6.13287 4.94386 4.66807 3.61393 3.6043 3.53363
threshold=1.0000000180025095e-35 1.0000000180025095e-35 1.0000000180025095e-35 1.0000000180025095e-35 8.5000000000000018 9.5000000000000018 93.575000000000003 1.0000000180025095e-35 22.500000000000004 1.0000000180025095e-35 4914.8500000000013 1253.3250000000003 101.42500000000003 1.0000000180025095e-35 1.0000000180025095e-35 1.0000000180025095e-35 44.925000000000004 7865.6500000000005 1.0000000180025095e-35 75.425000000000026 70.02500000000002 1.0000000180025095e-35 95.725000000000009 85.375000000000014 1850.7000000000003 1070.2000000000003 100.27500000000002 37.500000000000007 29.500000000000004 24.425000000000001
decision_type=2 2 2 2 2 2 2 2 2 2 2 2 2 2 2 2 2 2 2 2 2 2 2 2 2 2 2 2 2 2
left_child=1 2 5 -3 19 14 -2 -7 18 13 -11 -9 -10 -6 15 -1 29 -8 -5 20 -4 -21 23 28 25 -25 -24 -13 -15 -16
right_child=6 3 4 8 9 7 17 11 12 10 -12 27 -14 22 16 -17 -18 -19 -20 21 -22 -23 26 24 -26 -27 -28 -29 -30 -31
leaf_value=0.0030671398770481385 -0.095335599055811668 -0.070709115240353726 0.11723219557527781 0.008765856224857203 -0.0065651592347161702 -0.029904575371936117 -0.029558716516023167 0.10534412686102977 -0.040581781177261779 0.05314373128040363 -0.020307098445642713 -0.093854867000016245 0.012071403423950305 0.021617705917555682 0.017528158664770501 0.084251618047772425 0.026135703231476699 -0.11205955072865342 0.15409701532147257 0.079547042866494583 0.025316153022331957 0.012139363435168955 0.1039710836683897 -0.046264841709837599 -0.053604779384823401 0.078574753615794093 0.024200485071949177 0.050814278532980539 0.1014635076740996 -0.030399031839482019
leaf_weight=13.962165698409079 83.278359301388264 71.685101538896561 7.2620190680026999 4.3326589837670317 71.729820169508457 85.044276118278503 31.315983548760414 6.7060478925704938 40.929935894906521 71.231986775994301 12.210302308201788 3.2048777192831039 31.911871716380119 25.119649887084961 27.392861008644104 18.836196959018707 63.907686248421669 7.1515800505876532 3.1610412076115608 76.426043167710304 45.246461480855942 9.5027375221252424 11.863463938236238 4.8779102116823223 17.826200321316719 9.071757107973097 19.221858531236649 3.7439106851816177 7.2954256832599631 35.089506983757019
leaf_count=59 1034 659 34 29 338 567 238 32 304 299 59 21 179 103 123 79 290 75 20 327 190 41 50 20 78 37 84 20 31 205
internal_value=-0.00102982 0.0109145 0.0224777 -0.0382809 0.0354133 0.00297113 -0.0793986 -0.0197299 -0.00934459 0.0222805 0.0423955 0.0436397 -0.0175145 0.0122303 0.0170461 0.0496916 0.0085745 -0.0448966 0.0700704 0.0591722 0.0380283 0.0720925 0.0263807 0.0126936 -0.0147418 0.0349209 0.0546443 -0.0159091 0.039588 -0.0093873
internal_weight=920.54 798.794 646.773 152.021 388.886 257.888 121.746 98.6991 80.3355 250.448 83.4423 13.6548 72.8418 167.006 159.188 32.7984 126.39 38.4676 7.4937 138.437 52.5085 85.9288 95.2763 64.1909 31.7759 13.9497 31.0853 6.94879 32.4151 62.4824
internal_count=5625 4278 3087 1191 1691 1396 1347 640 532 1099 358 73 483 741 756 138 618 313 49 592 224 368 403 269 135 57 134 41 134 328
is_linear=0
shrinkage=0.1


Tree=13
num_leaves=31
num_cat=0
split_feature=25 24 26 19 23 6 1 2 2 11 3 3 3 3 1 15 2 3 0 1 4 2 2 10 2 2 2 3 2 28
split_gain=74.4799 37.5464 13.5638 15.126 12.8614 7.71243 7.73152 7.66672 6.6272 5.9948 6.44739 5.59489 5.0567 5.73433 4.83211 4.60931 7.79809 7.47108 7.14828 4.58621 5.26977 4.3522 8.80163 4.22208 4.13063 5.62467 5.56399 4.00068 4.16802 3.9018
threshold=1.0000000180025095e-35 1.0000000180025095e-35 1.0000000180025095e-35 1.0000000180025095e-35 1.0000000180025095e-35 1.0000000180025095e-35 61.500000000000007 95.175000000000026 93.575000000000003 1.0000000180025095e-35 24.425000000000001 3265.2250000000004 2694.6500000000005 1183.1250000000002 16.500000000000004 1.0000000180025095e-35 45.725000000000009 184.12500000000003 1.0000000180025095e-35 47.500000000000007 1.0000000180025095e-35 63.725000000000009 83.725000000000009 1.0000000180025095e-35 43.45000000000001 74.125000000000014 29.925000000000001 76.800000000000026 99.02500000000002 1.0000000180025095e-35
decision_type=2 2 2 2 2 2 2 2 2 2 2 2 2 2 2 2 2 2 2 2 2 2 2 2 2 2 2 2 2 2
left_child=1 2 15 5 -3 6 7 9 -2 11 -11 12 13 24 -9 16 18 -18 -1 20 21 -5 -23 -22 26 -26 -4 -7 -29 -24
right_child=8 4 3 19 -6 27 -8 14 -10 10 -12 -13 -14 -15 -16 -17 17 -19 -20 -21 23 22 29 -25 25 -27 -28 28 -30 -31
leaf_value=-0.026477462570850131 -0.093263890727949633 -0.07020947244808029 0.042706430089177079 0.099742972151328671 -0.010439267771123526 0.073877397442952783 -0.076670233629879181 0.1306741728717126 -0.041869002083781658 0.058636549273474906 -0.06612707564127307 -0.016352828782097262 0.1232421747687579 0.016695596728081703 0.062182699377766097 -0.030443157972496283 0.078749944096626737 0.010299710518200306 0.094005671476027036 -0.075641385882790055 -0.073136678199181113 -0.07951211229723501 0.10557197845621587 0.0015842956405196674 0.026725232629741164 0.066524673854435723 0.15648930125924243 -0.014397006102697035 0.071416013754577734 0.009482047260343825
leaf_weight=67.014863066375256 76.942563638091087 62.114488489925861 8.4308949559927004 6.4876394569873801 85.63542851805687 7.5407807528972617 5.1559788808226577 14.930494770407675 37.228985495865345 6.8449470698833492 10.489089667797087 14.404579028487204 8.5770198777317983 53.859101787209511 33.217622295022011 42.399386286735535 21.004638180136681 66.199811555445194 5.3148986995220175 9.6908683329820615 13.530952349305155 7.9283273667097118 6.9633082598447809 17.142650380730629 63.873532131314278 79.963982909917831 8.766317352652548 46.574986755847931 6.4430980682373038 10.749058246612549
leaf_count=376 1034 655 37 35 536 33 28 68 313 28 70 68 39 252 139 215 92 320 24 54 75 45 32 76 290 341 40 235 29 46
internal_value=-0.00100072 0.00989403 0.020332 0.03015 -0.0355668 0.0383527 0.0447573 0.0468211 -0.0765051 0.0399161 -0.0168598 0.0440533 0.047947 0.0449418 0.0834216 -0.00113686 0.00665187 0.0267871 -0.0176242 -0.0116112 -0.00173081 0.0265732 0.00805966 -0.0313771 0.0543889 0.048851 0.100708 0.0057249 -0.00396846 0.0472581
internal_weight=905.42 791.249 643.499 441.565 147.75 369.072 308.514 303.358 114.172 255.209 17.334 237.875 223.471 214.894 48.1481 201.934 159.534 87.2044 72.3298 72.4928 62.8019 32.1283 25.6407 30.6736 161.035 143.838 17.1972 60.5589 53.0181 17.7124
internal_count=5625 4278 3087 2060 1191 1697 1400 1372 1347 1165 98 1067 999 960 207 1027 812 412 400 363 309 158 123 151 708 631 77 297 264 78
is_linear=0
shrinkage=0.1


Tree=14
num_leaves=31
num_cat=0
split_feature=25 24 21 28 0 1 2 19 4 2 26 15 21 1 26 9 1 2 1 2 3 2 3 1 2 2 2 4 9 2
split_gain=64.2784 30.9714 12.0493 11.7001 8.42565 10.2833 7.83162 7.53473 6.77736 6.55507 5.78087 6.19251 5.6776 5.19276 4.76528 4.21305 4.21121 4.44995 4.17344 4.66195 5.12382 4.13167 7.47964 3.9524 3.9408 8.54694 6.67482 3.71579 4.96882 3.67684
threshold=1.0000000180025095e-35 1.0000000180025095e-35 1.0000000180025095e-35 1.0000000180025095e-35 1.0000000180025095e-35 12.500000000000002 70.725000000000009 1.0000000180025095e-35 1.0000000180025095e-35 93.575000000000003 1.0000000180025095e-35 1.0000000180025095e-35 1.0000000180025095e-35 38.500000000000007 1.0000000180025095e-35 1.0000000180025095e-35 22.500000000000004 84.325000000000003 1.5000000000000002 95.725000000000009 3083.5000000000005 64.975000000000009 2073.9250000000006 71.500000000000014 105.92500000000003 109.075 96.450000000000017 1.0000000180025095e-35 1.0000000180025095e-35 44.925000000000004
decision_type=2 2 2 2 2 2 2 2 2 2 2 2 2 2 2 2 2 2 2 2 2 2 2 2 2 2 2 2 2 2
left_child=1 3 -3 4 5 6 -1 10 13 -2 11 29 -7 15 -10 -9 -4 -18 -12 -20 -21 -14 -23 24 26 -26 -11 -8 -29 -5
right_child=9 2 16 7 -6 12 27 8 14 23 18 -13 21 -15 -16 -17 17 -19 19 20 -22 22 -24 -25 25 -27 -28 28 -30 -31
leaf_value=0.001116987641208737 -0.091198347040146552 -0.064731285418832538 0.06383754286427723 -0.020476891272008257 0.041902760677960664 -0.044117546583170165 0.079248096396222004 0.016470566275349686 -0.12656488854722489 0.075060003703826331 0.078411464802364619 -0.040021194203332291 0.093512550314921949 -0.059101819131888139 -0.018963838928215258 0.11101343058984675 -0.056656860568336478 0.00056506196861046945 0.031634712037476247 0.1112064385274884 0.037056502973128201 -0.083873104160083423 0.020644783550074125 -0.092137712171619465 0.16434817292839357 -0.026833940409420443 -0.091090038579187196 -0.038217623325239515 0.076496558054079747 0.045354781668737638
leaf_weight=118.82315003871918 71.117669582366943 65.233443893492222 7.661088950932025 11.034071549773214 50.757387153804302 67.506577961146832 22.489191994071007 12.325860448181635 5.5953015238046655 3.104487024247649 33.053765371441841 17.079179532825947 4.5381365790963164 5.2554022744297972 15.565680421888828 7.6319397091865531 18.317488379776478 52.662027552723885 144.54118050634861 17.272125691175461 20.238710954785347 9.4320225492119771 24.982627287507057 10.059367172420023 3.1772793531417838 8.8565459251403791 10.932829536497591 8.1072441935539228 7.0675517022609702 36.711732432246208
leaf_count=603 1034 659 49 55 232 418 98 58 29 24 152 81 28 25 75 35 158 325 636 78 86 49 122 108 24 73 84 35 31 161
internal_value=-0.00096757 0.00896659 -0.0329568 0.018391 0.00460129 -0.00259912 0.013712 0.0316481 -0.00568626 -0.0735769 0.0378331 0.0116557 -0.0265752 0.0293361 -0.0474153 0.0526241 -0.0065995 -0.014202 0.045722 0.0397868 0.0711994 0.00382619 -0.00800043 -0.0388916 -0.0183469 0.0236437 -0.0543444 0.0534471 0.0152097 0.0301411
internal_weight=891.131 783.883 143.874 640.009 313.704 262.947 156.487 326.305 46.3742 107.248 279.931 64.825 106.459 25.2132 21.161 19.9578 78.6406 70.9795 215.106 182.052 37.5108 38.9528 34.4146 36.1305 26.0711 12.0338 14.0373 37.664 15.1748 47.7458
internal_count=5625 4278 1191 3087 1616 1384 767 1471 222 1347 1249 297 617 118 104 93 532 483 952 800 164 199 171 313 205 97 108 164 66 216
is_linear=0
shrinkage=0.1


Tree=15
num_leaves=31
num_cat=0
split_feature=25 24 23 28 0 1 2 2 19 4 21 26 15 1 26 28 3 2 29 27 1 2 3 4 19 3 3 3 3 3
split_gain=55.5366 25.5525 10.809 9.5497 6.77206 8.44903 6.44035 6.38291 6.15246 5.54658 4.77216 4.73436 5.03977 4.2117 4.13768 4.0947 3.8417 3.66657 3.94863 7.46102 3.64601 3.97307 4.54433 3.61442 3.96105 3.61304 5.39493 3.87927 3.32689 5.68963
threshold=1.0000000180025095e-35 1.0000000180025095e-35 1.0000000180025095e-35 1.0000000180025095e-35 1.0000000180025095e-35 12.500000000000002 70.725000000000009 93.575000000000003 1.0000000180025095e-35 1.0000000180025095e-35 1.0000000180025095e-35 1.0000000180025095e-35 1.0000000180025095e-35 38.500000000000007 1.0000000180025095e-35 1.0000000180025095e-35 7865.6500000000005 74.325000000000003 1.0000000180025095e-35 1.0000000180025095e-35 1.5000000000000002 95.725000000000009 3083.5000000000005 1.0000000180025095e-35 1.0000000180025095e-35 1023.4000000000002 371.50000000000006 1850.7000000000003 1253.3250000000003 865.02500000000009
decision_type=2 2 2 2 2 2 2 2 2 2 2 2 2 2 2 2 2 2 2 2 2 2 2 2 2 2 2 2 2 2
left_child=1 3 15 4 5 6 -1 -2 11 13 -7 12 -5 25 -11 -3 -9 -8 19 -19 -13 -22 -23 -17 -25 26 -10 -27 29 -6
right_child=7 2 -4 8 28 10 17 16 9 14 -12 20 -14 -15 -16 23 -18 18 -20 -21 21 22 -24 24 -26 27 -28 -29 -30 -31
leaf_value=0.0010048948923021847 -0.089124055638264879 -0.077467593074478536 -0.0078130931724453255 0.027156736149394445 0.040760135512923984 -0.040729141703987302 0.12967114652472708 -0.021388533590392413 0.07962132992640561 -0.11900942994643147 0.0033673622658185126 0.072377768765325853 -0.036354018549984178 -0.054312164956480884 -0.017138840158774277 -0.085437833256462245 -0.10962830793105922 0.11550225842160006 -0.0086326289260538029 -0.007210261076547016 0.028431174333963877 0.10382748731872204 0.033337578683222104 0.091789696216412087 -0.069371415366345349 0.1619315228211394 -0.067781033407184874 0.036585515427808246 0.013855384825479419 0.16458050283090839
leaf_weight=118.86720854043961 65.772007383406162 45.622631125152111 84.035120397806168 47.689944289624691 18.930019676685337 65.897555202245712 4.8570964634418479 29.166081368923187 4.8510965406894737 5.3674224317073831 39.105659209191799 32.270231500267982 16.929958686232567 5.1525274962186804 15.504232384264469 3.872769393026827 5.9385529458522788 11.689553558826447 12.129376143217085 8.5998747646808624 144.73364517092705 16.68075342476368 20.246242016553879 4.3918213546276093 2.3363893404603004 4.2437661588191968 5.0864799022674561 5.9040529131889343 27.578605353832245 4.6160064786672583
leaf_count=603 1034 542 536 216 83 418 22 238 21 29 199 152 81 25 75 43 75 51 53 38 636 78 86 45 25 20 25 27 129 20
internal_value=-0.000940804 0.00811981 -0.0305199 0.0166287 0.00414341 -0.00237238 0.0123779 -0.070747 0.0286375 -0.00519756 -0.0243066 0.0342383 0.0105174 0.0263429 -0.0433362 -0.0644589 -0.0363158 0.0486448 0.0365052 0.0634893 0.0414035 0.0359012 0.0651795 -0.00847428 0.0358261 0.0470335 0.00417445 0.0890046 0.0374263 0.0650341
internal_weight=878.067 777.19 140.259 636.931 312.271 261.146 156.143 100.877 324.66 46.1096 105.003 278.551 64.6199 25.2379 20.8717 56.2236 35.1046 37.2759 32.4188 20.2894 213.931 181.661 36.927 10.601 6.72821 20.0854 9.93758 10.1478 51.1246 23.546
internal_count=5625 4278 1191 3087 1616 1384 767 1347 1471 222 617 1249 297 118 104 655 313 164 142 89 952 800 164 113 70 93 46 47 232 103
is_linear=0
shrinkage=0.1


Tree=16
num_leaves=31
num_cat=0
split_feature=25 24 21 10 13 3 2 1 2 3 1 2 6 2 2 7 1 19 2 28 3 9 3 2 2 1 2 3 6 26
split_gain=47.8568 21.0883 9.94875 8.11805 8.28945 6.6428 6.22192 5.5814 4.63124 4.3873 4.07163 5.99453 3.99326 5.19433 4.56879 4.46256 3.78425 3.73452 5.12324 6.76523 3.61767 3.52209 5.25132 3.46033 3.99452 3.35627 3.65528 3.58488 3.73611 3.2667
threshold=1.0000000180025095e-35 1.0000000180025095e-35 1.0000000180025095e-35 1.0000000180025095e-35 1.0000000180025095e-35 480.67500000000007 93.575000000000003 1.5000000000000002 75.125000000000014 70.02500000000002 29.500000000000004 91.725000000000009 1.0000000180025095e-35 54.675000000000004 19.675000000000001 1.0000000180025095e-35 22.500000000000004 1.0000000180025095e-35 29.925000000000001 1.0000000180025095e-35 7865.6500000000005 1.0000000180025095e-35 3478.4500000000003 84.475000000000009 100.47500000000001 22.500000000000004 84.325000000000003 6648.8000000000011 1.0000000180025095e-35 1.0000000180025095e-35
decision_type=2 2 2 2 2 2 2 2 2 2 2 2 2 2 2 2 2 2 2 2 2 2 2 2 2 2 2 2 2 2
left_child=1 3 -3 7 5 8 -2 -1 9 -5 11 -6 15 14 -14 17 -17 18 19 -9 29 22 -7 -12 -25 -4 -27 -28 -29 -8
right_child=6 2 25 4 10 21 20 12 -10 -11 23 -13 13 -15 -16 16 -18 -19 -20 -21 -22 -23 -24 24 -26 26 27 28 -30 -31
leaf_value=0.026146882458252516 -0.087028236324752373 -0.058911082207375912 0.057433357134519206 0.10343193625908938 -0.02090066936689508 0.012703441440220562 -0.070690141422262098 -0.093567259565034241 0.072531094393554721 0.013681111643187062 0.047286727029198554 0.065008436986319709 0.052789933544485239 0.015184740290857941 -0.068630583436334588 -0.0017814509353929989 -0.053386887821020183 -0.026935359612577495 0.069448025969809771 0.072390060980233609 -0.10863073392759529 0.030537464439224411 -0.075275258237904513 -0.094777177782736963 -0.010320607898626474 -0.051571314421211573 0.017695330209554019 -0.0098594092559213878 -0.12454791337653547 0.0026799291323038772
leaf_weight=66.356422305107117 60.873856209218502 59.647986747324467 7.8470634594559661 6.4641968905925742 20.45129469037056 70.781235963106155 8.7078498005867022 5.2921124994754773 53.108810216188431 34.596627712249756 3.9388556852936771 13.473121240735052 3.4744998589158049 15.360754631459711 28.672543130815029 80.361621923744678 17.262173317372799 9.6397726535797101 23.223452538251877 4.5840468406677246 5.4202427119016638 146.72872991859913 7.5036645531654349 11.695108838379385 10.745579838752745 17.186364859342575 37.946302950382233 10.481052890419958 3.8963161483407012 20.019960336387157
leaf_count=284 1034 659 49 34 91 303 73 26 245 150 19 59 26 102 176 459 141 50 112 20 75 638 38 61 53 158 232 68 25 165
internal_value=-0.000903076 0.00735238 -0.0282231 0.0150436 0.0243074 0.0307316 -0.0678628 0.00121536 0.0530316 0.0278106 -0.00969512 0.0132182 -0.00759051 -0.0326503 -0.0555073 0.000891325 -0.0109065 0.0278395 0.0437919 -0.0165377 -0.0336977 0.0213989 0.00427062 -0.039162 -0.0543357 -0.00456045 -0.011559 0.00158355 -0.0409404 -0.0195597
internal_weight=865.742 770.72 137.005 633.715 379.487 319.183 95.0219 254.227 94.1696 41.0608 60.304 33.9244 187.871 47.5078 32.147 140.363 97.6238 42.7394 33.0996 9.87616 34.1481 225.014 78.2849 26.3795 22.4407 77.3571 69.51 52.3237 14.3774 28.7278
internal_count=5625 4278 1191 3087 1691 1408 1347 1396 429 184 283 150 1112 304 202 808 600 208 158 46 313 979 341 133 114 532 483 325 93 238
is_linear=0
shrinkage=0.1


Tree=17
num_leaves=31
num_cat=0
split_feature=25 24 23 26 19 2 6 1 2 1 2 28 11 3 3 1 2 2 2 1 4 2 2 28 10 2 2 2 3 1
split_gain=41.1893 17.3965 9.01826 7.0738 9.43472 6.02325 5.20883 6.05897 5.13886 6.74757 3.88043 3.79926 3.72948 5.24392 4.14286 3.4621 3.56206 9.28373 6.11251 3.27471 3.42594 3.96886 6.50398 3.4353 3.22129 3.7433 3.21261 6.70403 6.04118 3.61091
threshold=1.0000000180025095e-35 1.0000000180025095e-35 1.0000000180025095e-35 1.0000000180025095e-35 1.0000000180025095e-35 93.575000000000003 1.0000000180025095e-35 61.500000000000007 94.125000000000014 13.500000000000002 20.075000000000006 1.0000000180025095e-35 1.0000000180025095e-35 20.225000000000005 109.07500000000002 71.500000000000014 105.92500000000003 108.62500000000001 98.375000000000014 47.500000000000007 1.0000000180025095e-35 63.725000000000009 83.725000000000009 1.0000000180025095e-35 1.0000000180025095e-35 55.375000000000007 64.675000000000026 75.125000000000014 292.15000000000003 49.500000000000007
decision_type=2 2 2 2 2 2 2 2 2 2 2 2 2 2 2 2 2 2 2 2 2 2 2 2 2 2 2 2 2 2
left_child=1 3 11 -1 6 -2 7 8 12 -10 -8 -3 14 -14 -5 16 18 -18 -7 20 21 -6 -23 -24 25 -22 28 -28 -12 -29
right_child=5 2 -4 4 19 15 10 -9 9 -11 26 -13 13 -15 -16 -17 17 -19 -20 -21 24 22 23 -25 -26 -27 27 29 -30 -31
leaf_value=-0.0020430563842044475 -0.084900108734068447 -0.072606267648725464 -0.0056380394120013324 0.05825738679047382 0.087119830127476872 0.053250336519417366 0.11510214313496386 -0.075698588683256005 0.1218975936696414 0.041886323058057118 0.022312546684876731 -0.0044749366912589612 0.072710775022619578 -0.051640029882291764 0.024571029627899709 -0.086478789427669664 0.19890922185432602 -0.018644696553845735 -0.094164729928190583 -0.068430391360474976 -0.023257430651522863 -0.07684915493028055 0.089623963349237307 -0.0014435185715749761 -1.231444807862521e-05 -0.13375254759850655 0.097869546318706716 -0.022669460903755254 -0.094947836474122971 0.074561597096567428
leaf_weight=198.03885448724031 56.391970377415419 41.05576141923666 82.63344781845808 45.99779936671257 6.6696280539035824 4.0868559926748302 2.8036792501807204 5.0749698355793944 13.962025493383406 43.005538433790207 8.1656667813658732 10.22271231561899 4.6918337941169765 12.233742870390413 176.96571308374405 8.46338142454624 2.4924002885818473 9.2086379155516607 9.0225718244910222 9.1529315859079343 7.8685821592807788 7.6056270003318813 6.7794717401266107 10.648557960987091 16.981913834810257 5.0232811272144318 7.1831544339656821 27.357817560434345 9.5110773742198926 4.4392870515584937
leaf_count=1027 1034 542 536 214 35 32 18 28 73 183 38 113 19 79 804 108 17 80 76 54 43 45 32 46 76 32 36 121 62 22
internal_value=-0.000872803 0.00665166 -0.0260809 0.0136075 0.02078 -0.0649913 0.0273169 0.0326446 0.0344968 0.0614961 0.000263628 -0.0590238 0.0280852 -0.0171695 0.0315206 -0.0312502 -0.0124106 0.0276958 -0.0482082 -0.0126202 -0.00432444 0.0185723 0.000309413 0.0339816 -0.0286234 -0.0663116 -0.00541917 0.0106163 -0.0407801 -0.00909475
internal_weight=853.739 764.073 133.912 630.161 432.122 89.6658 361.392 301.932 296.857 56.9676 59.4607 51.2785 239.889 16.9256 222.964 33.2738 24.8105 11.701 13.1094 70.73 61.5771 31.7033 25.0337 17.428 29.8738 12.8919 56.657 38.9803 17.6767 31.7971
internal_count=5625 4278 1191 3087 2060 1347 1697 1400 1372 256 297 655 1116 98 1018 313 205 97 108 363 309 158 123 78 151 75 279 179 100 143
is_linear=0
shrinkage=0.1


Tree=18
num_leaves=31
num_cat=0
split_feature=25 24 21 13 11 1 1 2 2 21 3 2 4 2 9 1 9 2 5 3 3 28 1 3 2 3 3 3 1 28
split_gain=35.4753 14.3159 8.07314 6.41393 8.30028 7.22632 6.98157 5.75288 5.30644 5.02505 4.37034 4.37093 5.42231 4.5178 4.50852 4.40219 4.15368 4.06739 4.02006 3.75152 3.31924 3.21194 4.23893 3.15969 4.79654 3.15066 3.51899 3.09521 3.06946 2.98854
threshold=1.0000000180025095e-35 1.0000000180025095e-35 1.0000000180025095e-35 1.0000000180025095e-35 1.0000000180025095e-35 6.5000000000000009 42.500000000000007 93.575000000000003 79.425000000000026 1.0000000180025095e-35 592.90000000000009 58.925000000000004 1.0000000180025095e-35 94.475000000000009 1.0000000180025095e-35 21.500000000000004 1.0000000180025095e-35 75.125000000000014 1.0000000180025095e-35 82.050000000000026 7865.6500000000005 1.0000000180025095e-35 63.500000000000007 24.425000000000001 19.875000000000004 2622.7000000000003 2225.8000000000006 5083.1750000000011 66.500000000000014 1.0000000180025095e-35
decision_type=2 2 2 2 2 2 2 2 2 2 2 2 2 2 2 2 2 2 2 2 2 2 2 2 2 2 2 2 2 2
left_child=1 3 27 4 5 17 10 21 9 29 18 15 14 -14 -13 -12 25 19 -5 -1 -9 -2 -23 -6 -25 26 -10 -3 -29 -7
right_child=7 2 -4 6 23 8 -8 20 16 -11 11 12 13 -15 -16 -17 -18 -19 -20 -21 -22 22 -24 24 -26 -27 -28 28 -30 -31
leaf_value=0.045043316041324416 -0.089302966878127554 -0.060861300192459424 -0.002986443721937205 -0.0054338081994834862 0.010996378031966285 -0.033283037705629757 -0.059069241556625109 -0.016034898420900764 -0.0016128821430607789 0.03922160175163427 -0.0018601653890930191 -0.0063585006342719384 -0.059844010512026993 0.049191274478985116 0.07898896437251518 0.13906216993549503 0.032430633475168197 0.059192283433476434 -0.087477125013498136 0.0089025690517499229 -0.107277273883462 -0.10579968905969393 0.11659402213551223 0.013026385768803706 -0.057661165372313673 -0.048911886422142677 0.085052894664106204 -0.047994365916214296 0.10850869871273748 0.0041277342676225345
leaf_weight=57.173163190484047 48.859902273863554 49.809290543198586 76.285632357001305 23.392069324851036 27.65952280163765 46.851422414183617 22.767502509057522 27.786525145173073 29.875732496380806 20.169308818876743 3.6776472926139814 11.729486472904682 14.627207048237326 5.1338196098804465 13.104496620595455 5.5801772698760033 122.96680495887995 58.983572870492935 8.0199806839227694 57.716978296637535 4.6549132615327826 1.6357882879674428 1.8003292866051195 14.888373561203478 27.021845579147339 11.178954437375067 5.5565218031406394 2.8402820080518714 2.2427219450473785 39.235697373747826
leaf_count=256 966 613 532 107 123 262 134 238 127 113 21 60 81 23 68 38 542 280 40 244 75 32 36 107 197 55 24 24 22 185
internal_value=-0.000842806 0.00601293 -0.0240303 0.0122953 0.0169074 0.0218801 -0.00987356 -0.0622088 0.0118157 -0.0057063 0.00326271 0.0205536 0.00757298 -0.0315172 0.038678 0.0830811 0.0227949 0.0378463 -0.0263807 0.0268874 -0.029127 -0.0827308 0.0107219 -0.0152367 -0.0325498 -0.00262537 0.0119781 -0.0532756 0.0210579 -0.0162324
internal_weight=843.226 758.488 131.178 627.31 519.278 449.708 108.032 84.7375 275.834 106.256 85.2649 53.8528 44.595 19.761 24.834 9.25782 169.578 173.874 31.4121 114.89 32.4414 52.296 3.43612 69.5697 41.9102 46.6112 35.4323 54.8923 5.083 86.0871
internal_count=5625 4278 1191 3087 2515 2088 572 1347 1308 560 438 291 232 104 128 59 748 780 147 500 313 1034 68 427 304 206 151 659 46 447
is_linear=0
shrinkage=0.1


Tree=19
num_leaves=31
num_cat=0
split_feature=25 24 23 0 2 1 2 1 13 4 3 28 2 2 7 26 28 4 19 3 28 23 26 9 15 27 1 19 4 28
split_gain=30.4513 11.7746 7.35972 5.90543 6.02053 7.438 5.51994 4.98647 4.8709 5.58484 7.66782 4.43851 4.06654 4.07138 3.64513 4.79837 3.51838 3.17123 3.22793 3.104 3.00704 3.74661 2.83139 3.7966 3.77751 4.34046 2.75174 2.73338 3.94221 4.02098
threshold=1.0000000180025095e-35 1.0000000180025095e-35 1.0000000180025095e-35 1.0000000180025095e-35 29.925000000000001 10.500000000000002 93.575000000000003 3.5000000000000004 1.0000000180025095e-35 1.0000000180025095e-35 357.72500000000008 1.0000000180025095e-35 74.725000000000009 43.45000000000001 1.0000000180025095e-35 1.0000000180025095e-35 1.0000000180025095e-35 1.0000000180025095e-35 1.0000000180025095e-35 7865.6500000000005 1.0000000180025095e-35 1.0000000180025095e-35 1.0000000180025095e-35 1.0000000180025095e-35 1.0000000180025095e-35 1.0000000180025095e-35 17.500000000000004 1.0000000180025095e-35 1.0000000180025095e-35 1.0000000180025095e-35
decision_type=2 2 2 2 2 2 2 2 2 2 2 2 2 2 2 2 2 2 2 2 2 2 2 2 2 2 2 2 2 2
left_child=1 3 16 4 26 8 20 12 14 10 -10 -7 13 -5 15 -6 -3 -18 -19 22 -2 -22 -8 -24 -25 -26 -1 -16 29 -29
right_child=6 2 -4 7 5 11 19 -9 9 -11 -12 -13 -14 -15 27 -17 17 18 -20 -21 21 -23 23 24 25 -27 -28 28 -30 -31
leaf_value=-0.011558479400643664 -0.087452772219340488 -0.067745464964372129 -0.0039632410692804513 0.12475044257023615 0.0042833953130649713 -0.01772867058198643 -0.064824411881054547 0.020373739679355324 -0.022682148922327387 -0.060234824171636149 0.1204095030605032 0.011951502886052602 0.12974074304800157 0.013866885107251099 0.032487089631574005 0.13297510048337316 -0.079744526056538909 0.087824907978282143 -0.062800318508436884 -0.1065389823638881 -0.10578134074549457 0.1026656363279097 -0.073254343794036447 0.11584184990491769 0.044496750763955956 -0.089201871621497952 -0.0650699896495298 0.099628272023207953 -0.05067287263830289 -0.020337659059631422
leaf_weight=71.331486068665981 45.098544776439667 37.126260720193386 81.710416629910469 4.4671894460916581 4.6895745694637281 98.895613484084606 7.9701503813266816 116.71735966205597 10.914764091372492 13.467952102422716 5.7009626328945151 102.7181917950511 7.7519664764404288 12.798283234238623 134.15964183211327 7.5808855146169662 3.3542971909046155 4.4636277630925179 2.0884184464812279 4.2396354563534251 1.5664186626672736 1.9182094894349575 4.6212809309363374 3.8466246128082267 7.4219692721962929 3.6088707447052002 11.105942785739897 5.1875147670507431 10.276572197675705 6.0551963448524475
leaf_count=402 966 542 536 20 20 565 73 523 49 63 29 484 39 59 611 33 43 45 25 75 31 37 40 31 63 31 89 26 47 28
internal_value=-0.000814592 0.00543113 -0.0221029 0.0111136 0.00583795 0.0109135 -0.0593548 0.0290576 0.0246786 -0.0123775 0.0264135 -0.00260722 0.0695716 0.0425564 0.0313162 0.0837912 -0.0536172 -0.00066851 0.0398142 -0.0268994 -0.0805373 0.00896404 -0.0146076 0.00591867 0.0305116 0.000755653 -0.0187675 0.0271802 -0.00590488 0.035016
internal_weight=832.854 752.562 128.743 623.819 482.084 399.647 80.2917 141.735 198.033 30.0837 16.6157 201.614 25.0174 17.2655 167.949 12.2705 47.0326 9.90634 6.55205 31.7085 48.5832 3.48463 27.4689 19.4987 14.8775 11.0308 82.4374 155.679 21.5193 11.2427
internal_count=5625 4278 1191 3087 2446 1955 1347 641 906 141 78 1049 118 79 765 53 655 113 70 313 1034 68 238 165 125 94 491 712 101 54
is_linear=0
shrinkage=0.1


Tree=20
num_leaves=31
num_cat=0
split_feature=25 24 21 2 2 3 1 3 3 3 29 21 1 2 2 2 3 3 3 3 28 1 1 2 3 2 2 3 1 23
split_gain=26.1604 9.69543 6.49505 5.23165 4.88037 5.67196 4.45212 4.428 7.35557 3.48103 3.88215 5.23327 2.93319 3.01585 6.16665 5.47815 2.92479 4.32423 3.64237 3.90653 2.81435 3.13809 2.79826 3.19633 2.67658 6.71119 4.42665 2.64229 2.63424 2.62196
threshold=1.0000000180025095e-35 1.0000000180025095e-35 1.0000000180025095e-35 93.575000000000003 70.725000000000009 1183.1250000000002 1.5000000000000002 1034.7250000000001 878.57500000000016 3032.9750000000004 1.0000000180025095e-35 1.0000000180025095e-35 71.500000000000014 105.92500000000003 108.62500000000001 98.375000000000014 292.15000000000003 255.55000000000004 655.40000000000009 540.50000000000011 1.0000000180025095e-35 63.500000000000007 63.500000000000007 108.17500000000003 70.02500000000002 50.32500000000001 46.150000000000013 5083.1750000000011 69.500000000000014 1.0000000180025095e-35
decision_type=2 2 2 2 2 2 2 2 2 2 2 2 2 2 2 2 2 2 2 2 2 2 2 2 2 2 2 2 2 2
left_child=1 4 27 20 6 7 24 8 -6 10 16 -12 13 15 -15 -5 17 -8 19 -18 -2 -22 -4 28 25 26 -1 -3 -24 -20
right_child=3 2 22 12 5 -7 9 -9 -10 -11 11 -13 -14 14 -16 -17 18 -19 29 -21 21 -23 23 -25 -26 -27 -28 -29 -30 -31
leaf_value=0.019604292549805457 -0.085556780199238708 -0.055575190359282628 0.0081253168310958107 0.051400039293810665 0.034877344702068318 0.0069322926494203053 0.013801424922055862 0.088091184951460719 -0.046147975199942709 -0.10213357900489327 -0.034464323765332892 0.067744760250528085 -0.080991395870513697 0.15738238333603105 -0.012852120729862609 -0.089983451855565846 -0.014535834609903707 0.11599134966027136 -0.0057460186913494667 -0.0977769672091129 -0.10510379847387684 0.08655533375861918 -0.026026210142699863 0.043324090263908273 -0.053617540593420915 0.086926752786577854 -0.071977321323707238 0.020261234002016116 -0.12128706405693256 0.044185164598188581
leaf_weight=51.324167758226395 41.665669731795788 45.752452619373798 59.854604117572308 4.1230385079979959 121.46000957489014 198.15676210075617 45.011715352535248 13.209642857313154 12.342584073543547 3.82870128750801 59.458633311092854 5.4703818410634986 7.1841852292418471 2.8122628331184378 8.7444803565740568 8.1731723546981794 22.910600110888485 4.5604203268885604 36.3813766092062 7.4780967608094207 1.4540944173932069 2.0710544995963573 7.3087830618023855 3.6106872260570517 4.5514191240072241 14.230962753295897 5.8828224539756766 5.107201635837554 4.8154238164424896 14.792993634939192
leaf_count=223 966 613 416 32 567 909 219 61 55 26 369 30 108 17 80 76 128 21 236 43 32 36 56 24 23 69 24 46 36 84
internal_value=-0.000781344 0.00490957 -0.0203301 -0.0565871 0.0100485 0.0179737 0.000132942 0.0328562 0.0274032 -0.00769954 -0.00585545 -0.025853 -0.0249755 -0.00810425 0.0285734 -0.0425762 0.00404596 0.0232025 -0.00759691 -0.0350199 -0.078298 0.00749755 -0.00173968 -0.0392655 0.0207366 0.0254738 0.0101866 -0.0479599 -0.0638614 0.00868761
internal_weight=823.728 747.5 126.449 76.228 621.051 345.169 275.882 147.012 133.803 199.893 196.064 64.929 31.0371 23.853 11.5567 12.2962 131.135 49.5721 81.5631 30.3887 45.1908 3.52515 75.5895 15.7349 75.9894 71.438 57.207 50.8597 12.1242 51.1744
internal_count=5625 4278 1191 1347 3087 1592 1495 683 622 1156 1130 399 313 205 97 108 731 240 491 171 1034 68 532 116 339 316 247 659 92 320
is_linear=0
shrinkage=0.1


Tree=21
num_leaves=31
num_cat=0
split_feature=25 28 1 23 2 3 2 24 1 2 0 1 3 3 2 19 1 2 2 27 23 2 3 0 17 5 3 4 2 23
split_gain=22.4536 8.0148 7.76839 11.3951 6.78581 5.51253 4.9148 4.0775 4.40546 4.03076 3.57901 2.89561 7.75212 4.86624 4.38911 3.3055 3.78606 3.39372 2.83223 3.94993 3.22053 2.86811 2.81173 2.80821 5.71191 3.09396 2.79421 5.73221 3.99013 3.1859
threshold=1.0000000180025095e-35 1.0000000180025095e-35 12.500000000000002 1.0000000180025095e-35 79.225000000000009 1107.6250000000002 93.575000000000003 1.0000000180025095e-35 14.500000000000002 75.575000000000003 1.0000000180025095e-35 22.500000000000004 2110.7250000000008 3083.5000000000005 95.375000000000014 1.0000000180025095e-35 34.500000000000007 55.725000000000009 70.725000000000009 1.0000000180025095e-35 1.0000000180025095e-35 58.925000000000004 7865.6500000000005 1.0000000180025095e-35 1.0000000180025095e-35 1.0000000180025095e-35 4039.4000000000005 1.0000000180025095e-35 105.02500000000002 1.0000000180025095e-35
decision_type=2 2 2 2 2 2 2 2 2 2 2 2 2 2 2 2 2 2 2 2 2 2 2 2 2 2 2 2 2 2
left_child=1 2 4 7 9 -5 -2 8 -4 18 -6 -3 -13 14 15 16 -14 -18 20 -20 -1 -22 -8 -7 25 -25 -15 28 29 -28
right_child=6 11 3 5 10 23 22 -9 -10 -11 -12 12 13 26 -16 -17 17 -19 19 -21 21 -23 -24 24 -26 -27 27 -29 -30 -31
leaf_value=0.0047300533976471649 -0.076013723283859677 0.02250193132849173 -0.1166773608627685 0.1249950643236101 0.038497186966796562 -0.0083729731049659185 -0.011965369659072545 -0.072934167200508507 -0.02291145795209799 -0.094694425740741328 0.13135382045315122 -0.05295109587429965 0.016795365549034946 -0.028583830033700131 0.11324849525567236 -0.045378378717993412 0.025555886018374004 0.16412586108136307 0.089662444010068204 -0.020847459462019449 -0.0014076445488202594 -0.10232467684789288 -0.10557397301868664 0.015826694803827281 -0.012520633526550607 0.12772197528713267 0.020849463495889019 0.04406859968593637 0.032019920379487497 -0.078428545670783223
leaf_weight=120.05170275643468 42.090593464672565 217.71477603167295 5.3718346655368796 3.7090428695082656 22.621438473463062 77.513368755578995 26.695019878447059 29.100915990769863 74.540427982807159 4.2198761999607077 5.0836516916751853 20.393213979899883 17.271593466401107 24.069275096058846 7.3032601773738852 5.2379202395677558 3.1534695327281943 4.0210881978273392 8.5114769935607892 5.2166862785816184 5.7093618214130384 5.5575827360153198 3.6471970230340949 3.9494074434041977 13.40524584800005 6.6017460972070694 4.4452142417430922 27.533664107322693 8.8666204363107664 11.847448654472828
leaf_count=664 1034 1029 34 22 106 469 238 469 462 19 24 143 73 124 32 35 21 21 39 23 27 31 75 19 74 34 26 148 47 63
internal_value=-0.000750492 0.00443047 -0.00541984 -0.0182295 0.0100839 0.00525245 -0.0538972 -0.0408854 -0.0292146 0.00164767 0.0555356 0.0153812 0.00382412 0.0140029 0.0437996 0.0267129 0.0421595 0.10322 0.00445057 0.0476688 -6.74972e-05 -0.0511864 -0.0232173 0.000875478 0.0307998 0.0858384 -0.00035449 0.0125402 -0.0219636 -0.051342
internal_weight=815.454 743.021 391.164 214.192 176.972 105.179 72.4328 109.013 79.9123 149.267 27.7051 351.858 134.143 113.75 36.9873 29.6841 24.4462 7.17456 145.047 13.7282 131.319 11.2669 30.3422 101.47 23.9564 10.5512 76.7622 52.6929 25.1593 16.2927
internal_count=5625 4278 2516 1583 933 618 1347 965 496 803 130 1762 733 590 182 150 115 42 784 62 722 58 313 596 127 53 408 284 136 89
is_linear=0
shrinkage=0.1


Tree=22
num_leaves=31
num_cat=0
split_feature=25 11 13 19 1 3 2 1 23 3 3 2 26 2 1 1 3 3 1 2 2 3 2 2 23 6 3 5 3 4
split_gain=19.1461 7.25092 10.431 6.96348 6.24238 4.75116 5.10868 3.96708 3.77152 4.60991 4.09179 4.51039 4.67655 4.65117 5.80689 3.69162 4.10429 3.44122 4.43706 3.57451 4.88711 4.86913 3.89476 3.54833 3.37044 3.33292 3.25963 3.14859 3.71078 2.862
threshold=1.0000000180025095e-35 1.0000000180025095e-35 1.0000000180025095e-35 1.0000000180025095e-35 17.500000000000004 2457.4250000000006 58.300000000000004 68.500000000000014 1.0000000180025095e-35 201.05000000000004 333.62500000000006 70.225000000000009 1.0000000180025095e-35 45.725000000000009 18.500000000000004 54.500000000000007 6195.6500000000005 4446.4250000000011 71.500000000000014 105.92500000000003 108.62500000000001 5525.8000000000002 95.175000000000026 79.825000000000003 1.0000000180025095e-35 1.0000000180025095e-35 292.15000000000003 1.0000000180025095e-35 6648.8000000000011 1.0000000180025095e-35
decision_type=2 2 2 2 2 2 2 2 2 2 2 2 2 2 2 2 2 2 2 2 2 2 2 2 2 2 2 2 2 2
left_child=1 2 3 7 -3 -2 25 8 10 -10 -1 12 -12 14 -14 29 -17 -8 19 21 -21 22 23 24 -19 -7 -11 -18 -29 -4
right_child=5 4 15 -5 -6 6 17 -9 9 26 11 -13 13 -15 -16 16 27 18 -20 20 -22 -23 -24 -25 -26 -27 -28 28 -30 -31
leaf_value=0.027129306070155776 -0.090114907665659119 -0.0088436520261906282 0.0055939217931222189 -0.0093195799773308739 -0.073650894576183221 0.22632430237921342 -0.10786703286176401 -0.076986518342510371 0.081445423323236163 -0.056139232434436984 -0.076719039717379464 0.013015896498968402 0.14776724619873846 -0.036503724419033691 -0.020193283451545585 -0.081382853484491868 -0.091003390579474763 0.22930732932706954 -0.086737581502805416 0.14752269148255126 -0.0043313536695407445 -0.071551031635132128 0.19473463093077548 -0.10737802433469866 -0.024397433505456135 -0.013908245165371445 0.029838684393239907 0.1118170579667708 -0.024550394523048909 -0.024402287532775294
leaf_weight=109.31300667673349 21.476826284080744 65.795474253594875 70.490170937031507 97.58313450217247 19.200078327208757 1.2078474685549727 6.5541856773197642 4.1334132403135291 17.516727387905121 4.5477227717638007 13.186364479362963 83.875164803117514 3.8463961035013217 14.146762121468781 4.4280822202563286 15.843323305249216 2.9742293059825871 0.89979998022318564 10.034995846450327 2.8685701340436927 8.1141908392310125 12.399606235325335 1.2827380299568174 1.8431553170084951 1.2525560110807419 1.1066287606954575 145.13935101777315 3.2762480303645134 5.1043797209858894 57.963495101779699
leaf_count=499 574 452 420 573 275 29 140 29 91 21 94 382 21 86 30 157 21 24 202 16 77 171 11 41 33 29 699 19 36 373
internal_value=-0.000716829 0.003992 0.00756622 0.0146322 -0.0234833 -0.0510757 -0.0334482 0.0204734 0.0214907 0.0329067 0.013148 0.000356617 -0.0294628 -0.00167054 0.0578833 -0.015028 -0.0484964 -0.0408601 -0.0295106 -0.00947363 0.0353312 -0.0373096 0.04313 -0.00554192 0.0816647 0.111461 0.0272265 -0.00261025 0.0287599 -0.00794158
internal_weight=807.405 738.364 653.368 497.716 84.9956 69.0411 47.5643 400.133 396 167.204 228.796 119.483 35.6076 22.4212 8.27448 155.652 27.1982 45.2498 38.6956 28.6606 10.9828 17.6779 5.27825 3.99551 2.15236 2.31448 149.687 11.3549 8.38063 128.454
internal_count=5625 4278 3551 2525 727 1347 773 1952 1923 811 1112 613 231 137 51 1026 233 715 575 373 93 280 109 98 57 58 720 76 55 793
is_linear=0
shrinkage=0.1


Tree=23
num_leaves=31
num_cat=0
split_feature=25 26 19 1 3 2 3 2 2 3 1 27 4 17 1 2 3 3 1 7 6 2 2 2 2 2 3 1 5 2
split_gain=16.435 6.29327 5.85166 5.7492 4.52155 3.95436 3.59714 6.92296 4.29109 3.25729 4.00972 3.13823 5.52548 4.1794 3.63974 3.44907 6.20322 4.97882 4.23426 3.45733 5.4504 3.89286 3.6589 4.58498 4.06685 3.63582 3.54075 11.5225 4.61004 5.0033
threshold=1.0000000180025095e-35 1.0000000180025095e-35 1.0000000180025095e-35 69.500000000000014 2457.4250000000006 58.300000000000004 246.85000000000002 23.975000000000005 75.575000000000003 4446.4250000000011 71.500000000000014 1.0000000180025095e-35 1.0000000180025095e-35 1.0000000180025095e-35 63.500000000000007 94.125000000000014 1266.2250000000001 4490.1000000000013 52.500000000000007 1.0000000180025095e-35 1.0000000180025095e-35 64.225000000000009 87.075000000000003 85.02500000000002 85.52500000000002 19.825000000000006 2807.3750000000005 23.500000000000004 1.0000000180025095e-35 89.475000000000009
decision_type=2 2 2 2 2 2 2 2 2 2 2 2 2 2 2 2 2 2 2 2 2 2 2 2 2 2 2 2 2 2
left_child=1 6 3 11 -2 -6 8 -8 -1 -7 -11 14 13 -13 15 17 -17 19 -18 20 -3 25 23 -23 -25 -21 27 28 29 -24
right_child=4 2 -4 -5 5 9 7 -9 -10 10 -12 12 -14 -15 -16 16 18 -19 -20 21 -22 22 26 24 -26 -27 -28 -29 -30 -31
leaf_value=-0.00035043522435387317 -0.088549197913527417 0.068355469117763815 -0.011328986198004789 -0.099101979381115049 0.089091396585618557 -0.10712558086806023 -0.087771635097270054 -0.012499076425194927 0.0811687175571362 -0.008937283475692278 -0.084612605194725743 0.056332003854188989 -0.039585208538066519 -0.020520780423090496 -0.058162866758777104 0.10667822117134294 0.013543653333749829 -0.090662879677974886 0.078973930519324331 0.056775092044249034 -0.049679395866484517 0.023543115942680059 -0.083907572329723679 0.15622620163139603 0.042713226370519539 -0.015801125098643891 -0.067573725307445542 0.14146697994751614 -0.095834060428270335 0.048825053916931233
leaf_weight=85.457854919135571 19.75941789150238 25.446870949119333 101.54371262341738 4.3209637366235247 2.5724198892712584 5.9694261476397505 13.438666738569735 134.57408584281802 6.9850519746541968 28.364461127668619 9.296577896922825 16.986575894057751 25.279725298285484 12.128480248153211 5.7762370966374865 12.118961378931997 44.881409913301468 4.2578755766153327 12.686199396848677 7.8775122612714759 4.6227630525827399 113.63357586041093 4.0867136567831102 5.0473727956414214 8.4237324893474561 55.776152592152357 7.5408504903316489 5.2997660040855399 6.2226939201354972 9.3083112835884076
leaf_count=462 574 127 639 33 58 140 194 889 35 373 202 94 148 68 44 72 203 27 64 61 26 538 19 24 40 341 36 22 28 44
internal_value=-0.000701098 0.00359732 0.0100635 0.015609 -0.0485139 -0.0313921 -0.00966733 -0.0193334 0.00580921 -0.0384957 -0.0276176 0.0168884 -0.00538105 0.0243174 0.020526 0.021915 0.0416517 0.0165746 0.0279626 0.0183773 0.0502093 0.0140892 0.0224302 0.0300825 0.0852444 -0.00681939 -0.00753566 0.0106338 -0.024711 0.0083294
internal_weight=799.684 733.722 493.266 391.723 65.9623 46.2029 240.456 148.013 92.4429 43.6305 37.661 387.402 54.3948 29.1151 333.007 327.231 69.6866 257.544 57.5676 253.286 30.0696 223.217 159.563 127.105 13.4711 63.6537 32.4583 24.9175 19.6177 13.395
internal_count=5625 4278 2698 2059 1347 773 1580 1083 497 715 575 2026 310 162 1716 1672 339 1333 267 1306 153 1153 751 602 64 402 149 113 91 63
is_linear=0
shrinkage=0.1


Tree=24
num_leaves=31
num_cat=0
split_feature=25 13 11 1 1 19 3 1 2 2 3 27 3 27 17 3 5 7 6 2 3 2 3 15 2 1 1 6 3 2
split_gain=13.9842 5.48573 7.74155 5.49222 5.11563 4.76531 4.32586 3.28758 5.19956 3.20634 2.94986 3.20058 2.83788 3.56375 6.57968 4.84926 4.0346 3.3005 4.09579 3.47049 3.64399 6.84567 3.20189 3.19598 2.9078 2.82446 6.84612 3.1583 2.974 2.84643
threshold=1.0000000180025095e-35 1.0000000180025095e-35 1.0000000180025095e-35 69.500000000000014 17.500000000000004 1.0000000180025095e-35 2457.4250000000006 40.500000000000007 58.925000000000004 54.475000000000009 3334.9250000000006 1.0000000180025095e-35 6039.2250000000013 1.0000000180025095e-35 1.0000000180025095e-35 3383.1500000000005 1.0000000180025095e-35 1.0000000180025095e-35 1.0000000180025095e-35 74.325000000000003 70.02500000000002 50.32500000000001 210.70000000000002 1.0000000180025095e-35 87.725000000000009 42.500000000000007 29.500000000000004 1.0000000180025095e-35 1253.3250000000003 64.675000000000026
decision_type=2 2 2 2 2 2 2 2 2 2 2 2 2 2 2 2 2 2 2 2 2 2 2 2 2 2 2 2 2 2
left_child=1 2 3 5 -4 12 -2 -3 -9 -8 11 -10 13 17 15 -15 24 18 -1 20 21 -19 23 -21 -16 26 27 28 -22 -29
right_child=6 7 4 -5 -6 -7 9 8 10 -11 -12 -13 -14 14 16 -17 -18 19 -20 22 25 -23 -24 -25 -26 -27 -28 29 -30 -31
leaf_value=0.063368475573543359 -0.086928397175198902 -0.0023663506292713296 -0.007761258289334225 -0.098209770928906814 -0.068817537888520769 -0.0065833144637971429 0.094951958495136143 -0.10738544100040529 -0.028986479608397477 -0.034889137906047217 -0.028224897131892968 0.140514842442126 0.072753730455293861 0.0053608631524920064 -0.058780977696571229 0.12197595985453008 -0.10236883707531981 -0.0075209538035070096 -0.032044340687541251 0.078079399802364641 -0.014703565371628756 0.099976149200551506 0.020282169242113547 -0.010262493970734825 0.048609347542579173 -0.091639891625972969 0.11897496588077364 -0.0038314460978432652 -0.098092405648183612 0.097077742418338095
leaf_weight=30.719098627567291 18.195706509053707 96.976487405598164 65.280141040682793 4.442829091101884 17.375135604292154 95.311058703809977 1.9898502565920342 8.0027040503919107 2.1924877874553195 43.025590978562832 44.140177078545094 2.2646586708724499 9.356099568307398 28.017648808658123 5.6217136010527611 4.0858910307288161 9.0450384691357613 14.735593825578691 5.271084062755107 19.050645075738434 51.71929507702589 9.9069720357656461 171.62791807949543 5.216505452990531 4.5718377977609634 3.8815773129463187 4.255383573472499 7.198248550295828 4.662415172904729 4.5701481476426125
leaf_count=152 574 576 452 34 275 562 40 79 23 733 327 21 49 139 32 21 53 60 26 111 246 53 790 27 22 28 29 42 27 22
internal_value=-0.000660862 0.00324886 0.00772687 0.0124729 -0.020596 0.0134788 -0.0457816 -0.013544 -0.0326954 -0.0291497 -0.0203959 0.0571365 0.018338 0.0170127 -0.00750975 0.0202027 -0.0537537 0.0207957 0.0493944 0.0173281 0.00226382 0.0356958 0.0250895 0.0590893 -0.0106161 -0.00853551 -0.00408037 -0.0117641 -0.0215993 0.0353557
internal_weight=792.71 729.499 575.922 493.267 82.6553 488.824 63.2111 153.577 56.6 45.0154 48.5973 4.45715 393.513 384.157 51.3421 32.1035 19.2386 332.815 35.9902 296.825 100.93 24.6426 195.895 24.2672 10.1936 76.2871 72.4055 68.1501 56.3817 11.7684
internal_count=5625 4278 3252 2525 727 2491 1347 1026 450 773 371 44 1929 1880 267 160 107 1613 178 1435 507 113 928 138 54 394 366 337 273 64
is_linear=0
shrinkage=0.1


Tree=25
num_leaves=31
num_cat=0
split_feature=25 26 2 1 2 4 3 3 13 2 27 23 4 28 8 3 1 15 2 15 1 2 2 19 0 2 3 3 2 13
split_gain=11.8301 4.71528 4.3377 4.32676 4.55732 5.95761 3.23965 4.24397 3.14553 3.66754 3.97652 3.29353 3.71137 2.86727 5.16355 2.74312 7.58077 7.8962 2.90069 4.76929 3.09959 3.00435 5.5838 3.33178 2.85163 2.8277 4.25071 2.68834 5.87866 4.22319
threshold=1.0000000180025095e-35 1.0000000180025095e-35 93.575000000000003 40.500000000000007 94.125000000000014 1.0000000180025095e-35 6648.8000000000011 6195.6500000000005 1.0000000180025095e-35 89.975000000000009 1.0000000180025095e-35 1.0000000180025095e-35 1.0000000180025095e-35 1.0000000180025095e-35 1.0000000180025095e-35 3780.3000000000006 37.500000000000007 1.0000000180025095e-35 95.725000000000009 1.0000000180025095e-35 3.5000000000000004 21.275000000000002 19.775000000000002 1.0000000180025095e-35 1.0000000180025095e-35 74.725000000000009 70.02500000000002 246.85000000000002 51.125000000000007 1.0000000180025095e-35
decision_type=2 2 2 2 2 2 2 2 2 2 2 2 2 2 2 2 2 2 2 2 2 2 2 2 2 2 2 2 2 2
left_child=1 27 13 15 8 6 7 -6 9 10 11 12 -5 -2 -15 16 18 -18 20 -20 24 22 -22 -23 -3 26 -26 29 -29 -1
right_child=2 3 -4 4 5 -7 -8 -9 -10 -11 -12 -13 -14 14 -16 -17 17 -19 19 -21 21 23 -24 -25 25 -27 -28 28 -30 -31
leaf_value=0.010773528932770017 -0.076807010509566065 0.016247582774026593 -0.013764974972737019 0.04267648269450941 -0.0231120644070438 0.040444136112401489 -0.075228048854927398 0.075277797629305337 -0.067483657555222121 -0.094431746832994656 -0.075315529251491695 0.069656396472858539 -0.066366170169118138 -0.058647210640541562 0.22693240429397862 -0.063986025932646726 0.016644478269369368 0.21178477771800153 0.067473813088416643 0.0011311011505981271 0.053074106694466064 0.011104529241556594 -0.10131205649239437 -0.021770610813143999 0.11829955000568965 0.11547585972705501 -0.014425767107151774 -0.053149370693058355 -0.0058823040289025822 -0.071600759681774026
leaf_weight=85.072016425430775 30.062296373769641 77.764988519251347 27.645179312676191 6.2840970605611872 21.5941511169076 30.914631478488445 8.0962211638689023 5.5007659420371047 16.489602167159319 4.7331332936882964 5.3939295448362818 8.3460232689976692 6.2018281333148479 2.1674946509301658 0.89438466355204571 4.4879193529486647 4.3786823451518995 3.9389461539685726 23.357340335845947 20.213388130068779 3.5276011973619443 175.65075520426035 6.9743341393768787 37.389792930334806 3.6512313336133975 6.1741320416331282 7.1151531487703323 34.515734743326902 110.7109805829823 6.7151025384664527
leaf_count=468 966 375 313 49 111 168 56 28 159 30 43 53 52 54 14 21 30 24 119 99 36 847 71 237 20 36 34 394 689 29
internal_value=-0.000628226 0.00292325 -0.0430099 0.00854181 -0.00855788 0.00841459 -0.0197227 -0.00313711 -0.0322041 -0.0134132 0.00120869 0.0210228 -0.0114856 -0.0674175 0.0247715 0.013725 0.0146672 0.109056 0.0124974 0.036696 0.00918439 0.00276082 -0.0494537 0.00533476 0.0243466 0.0615247 0.0305857 -0.00864931 -0.0171162 0.00474706
internal_weight=785.962 725.192 60.7694 488.179 113.554 66.1058 35.1911 27.0949 47.4486 30.959 26.2259 20.8319 12.4859 33.1242 3.06188 374.624 370.136 8.31763 361.819 43.5707 318.248 223.542 10.5019 213.041 94.7055 16.9405 10.7664 237.014 145.227 91.7871
internal_count=5625 4278 1347 2698 749 363 195 139 386 227 197 154 101 1034 68 1949 1928 54 1874 218 1656 1191 107 1084 465 90 54 1580 1083 497
is_linear=0
shrinkage=0.1


Tree=26
num_leaves=31
num_cat=0
split_feature=25 2 13 11 1 1 3 19 26 1 3 2 3 2 2 23 2 15 27 3 1 27 17 0 2 7 4 2 2 26
split_gain=10.017 4.01451 4.01019 5.76452 4.53609 4.10635 3.50623 3.47701 2.92561 2.76834 3.40288 2.60602 3.29291 3.08399 3.12034 2.66973 3.06976 2.56366 2.92745 2.47859 2.80403 2.42043 3.14174 3.89508 2.67408 2.67112 3.34827 4.83251 2.97208 3.0612
threshold=1.0000000180025095e-35 103.27500000000002 1.0000000180025095e-35 1.0000000180025095e-35 69.500000000000014 17.500000000000004 7865.6500000000005 1.0000000180025095e-35 1.0000000180025095e-35 54.500000000000007 6195.6500000000005 51.125000000000007 357.72500000000008 63.725000000000009 70.075000000000003 1.0000000180025095e-35 54.925000000000004 1.0000000180025095e-35 1.0000000180025095e-35 4965.0500000000011 53.500000000000007 1.0000000180025095e-35 1.0000000180025095e-35 1.0000000180025095e-35 33.95000000000001 1.0000000180025095e-35 1.0000000180025095e-35 34.82500000000001 44.925000000000004 1.0000000180025095e-35
decision_type=2 2 2 2 2 2 2 2 2 2 2 2 2 2 2 2 2 2 2 2 2 2 2 2 2 2 2 2 2 2
left_child=2 -2 3 4 7 -5 8 19 -3 -4 -11 12 -9 15 -15 16 -13 -10 -19 20 21 25 24 -24 -23 26 -1 -28 29 -27
right_child=1 6 9 5 -6 -7 -8 11 17 10 -12 13 -14 14 -16 -17 -18 18 -20 -21 -22 22 23 -25 -26 28 27 -29 -30 -31
leaf_value=0.015020890515137912 -0.058216072066421369 -0.060216668549556922 -0.0058070267668403151 -0.0071648567148528564 -0.094199323110598865 -0.063996962577983804 -0.1043481385317524 -0.0070331058300347402 0.12369381188586495 -0.074775669976982012 -0.00071919257788102689 -0.0088711278751937867 -0.1033462496367506 -0.074503241970279868 0.00024431755807527065 -0.028347955798237984 0.12444346597349812 0.050322403076136751 -0.076609376430162079 0.046150244182118584 -0.052122983965870652 -0.092723033856186521 -0.073223089953598039 0.041342435309670432 0.020029465309030586 -0.090611493050695893 0.031864237495175134 0.14404687609588537 0.016674123602462742 0.016456036141035291
leaf_weight=18.229366436600685 40.003525463864207 3.759207747876645 126.23864794522524 64.837622832506895 4.0999242067337027 15.814587727189062 2.8265369310975066 9.2534192502498609 2.8498049899935713 14.073846556246282 11.096974246203898 2.5501880869269353 5.7592108100652686 6.1320575550198546 62.579446140676737 3.078879252076149 5.3523179478943348 6.5125449001789093 2.5200653597712517 24.859288156032562 6.393841851502656 2.2700074762105968 11.430576007813213 4.0082514286041251 28.65914598479867 5.3444426134228689 9.3704036697745305 6.5060238912701598 268.35105181485415 5.3371593728661537
leaf_count=86 1127 40 793 452 34 275 75 40 23 157 76 25 49 47 342 21 38 58 24 127 44 15 68 18 138 27 46 35 1301 24
internal_value=-0.00060381 -0.0404125 0.0026218 0.00646314 0.0105441 -0.0183087 -0.00184866 0.0114287 0.0166736 -0.0118449 -0.0421266 -0.0057619 -0.0439812 0.00143788 -0.00642642 0.0506455 0.081422 0.0409992 0.0149089 0.0155951 0.0135192 0.0146866 -0.0066366 -0.0434794 0.0117541 0.017844 0.0442615 0.0778357 0.0146151 -0.0371142
internal_weight=780.098 58.4717 721.627 570.217 489.565 80.6522 18.4682 485.465 15.6416 151.409 25.1708 94.7055 15.0126 79.6929 68.7115 10.9814 7.90251 11.8824 9.03261 390.76 365.9 359.506 46.368 15.4388 30.9292 313.138 34.1058 15.8764 279.033 10.6816
internal_count=5625 1347 4278 3252 2525 727 220 2491 145 1026 233 562 89 473 389 84 63 105 82 1929 1802 1758 239 86 153 1519 167 81 1352 51
is_linear=0
shrinkage=0.1


Tree=27
num_leaves=31
num_cat=0
split_feature=25 1 1 3 13 1 21 15 5 3 3 1 2 2 3 2 2 5 2 24 2 2 2 3 28 8 27 3 3 3
split_gain=8.47844 4.05412 3.53014 7.95044 3.96252 4.06984 3.3935 6.8494 4.6403 3.69757 3.6008 3.51981 4.9719 3.17383 2.9308 2.88265 2.83342 3.05075 3.02072 2.69211 2.65104 3.16228 3.2722 3.41067 2.66387 3.77393 2.62852 4.67679 6.49828 4.28515
threshold=1.0000000180025095e-35 42.500000000000007 22.500000000000004 2110.7250000000008 1.0000000180025095e-35 69.500000000000014 1.0000000180025095e-35 1.0000000180025095e-35 1.0000000180025095e-35 1126.5500000000002 433.00000000000006 21.500000000000004 69.52500000000002 84.825000000000003 930.92500000000007 49.225000000000009 97.225000000000009 1.0000000180025095e-35 80.625000000000014 1.0000000180025095e-35 93.575000000000003 96.450000000000017 103.27500000000002 7865.6500000000005 1.0000000180025095e-35 1.0000000180025095e-35 1.0000000180025095e-35 2622.7000000000003 3573.0500000000006 5236.9000000000005
decision_type=2 2 2 2 2 2 2 2 2 2 2 2 2 2 2 2 2 2 2 2 2 2 2 2 2 2 2 2 2 2
left_child=2 -2 6 13 5 -5 11 15 9 10 -9 -1 -13 19 -10 -8 17 -17 -19 -4 24 -22 -23 -24 -3 -26 -6 -28 -29 -30
right_child=1 20 3 4 26 -7 7 8 14 -11 -12 12 -14 -15 -16 16 -18 18 -20 -21 21 22 23 -25 25 -27 27 28 29 -31
leaf_value=0.0011409933956826079 -0.10483467627322836 -0.063943300474543871 -0.020856576621194757 0.013369145062142498 -0.02916289222701764 -0.090902951433788862 0.10021513344800957 -0.081311998756578893 -0.032726517694918016 -0.11166079121773605 0.031188293233385591 0.16683475906538392 -0.01760023750094097 -0.16111225334312168 0.080698717202953296 0.036907306155607507 0.075504296272668595 0.043701790341624067 -0.033910966879005432 -0.070244203723094686 0.094685500619409446 -0.090004113926447943 0.02075264079202983 -0.10391953601189319 -0.046603330422832517 0.2001669938374766 -0.097883543282436342 0.11801369568127243 -0.081122510250851612 0.042863150893818196
leaf_weight=309.720374815166 7.8043130468577138 20.468709737062458 36.21872229129076 152.42868779972196 52.834926187992096 3.8374155461788169 6.4220253303647032 4.9972331672906893 3.7963589280843753 6.4593204334378234 6.606085404753685 3.0817167721688739 2.7802758738398552 2.106456045061349 5.696136474609375 50.371600344777107 12.113718234002588 7.6022095829248455 14.73337561637163 15.874726068228481 2.835441060364249 4.8633384332060841 15.094897724688055 2.567566715180873 1.7297049462795251 0.96576026454567898 3.2091021500527885 5.9690761379897621 4.9196475818753225 6.4320656023919582
leaf_count=1672 252 740 255 807 394 34 30 24 22 32 36 28 14 10 30 250 66 44 70 291 24 59 139 75 46 12 25 47 52 45
internal_value=-0.000580344 -0.0379392 0.00234973 -0.00632339 0.00180772 0.0108085 0.00801688 0.0224228 -0.021271 -0.05102 -0.0172625 0.00259391 0.0793594 -0.0407728 0.0353363 0.0356182 0.0307274 0.0232671 -0.00749445 -0.0359067 -0.0271804 -0.0048423 -0.0173704 0.00262923 -0.0516372 0.0418122 -0.0173639 0.0130015 0.0335457 -0.0108702
internal_weight=774.541 56.3297 718.211 283.831 229.631 156.266 434.38 118.798 27.5551 18.0626 11.6033 315.582 5.86199 54.1999 9.4925 91.2429 84.8209 72.7072 22.3356 52.0934 48.5254 25.3612 22.5258 17.6625 23.1642 2.69547 73.3648 20.5299 17.3208 11.3517
internal_count=5625 1347 4278 1960 1404 841 2318 604 144 92 60 1714 42 556 52 460 430 364 114 546 1095 297 273 214 798 58 563 169 144 97
is_linear=0
shrinkage=0.1


Tree=28
num_leaves=31
num_cat=0
split_feature=25 1 26 6 2 3 3 1 2 2 1 3 2 2 3 3 2 3 1 28 5 24 9 2 2 2 2 2 2 15
split_gain=7.19517 3.85374 3.29759 3.38542 7.02158 3.66461 3.88162 3.30361 3.28888 3.75702 4.40513 3.49502 4.65426 3.5758 6.12292 4.09922 3.63402 3.14399 2.90313 2.76657 2.74579 2.60451 2.6039 5.13553 4.7846 4.06626 3.39692 3.30899 2.91989 2.8559
threshold=1.0000000180025095e-35 42.500000000000007 1.0000000180025095e-35 1.0000000180025095e-35 20.025000000000002 6476.9250000000002 6126.1250000000009 60.500000000000007 105.22500000000001 98.725000000000009 40.500000000000007 48.475000000000009 54.675000000000004 75.125000000000014 930.92500000000007 2168.5250000000005 69.725000000000009 1493.6500000000003 12.500000000000002 1.0000000180025095e-35 1.0000000180025095e-35 1.0000000180025095e-35 1.0000000180025095e-35 74.125000000000014 64.975000000000009 81.325000000000003 59.475000000000009 50.82500000000001 84.075000000000003 1.0000000180025095e-35
decision_type=2 2 2 2 2 2 2 2 2 2 2 2 2 2 2 2 2 2 2 2 2 2 2 2 2 2 2 2 2 2
left_child=2 -2 -1 5 -5 6 7 22 9 10 11 -6 18 14 16 17 -14 -15 -13 -17 -9 -7 25 24 26 29 27 -24 -27 -4
right_child=1 -3 3 4 8 21 -8 20 -10 -11 -12 12 13 15 -16 19 -18 -19 -20 -21 -22 -23 23 -25 -26 28 -28 -29 -30 -31
leaf_value=-0.0076523485712810804 -0.10438370801073711 -0.025323446050533056 0.0059235091556540361 0.14403157541859263 0.10330123470126402 -0.10757899062147128 0.093923319830089003 0.02225538258076136 -0.077494587013251459 0.045190382787308261 -0.066585568749131102 -0.023393314841891489 -0.048726911443025482 -0.020421097211123642 0.12630567474586082 -0.017360030254631838 0.079183502522642113 -0.11832349536506562 -0.11904165341638834 0.094467951696727184 -0.12433878410585537 -0.011044240950742981 0.04010653514076698 0.028327479090165864 -0.087798173525750242 -0.10010069152621831 0.11031298146041167 -0.085505718500705402 -0.012599107506649353 0.039447753676730681
leaf_weight=233.55981395766139 7.0905894227325907 47.2554374281317 118.9028152115643 2.8614843152463427 2.826733022928237 4.0690039172768566 5.7990148998796931 2.1094047240912905 7.7212146893143645 10.995107989758251 14.619066786020992 7.7186831384897214 6.380073316395281 13.156405508518224 5.6825421079993239 4.4158703945577127 3.4073609635233879 4.3695774078369132 5.3886949494481087 4.4332843571901321 3.2406539395451546 8.9253700710833073 4.6128128059208411 145.3719124533236 7.6940140575170508 4.1665051504969588 2.7859836407005778 3.845439475029707 45.024601373821497 32.317986451089382
leaf_count=1580 252 1095 650 24 12 25 30 23 42 58 137 43 36 62 45 22 19 21 54 22 31 64 29 711 51 20 19 26 232 190
internal_value=-0.000558596 -0.0356385 0.00210256 0.0068212 -0.0102119 0.0109376 0.0127425 0.0114704 -0.015056 -0.00927497 -0.0175466 -0.00513896 -0.0107171 0.00557089 0.0437404 -0.0168169 -0.00419666 -0.0448301 -0.0627162 0.038664 -0.0665401 -0.0412727 0.0126148 0.0219465 -0.0270349 0.00496405 0.0145432 -0.0170015 -0.0200105 0.0130881
internal_weight=770.747 54.346 716.401 482.842 93.9761 388.866 375.871 370.072 91.1146 83.3934 72.3983 57.7792 54.9525 41.8451 15.47 26.3751 9.78743 17.526 13.1074 8.84915 5.35006 12.9944 364.722 164.31 18.9382 200.412 11.2442 8.45825 49.1911 151.221
internal_count=5625 1347 4278 2698 597 2101 2012 1982 573 531 473 336 324 227 100 127 55 83 97 44 54 89 1928 836 125 1092 74 55 252 840
is_linear=0
shrinkage=0.1


Tree=29
num_leaves=31
num_cat=0
split_feature=25 1 0 2 3 29 3 3 2 2 3 9 3 3 23 2 21 1 2 2 15 1 3 13 1 2 2 2 3 3
split_gain=6.02428 3.67884 3.08192 3.64181 4.48951 3.68123 3.84285 3.42045 3.44845 5.01098 3.44598 5.07929 4.27593 3.62424 4.86437 3.10843 3.03134 3.00299 3.44824 5.56344 3.30541 2.77187 2.77996 3.44067 2.58291 4.06437 3.14632 2.52601 4.48805 3.43419
threshold=1.0000000180025095e-35 42.500000000000007 1.0000000180025095e-35 29.925000000000001 480.67500000000007 1.0000000180025095e-35 192.35000000000002 232.37500000000003 29.225000000000005 74.325000000000003 730.25000000000011 1.0000000180025095e-35 1253.3250000000003 1087.9750000000001 1.0000000180025095e-35 69.52500000000002 1.0000000180025095e-35 3.5000000000000004 67.575000000000017 55.375000000000007 1.0000000180025095e-35 25.500000000000004 4965.0500000000011 1.0000000180025095e-35 71.500000000000014 105.92500000000003 108.62500000000001 85.52500000000002 1087.9750000000001 1850.7000000000003
decision_type=2 2 2 2 2 2 2 2 2 2 2 2 2 2 2 2 2 2 2 2 2 2 2 2 2 2 2 2 2 2
left_child=2 -2 3 -1 5 17 -7 8 -4 -10 11 -9 13 14 -12 -8 27 -5 19 -19 -20 -18 -23 -24 25 -3 -27 -6 -29 -30
right_child=1 24 7 4 16 6 15 10 9 -11 12 -13 -14 -15 -16 -17 21 18 20 -21 -22 22 23 -25 -26 26 -28 28 29 -31
leaf_value=-0.01975902783662772 -0.10397437501505963 -0.03238311492828564 0.13378459850607702 0.013903686434010798 -0.0086886950582049736 0.0139497440385489 -0.017343428580044517 -0.065591158536658534 -0.00065422024965695186 0.11024208228347401 -0.028429341023235723 0.037013244341340006 0.0065237529427210235 0.12839356312807768 0.098149089999323924 -0.11240359276098114 0.019608419840014428 0.046980090242408033 0.056666605612209181 -0.084916282618693759 0.15775648723462335 -0.019014407989671675 0.036618772022688678 -0.023686459051134992 -0.071495033567182967 0.12667172492307088 0.0060370419717289906 -0.13985907350174701 0.042276375169221517 -0.045405276529933501
leaf_weight=92.010729219764471 6.4398032911121836 26.800788739696145 4.0210949070751694 68.997252710163593 112.64815460145473 28.688158810138702 10.919981084764002 13.532393246889116 13.791089802980425 5.783338911831378 6.5652210339903849 7.4979655295610419 91.751425083726645 5.4150022119283667 5.6478400602936745 5.0217856764793387 69.331711120903492 16.246378146111969 12.997191965579988 3.9817812964320174 4.3061678558588019 64.695791345089674 25.633514981716871 14.995484970510004 8.9664824940264207 3.0446751266717893 7.4577001631259918 4.0054995119571712 5.7222817838192013 20.361067097634077
leaf_count=781 252 739 21 341 795 128 59 67 67 37 31 39 475 28 27 22 358 80 58 23 21 403 143 100 264 16 76 18 26 130
internal_value=-0.000534444 -0.0331597 0.00187213 -0.00157014 0.00200166 0.0161858 -0.00792437 0.0144016 0.0494376 0.0321105 0.00806242 -0.0290096 0.0151902 0.060298 0.0301059 -0.0472882 -0.00475354 0.0262867 0.0490513 0.0210171 0.0818241 0.00408122 -0.00613981 0.0143611 -0.0233037 -0.0117201 0.0410095 -0.015564 -0.0413039 -0.0261693
internal_weight=767.278 52.7094 714.568 560.563 468.552 151.159 44.6299 154.005 23.5955 19.5744 130.41 21.0304 109.379 17.6281 12.2131 15.9418 317.394 106.529 37.5315 20.2282 17.3034 174.657 105.325 40.629 46.2696 37.3032 10.5024 142.737 30.0888 26.0833
internal_count=5625 1347 4278 3486 2705 732 209 792 125 104 667 106 561 86 58 81 1973 523 182 103 79 1004 646 243 1095 831 92 969 174 156
is_linear=0
shrinkage=0.1


Tree=30
num_leaves=31
num_cat=0
split_feature=25 3 2 3 1 1 2 2 2 1 4 5 1 28 2 2 2 2 2 2 13 1 2 3 2 21 15 2 3 3
split_gain=5.08383 3.52529 2.71491 3.0568 3.35106 2.63344 3.99555 5.81017 3.22055 3.15652 2.72945 4.58962 4.54885 2.62511 3.05622 2.58679 3.50899 2.52793 2.66551 2.3945 2.2241 3.07491 2.8004 2.71242 2.50121 4.11418 5.60446 3.20087 2.50023 2.55659
threshold=1.0000000180025095e-35 2457.4250000000006 58.300000000000004 4446.4250000000011 71.500000000000014 1.5000000000000002 20.925000000000001 19.875000000000004 24.225000000000005 3.5000000000000004 1.0000000180025095e-35 1.0000000180025095e-35 12.500000000000002 1.0000000180025095e-35 53.925000000000004 50.32500000000001 46.150000000000013 69.725000000000009 70.725000000000009 19.425000000000001 1.0000000180025095e-35 69.500000000000014 83.225000000000009 504.12500000000006 85.375000000000014 1.0000000180025095e-35 1.0000000180025095e-35 85.975000000000009 325.12500000000006 255.55000000000004
decision_type=2 2 2 2 2 2 2 2 2 2 2 2 2 2 2 2 2 2 2 2 2 2 2 2 2 2 2 2 2 2
left_child=5 -2 13 -4 -5 15 7 9 -8 -7 11 -11 -13 14 -3 16 -1 -17 -19 -12 21 22 -10 28 25 26 -25 -26 29 -24
right_child=1 2 3 4 -6 6 8 -9 20 10 19 12 -14 -15 -16 17 -18 18 -20 -21 -22 -23 23 24 27 -27 -28 -29 -30 -31
leaf_value=0.012085682496277098 -0.077755679034404335 -0.10408158350672768 -0.10464684997610339 0.0038233899912426014 -0.075316202052622544 0.094951705208531315 0.11344007525976146 -0.063361970628980371 -0.0023036523256260238 -0.039735020515321851 0.023342793258011415 0.26628568251040086 0.0294909723061796 0.22017173065364584 0.16274574642118764 0.077739967890936013 -0.069667235636490188 -0.035514971367809747 0.038296450224756168 -0.092233761367097863 -0.009817414518615836 -0.087371856193802513 0.065669674244928603 0.026624097079637657 -0.064551252557034311 -0.01684670460743538 0.15855498269341678 0.0088714025186337631 0.087480602338190355 -0.043470143983156878
leaf_weight=50.907159760594368 12.246179729700087 1.0028799287974828 4.1029220074415198 25.219220574945211 6.7913459800183764 3.6311049982905415 2.5584539324045172 23.588794086128473 224.40222923085093 3.888269539922474 2.8140552416443825 1.3011464551091196 2.1546841375529766 0.90066603571176518 0.75049984082579602 11.009183719754217 5.8539265394210807 6.3955661281943348 20.818250298500061 4.9382579475641251 142.76219833269715 3.6051371581852427 4.4013532176613825 8.8347626030445117 6.1735532619059077 7.5872303172945967 5.0663553699851027 155.32146752253175 9.1937803626060468 4.189162939786911
leaf_count=228 574 27 140 373 202 26 29 283 1256 45 30 12 34 9 22 55 24 37 132 66 1001 35 25 40 30 38 24 759 48 21
internal_value=-0.000489561 -0.0309835 -0.0162087 -0.0233828 -0.0129668 0.00169714 -0.0006912 -0.0303457 0.00149462 0.0112409 -0.00889392 0.0347925 0.118646 0.081408 0.0101286 0.0171966 0.00365428 0.0373069 0.0209499 -0.05028 0.000993503 0.00459304 0.00537283 0.013953 0.0103294 0.0423808 0.0747072 0.00606464 0.0512367 0.0124477
internal_weight=762.41 51.0137 38.7675 36.1135 32.0106 711.396 616.412 42.3163 574.096 18.7275 15.0964 7.3441 3.45583 2.65405 1.75338 94.9841 56.7611 38.223 27.2138 7.75231 571.537 428.775 425.17 200.768 182.983 21.4883 13.9011 161.495 17.7843 8.59052
internal_count=5625 1347 773 715 575 4278 3802 496 3306 213 187 91 46 58 49 476 252 224 169 96 3277 2276 2241 985 891 102 64 789 94 46
is_linear=0
shrinkage=0.1


Tree=31
num_leaves=31
num_cat=0
split_feature=25 1 0 1 3 2 3 13 26 28 1 21 3 3 1 2 1 2 3 1 1 4 1 2 29 1 27 9 6 3
split_gain=4.28908 3.36617 2.43601 2.96411 3.01245 2.7623 3.38612 3.04376 2.98615 3.1588 2.60203 2.50536 2.38263 3.32429 2.37144 5.49091 2.34548 2.3249 3.32133 2.27854 3.38759 3.27752 3.33042 5.40883 2.67578 2.47118 2.23175 3.22957 2.8838 2.55913
threshold=1.0000000180025095e-35 42.500000000000007 1.0000000180025095e-35 58.500000000000007 35.175000000000004 29.925000000000001 480.67500000000007 1.0000000180025095e-35 1.0000000180025095e-35 1.0000000180025095e-35 8.5000000000000018 1.0000000180025095e-35 6126.1250000000009 6981.9250000000011 57.500000000000007 109.35000000000001 17.500000000000004 94.125000000000014 1163.575 49.500000000000007 46.500000000000007 1.0000000180025095e-35 57.500000000000007 89.27500000000002 1.0000000180025095e-35 9.5000000000000018 1.0000000180025095e-35 1.0000000180025095e-35 1.0000000180025095e-35 2571.5750000000003
decision_type=2 2 2 2 2 2 2 2 2 2 2 2 2 2 2 2 2 2 2 2 2 2 2 2 2 2 2 2 2 2
left_child=2 -2 5 4 -4 16 7 10 -9 -10 -7 19 -5 -14 15 -3 -1 -6 -19 20 24 -21 -23 -24 25 -8 29 -28 -29 -13
right_child=1 14 3 12 17 6 11 8 9 -11 -12 26 13 -15 -16 -17 -18 18 -20 21 -22 22 23 -25 -26 -27 27 28 -30 -31
leaf_value=-0.010156032480587357 -0.10331483663226793 0.0028367957392537307 0.14624642128714174 -0.087236281335307198 0.0072220337618174174 0.017035888905996201 -0.043894998990673346 -0.066305330390858189 -0.036960632563216959 0.057809502986474373 0.089917108891152009 0.022575322320432675 0.052140971101938785 -0.070392850992169187 -0.031167138776639309 0.28786389564129217 -0.052642122359602098 0.12405162291378552 0.026406288707411758 -0.094410171989136427 0.08310438740308039 -0.06039955109294725 0.14534176895307069 -0.069699278727903505 -0.045723313429415061 0.00097132226330499765 -0.059584883634384293 0.030487116015086458 -0.051680627777647453 -0.0043196894503141616
leaf_weight=74.634828612208366 5.4155392292886964 7.848125232383607 1.783426746726035 4.9193182811141005 98.05761181563139 121.92970298230648 14.35027491301298 8.5838976204395294 7.3295927047729492 6.7615166530013084 5.10374841839075 70.878306191414595 5.1312404423952085 3.8944397456943989 35.568220738321543 0.73957623541355122 15.732950365170835 3.8666809871792784 35.146755270659924 8.1366163641214371 3.8488576337695113 5.8895109333097935 2.6965475492179394 2.0656782351434231 19.859543479979038 84.937945798039436 12.576979301869867 13.818057749420406 6.182361088693141 70.63945434987545
leaf_count=499 252 229 9 43 491 592 63 44 36 31 29 381 28 29 860 6 282 27 165 91 35 50 35 18 153 524 89 80 41 413
internal_value=-0.000468667 -0.0289058 0.00152027 0.0127031 0.0171169 -0.00155322 0.0015522 0.0139398 -0.0198097 0.00851413 0.019964 -0.0043188 -0.0312468 -0.000730455 -0.0197799 0.0273834 -0.0175528 0.0154368 0.0360841 -0.0141873 -0.0092327 -0.0466224 -0.0101185 0.0520649 -0.0122155 -0.00551327 0.00371823 -0.0198798 0.00508811 0.00915051
internal_weight=758.327 49.5715 708.756 152.799 138.854 555.956 465.589 149.708 22.675 14.0911 127.033 315.88 13.945 9.02568 44.1559 8.5877 90.3678 137.071 39.0134 141.785 122.997 18.7884 10.6517 4.76223 119.148 99.2882 174.095 32.5774 20.0004 141.518
internal_count=5625 1347 4278 792 692 3486 2705 732 111 67 621 1973 100 57 1095 235 781 683 192 969 775 194 103 53 740 587 1004 210 121 794
is_linear=0
shrinkage=0.1


Tree=32
num_leaves=31
num_cat=0
split_feature=1 11 1 13 29 1 21 19 1 2 2 2 21 2 3 9 2 24 10 3 1 2 2 3 2 21 13 25 19 1
split_gain=3.72698 3.15486 3.78109 2.43053 3.13656 4.13834 3.46198 2.8946 2.88095 2.39397 4.41386 3.8246 4.11284 3.694 3.33927 2.54861 2.49812 2.46497 2.39322 2.32939 3.90591 2.35469 4.57769 2.66679 2.20735 2.18663 3.99496 4.40453 10.4777 2.11525
threshold=70.500000000000014 1.0000000180025095e-35 17.500000000000004 1.0000000180025095e-35 1.0000000180025095e-35 44.500000000000007 1.0000000180025095e-35 1.0000000180025095e-35 69.500000000000014 79.975000000000009 91.27500000000002 86.575000000000003 1.0000000180025095e-35 78.925000000000026 1654.5250000000003 1.0000000180025095e-35 75.27500000000002 1.0000000180025095e-35 1.0000000180025095e-35 7133.2750000000005 58.500000000000007 51.125000000000007 55.375000000000007 357.72500000000008 109.35000000000001 1.0000000180025095e-35 1.0000000180025095e-35 1.0000000180025095e-35 1.0000000180025095e-35 40.500000000000007
decision_type=2 2 2 2 2 2 2 2 2 2 2 2 2 2 2 2 2 2 2 2 2 2 2 2 2 2 2 2 2 2
left_child=1 3 -3 7 8 6 -6 -1 9 13 11 12 -11 16 -12 -16 29 -14 -8 20 21 23 -23 -9 -24 -2 27 -27 -29 -5
right_child=25 2 -4 4 5 -7 18 19 -10 10 14 -13 17 -15 15 -17 -18 -19 -20 -21 -22 22 24 -25 -26 26 -28 28 -30 -31
leaf_value=0.01042996879215771 -0.10563179615850118 -0.0057563490068324105 -0.055521854965095013 0.02713688751017005 -0.040784156123612324 -0.11485374738492329 -0.017921686856854271 -0.009259289376862696 0.098012273508911077 -0.055735261106703154 0.068387412224647309 -0.1021683470928707 -0.0064011643699017316 0.10708621535833523 -0.054649056541678814 0.0039238354378554252 -0.059543762292149194 0.14956103375075361 0.10849583119090972 0.070413198586004921 -0.067302219725919279 0.097223639820533725 -0.0077298795394608391 -0.098930657031839633 0.074109275484737766 -0.067084136642871661 -0.070052311801908046 0.32789069188910286 -0.050769609789004348 -0.018833158718850624
leaf_weight=388.28542950004339 4.5707753617316493 64.303119601681828 20.020624995231628 31.995711039751768 18.263521414250143 5.5513851419091216 2.924775685183703 9.3192351721227151 2.8727404959499827 8.9047157000750321 6.4366731047630301 9.1101311249658448 2.1973983589559785 3.8314020894467822 9.4796715360134822 34.334646759554744 5.3256863020360461 1.8807131387293337 3.0686851069331169 3.6168911382555953 11.063008256256579 4.8144504977390161 65.684868891723454 5.148887747898697 3.4698026627302161 2.0750172436237335 7.7465095855295658 1.351603664457798 1.5908435434103012 14.566377484239636
leaf_count=1982 152 510 635 231 139 84 27 42 52 63 33 69 38 29 65 224 45 17 15 26 120 44 414 51 16 19 203 17 33 230
internal_value=-0.000449101 0.000629671 -0.017572 0.00298317 -0.00769087 -0.0369674 -0.0191425 0.0064748 -0.0010259 -0.00324754 -0.0152466 -0.052499 -0.0176457 0.0123317 0.00113144 -0.008749 0.00533501 0.0655243 0.0468048 -0.00841833 -0.0112839 -0.00427631 0.00294024 -0.0411714 -0.00362364 -0.046281 -0.0250275 0.0444868 0.123167 0.0127557
internal_weight=753.805 736.471 84.3237 652.147 160.744 29.8084 24.257 491.403 130.936 128.063 72.3439 22.093 12.9828 55.7192 50.251 43.8143 51.8878 4.07811 5.99346 103.117 99.5003 88.4372 73.9691 14.4681 69.1547 17.3347 12.764 5.01746 2.94245 46.5621
internal_count=5625 5201 1145 4056 1361 265 181 2695 1096 1044 509 187 118 535 322 289 506 55 42 713 687 567 474 93 430 424 272 69 50 461
is_linear=0
shrinkage=0.1


Tree=33
num_leaves=31
num_cat=0
split_feature=1 2 1 0 3 21 13 25 19 9 3 3 3 3 2 3 3 13 1 4 2 3 2 2 3 4 1 4 21 3
split_gain=3.22324 2.64341 4.08777 4.80024 2.32024 2.07138 3.32161 3.24584 6.24511 1.99668 5.41432 4.98656 4.12216 3.54755 3.57554 3.30906 7.41567 7.57756 5.58039 3.22418 4.16326 7.86266 5.25319 2.81275 2.73896 4.1903 2.30042 6.24314 6.59382 3.42561
threshold=70.500000000000014 29.925000000000001 17.500000000000004 1.0000000180025095e-35 117.87500000000001 1.0000000180025095e-35 1.0000000180025095e-35 1.0000000180025095e-35 1.0000000180025095e-35 1.0000000180025095e-35 154.47500000000005 3478.4500000000003 3006.5250000000005 270.75000000000006 72.125000000000014 2622.7000000000003 2343.0250000000001 1.0000000180025095e-35 30.500000000000004 1.0000000180025095e-35 59.475000000000009 1358.7250000000001 65.475000000000009 70.225000000000009 3083.5000000000005 1.0000000180025095e-35 65.500000000000014 1.0000000180025095e-35 1.0000000180025095e-35 6476.9250000000002
decision_type=2 2 2 2 2 2 2 2 2 2 2 2 2 2 2 2 2 2 2 2 2 2 2 2 2 2 2 2 2 2
left_child=1 2 3 -1 -3 -2 7 -7 -9 11 -11 12 15 -12 19 16 -6 18 -18 20 -15 -22 -23 -20 -14 -26 29 28 -28 -16
right_child=5 4 -4 -5 9 6 -8 8 -10 10 13 -13 24 14 26 -17 17 -19 23 -21 21 22 -24 -25 25 -27 27 -29 -30 -31
leaf_value=-0.010128612330535094 -0.10510900228462404 0.019681607701193368 -0.052683530899488497 0.092800905081089929 -0.0053083949112165641 -0.063639631078768535 -0.067153318626640507 0.23073303986889507 -0.047657910812265274 -0.14272957047017953 0.061072466142931707 -0.043236947105551822 0.14045122774285376 -0.068012044054613224 0.008749609984044596 -0.057483673107699321 0.01897802664486847 -0.058332817309301989 0.25281565283151297 -0.081641117710387109 0.22039889940291371 0.11260288951352658 -0.11191214586686718 0.11253206259392123 0.09522842034257388 -0.04032970236162494 0.14278871310937225 0.096167009815409016 -0.070223985981566844 -0.049432000558710137
leaf_weight=75.156107731163502 4.1553319711238155 73.289504647254944 21.901429627090693 4.821563981473445 208.04412862099707 1.9739489257335661 7.2965033948421478 1.7041838858276606 1.5285759307444096 2.4066729694604865 12.012790888547896 30.80940493196249 2.9367307201027861 5.0379751287400723 221.39019869267941 10.826300473883746 3.3620882257819158 3.1712523419409981 2.8044651839882135 8.5508420299738646 1.9559755176305769 1.7488102307543156 2.5790958013385534 2.9147863984107971 4.6975322403013688 4.4314655214548111 1.8845814652740953 9.9817274864763021 6.3486551977694035 10.604409661144016
leaf_count=558 152 379 658 26 1200 19 203 17 33 11 60 335 31 39 1194 87 16 36 25 101 11 23 34 16 46 44 21 99 73 78
internal_value=-0.000445437 0.000542183 -0.0144056 -0.00392336 0.00295258 -0.0439418 -0.0236134 0.037402 0.0990989 0.000757303 0.00662509 -0.00533543 -0.00053371 0.0078993 0.00553425 -0.00350843 -0.00085586 0.0747464 0.121218 -0.0352926 -0.000287868 0.0540086 -0.0211906 0.181321 0.056448 0.0294248 0.00877689 0.0429966 -0.0214655 0.00609014
internal_weight=750.327 733.668 101.879 79.9777 631.789 16.6585 12.5032 5.20671 3.23276 558.5 284.502 273.998 243.189 282.095 270.082 231.123 220.297 12.2526 9.08134 19.8727 11.3219 6.28388 4.32791 5.71925 12.0657 9.129 250.21 18.215 8.23324 231.995
internal_count=5625 5201 1242 584 3959 424 272 69 50 3580 1744 1836 1501 1733 1673 1380 1293 93 57 208 107 68 57 41 121 90 1465 193 94 1272
is_linear=0
shrinkage=0.1


Tree=34
num_leaves=31
num_cat=0
split_feature=1 26 3 6 2 1 3 2 2 1 3 9 2 27 1 3 24 7 2 2 3 2 21 13 25 19 15 5 2 2
split_gain=2.77175 2.23521 2.7421 2.3957 4.8267 2.26929 2.62222 2.71979 3.55723 2.49941 3.38515 3.15293 2.97881 2.2597 3.04192 2.00189 3.79116 2.85316 2.84791 3.10414 5.32909 1.98127 1.96233 2.79521 2.48548 4.15754 1.91055 3.35185 2.80107 3.4932
threshold=70.500000000000014 1.0000000180025095e-35 6476.9250000000002 1.0000000180025095e-35 19.825000000000006 59.500000000000007 5738.1500000000005 106.42500000000003 104.77500000000002 12.500000000000002 865.02500000000009 1.0000000180025095e-35 100.47500000000001 1.0000000180025095e-35 65.500000000000014 1107.6250000000002 1.0000000180025095e-35 1.0000000180025095e-35 54.275000000000006 34.82500000000001 1319.9000000000003 105.67500000000003 1.0000000180025095e-35 1.0000000180025095e-35 1.0000000180025095e-35 1.0000000180025095e-35 1.0000000180025095e-35 1.0000000180025095e-35 45.725000000000009 48.82500000000001
decision_type=2 2 2 2 2 2 2 2 2 2 2 2 2 2 2 2 2 2 2 2 2 2 2 2 2 2 2 2 2 2
left_child=1 2 5 -3 -5 6 7 8 9 26 11 -11 15 -6 -15 16 17 -12 19 20 -17 -4 -2 24 -24 -26 28 -28 -1 -30
right_child=22 3 21 4 13 -7 -8 -9 -10 10 12 -13 -14 14 -16 18 -18 -19 -20 -21 -22 -23 23 -25 25 -27 27 -29 29 -31
leaf_value=-0.0083431838244335567 -0.10463386773525243 0.0078437493401116287 0.13240844560314016 0.1356186119556268 -0.0054961251947330328 -0.051846162420248601 0.096306793982543715 -0.1080381538807802 0.1090887811915624 -0.07816361739582503 0.21100675917372347 0.068002151444132047 -0.090955766255317275 -0.061177450038753634 0.052844156177833168 -0.10425150723126818 -0.10614378636395834 0.041318724453754993 -0.0048091206970468639 -0.11280402792052938 0.2107174715136087 0.0044206836360725045 -0.060265440876046017 -0.064239523031406745 0.17731744942557665 -0.044636800451803647 -0.055127356967703128 0.045722257831359497 0.11640189104673462 0.016200729027289574
leaf_weight=59.835354140028358 3.7761041093617651 391.18416146375239 2.3705641515552989 2.2344391718506804 76.836523865349591 11.710795322433112 2.4447075873613349 2.6757990270853034 2.625747248530387 14.050454509444531 1.2970679346472023 1.6489846082404263 4.4784357883036128 15.850211208686234 2.7449800521135321 1.2711551021784537 1.3413586951792238 4.1976346233859649 57.659612294286489 5.2031127717345953 0.93032047897577275 2.4694740548729897 1.8809563554823396 6.8863309193402529 1.978171594440937 1.4718718230724335 13.002927005290987 4.4144695959985247 3.7738358080387107 44.561771102249622
leaf_count=397 152 2306 22 29 563 264 13 15 12 279 8 36 22 142 38 47 32 85 446 77 19 23 19 203 17 33 64 26 17 219
internal_value=-0.000446242 0.000454997 -0.00740583 0.00434583 -0.00966446 -0.00892674 -0.00669697 -0.00782634 -0.00660911 -0.00800479 -0.0205195 -0.0628112 -0.0118265 -0.0130661 -0.0443458 -0.00689782 0.0445804 0.0813749 -0.0123064 -0.0706882 0.0288511 0.0671068 -0.041628 -0.0221543 0.0322093 0.0826264 0.00117065 -0.0295668 0.00611992 0.024024
internal_weight=746.807 730.814 241.964 488.85 97.6662 237.124 225.413 222.968 220.292 217.666 92.0781 15.6994 76.3787 95.4317 18.5952 71.9003 6.83606 5.4947 65.0642 7.40459 2.20148 4.84004 15.9934 12.2173 5.331 3.45004 125.588 17.4174 108.171 48.3356
internal_count=5625 5201 2123 3078 772 2078 1814 1801 1786 1774 1051 315 736 743 180 714 125 93 589 143 66 45 424 272 69 50 723 90 633 236
is_linear=0
shrinkage=0.1


Tree=35
num_leaves=31
num_cat=0
split_feature=25 1 1 5 3 23 3 3 28 23 27 3 4 4 1 1 19 2 2 1 1 29 21 3 0 2 26 1 3 3
split_gain=2.48404 3.26814 2.13416 2.9518 2.64064 3.62405 2.36325 2.83434 3.59113 3.8447 6.79987 3.33021 4.15512 2.10515 2.82267 4.10715 1.97119 5.81928 1.92882 4.18063 1.64213 2.8268 6.39087 3.45873 3.35306 3.19944 5.78314 2.40389 2.02159 2.72477
threshold=1.0000000180025095e-35 42.500000000000007 61.500000000000007 1.0000000180025095e-35 5446.1250000000009 1.0000000180025095e-35 3121.9250000000006 5300.3750000000009 1.0000000180025095e-35 1.0000000180025095e-35 1.0000000180025095e-35 7133.2750000000005 1.0000000180025095e-35 1.0000000180025095e-35 51.500000000000007 56.500000000000007 1.0000000180025095e-35 20.075000000000006 108.62500000000001 68.500000000000014 1.5000000000000002 1.0000000180025095e-35 1.0000000180025095e-35 3894.8750000000005 1.0000000180025095e-35 19.875000000000004 1.0000000180025095e-35 3.5000000000000004 480.67500000000007 655.40000000000009
decision_type=2 2 2 2 2 2 2 2 2 2 2 2 2 2 2 2 2 2 2 2 2 2 2 2 2 2 2 2 2 2
left_child=20 -2 3 4 5 16 -4 8 9 10 -8 -9 -13 -5 -15 -16 17 -3 -14 -20 -1 28 24 -24 25 26 27 -23 -22 -30
right_child=1 2 6 13 -6 -7 7 11 -10 -11 -12 12 18 14 15 -17 -18 -19 19 -21 21 22 23 -25 -26 -27 -28 -29 29 -31
leaf_value=0.013425678571510788 -0.10293440579181667 0.35939282718596705 -0.10245389827186502 -0.079511877494854513 0.18423163216400915 -0.063955263885014477 -0.10265454953833547 -0.072297389636710785 0.19779603125663389 -0.10264538328834794 0.352127470754035 -0.065984345462450605 0.11147560504768719 -0.10813952671356741 0.2251763416292254 -0.032677222583159984 0.30937347901291917 -0.1023154928392319 0.14173499088003502 -0.10894644941848115 0.014225221878681632 0.068750392339059219 0.041191810099989894 -0.068784170307473066 0.032540456196662196 -0.045455294331412856 0.12360415306716462 -0.072690780176792036 -0.03060172246576014 0.0012528042759032488
leaf_weight=92.879474595189095 4.6012841062620273 0.43350166082382002 3.7758145220577743 3.2749670054763556 1.6200903430581091 1.9009252488613129 0.655831994488838 10.592880927026274 1.2673357874155042 1.6909168362617493 0.65926213003695011 4.4851797446608526 3.3658480532467365 1.0176995377987625 1.175486018881202 1.301854448392987 0.479480590671301 0.73721961304545403 1.1620540544390681 1.5561604090034959 110.19528745114803 1.5847286581993083 22.589969117194418 3.2741928584873667 7.7157681323587886 60.823204182088375 3.3133555930107832 4.9702761042863131 29.002809062600136 362.21010879799724
leaf_count=476 252 23 210 101 12 38 29 247 16 73 26 85 35 35 29 33 16 36 10 41 601 12 129 26 41 489 34 69 178 2223
internal_value=-0.000434018 -0.023007 -0.0140703 0.0215475 0.078435 0.0301687 -0.0286304 -0.0176716 0.0566136 -0.00290905 0.12533 -0.0326722 0.00704155 -0.0219057 0.0320732 0.089673 0.138593 0.0686486 0.0608763 -0.00177853 0.00104446 -0.000854174 -0.0158351 0.0272697 -0.0300541 -0.0368861 0.0159299 -0.0384962 0.00226122 -0.00110875
internal_weight=744.313 45.7538 41.1525 11.9412 5.17122 3.55113 29.2113 25.4355 4.27335 3.00601 1.31509 21.1621 10.5692 6.77001 3.49504 2.47734 1.6502 1.17072 6.08406 2.71821 698.559 605.68 104.271 25.8642 78.4073 70.6916 9.86836 6.555 501.408 391.213
internal_count=5625 1347 1095 323 125 113 772 562 144 128 55 418 171 198 97 62 75 59 86 51 4278 3802 800 155 645 604 115 81 3002 2401
is_linear=0
shrinkage=0.1


Tree=36
num_leaves=31
num_cat=0
split_feature=1 2 4 2 3 0 3 3 3 5 1 1 1 19 2 6 2 2 3 1 4 5 2 1 3 2 27 2 1 1
split_gain=2.24214 1.90262 2.58828 1.84284 3.16047 3.83612 1.80372 9.8027 2.25082 3.94349 4.49431 4.26884 3.63104 1.69048 3.03614 3.88195 2.86788 3.33729 7.76706 2.65095 2.62364 4.13792 7.25806 2.48835 2.41383 4.14936 3.67965 2.64179 3.25569 5.07361
threshold=70.500000000000014 103.27500000000002 1.0000000180025095e-35 29.925000000000001 411.35000000000008 1.0000000180025095e-35 655.40000000000009 679.95000000000016 917.30000000000007 1.0000000180025095e-35 59.500000000000007 52.500000000000007 47.500000000000007 1.0000000180025095e-35 43.45000000000001 1.0000000180025095e-35 51.125000000000007 60.425000000000004 1218.3500000000001 67.500000000000014 1.0000000180025095e-35 1.0000000180025095e-35 108.17500000000003 69.500000000000014 6570.3750000000009 98.02500000000002 1.0000000180025095e-35 94.475000000000009 39.500000000000007 34.500000000000007
decision_type=2 2 2 2 2 2 2 2 2 2 2 2 2 2 2 2 2 2 2 2 2 2 2 2 2 2 2 2 2 2
left_child=3 -2 -3 4 5 -1 -6 -8 -9 10 11 12 -10 14 15 -5 -15 18 -18 24 23 -22 -23 -21 25 27 -26 28 29 -19
right_child=1 2 -4 13 6 -7 7 8 9 -11 -12 -13 -14 16 -16 -17 17 19 -20 20 21 22 -24 -25 26 -27 -28 -29 -30 -31
leaf_value=-0.0091286846223675583 -0.071499986107856697 -0.073661320182762419 0.050749591337745731 0.065951996086514614 -0.093330342491010521 0.083509048974562017 0.34924071160099163 -0.1073846936457223 0.24514309543532656 -0.067473683394064204 -0.10223754607493624 0.386406791957072 -0.10306776822072128 -0.044730351095924138 0.0037045369820338766 -0.048049744027144146 0.10501736792512216 -0.01061293417702806 -0.033642037166119979 -0.10998023600493785 0.21304662911272754 -0.073945902728710919 0.20125754157396036 0.058613575574969969 -0.10370746326406793 0.019957989832514508 0.024146925613606884 -0.075646387289874176 -0.051353666987734942 0.10924000398343024
leaf_weight=75.469565234147012 8.1180832497775537 2.8292782995849839 4.0890090763568878 15.639008910395207 6.1927943686023381 4.7515317983925334 0.65500495489686628 4.1737395506352168 0.56968079134821914 5.2168731838464737 0.89412472490221251 0.6130522796884178 0.63134512864053249 17.514263845048845 449.53807495627552 3.6921090558171263 8.7236366420984286 40.017233598046005 7.5240673944354048 1.7280274359509331 1.7603881899267433 2.5462073460221291 1.5366955809295175 1.7743637934327126 6.405844781547783 36.949284180998802 3.4705368913710117 7.9862638153135768 17.208633123897016 3.8739115139469495
leaf_count=587 292 66 66 91 159 26 15 125 19 215 46 26 24 164 2463 26 56 263 107 32 16 44 12 30 53 206 29 48 281 38
internal_value=-0.000439815 -0.038662 -0.000129054 0.000350663 -0.0123176 -0.00364171 -0.0490516 -0.0275515 -0.0479502 -0.0166491 0.0812555 0.171696 0.0620986 0.00235146 0.00537325 0.0441785 -0.00655828 -0.00183367 0.0408063 -0.0073647 0.0438692 0.0848896 0.0296333 -0.0245681 -0.0114956 -0.0070914 -0.0587797 -0.0215582 -0.0144884 -3.4498e-05
internal_weight=742.093 15.0364 6.91829 727.056 99.1677 80.2211 18.9466 12.7538 12.0988 7.92508 2.7082 1.81408 1.20103 627.889 468.869 19.3311 159.019 141.505 16.2477 125.257 9.34568 5.84329 4.0829 3.50239 115.912 106.035 9.87638 69.086 61.0998 43.8911
internal_count=5625 424 132 5201 1242 613 629 470 455 330 115 69 43 3959 2580 117 1379 1215 163 1052 134 72 56 62 918 836 82 630 582 301
is_linear=0
shrinkage=0.1


Tree=37
num_leaves=31
num_cat=0
split_feature=26 1 3 19 3 1 2 2 24 2 4 23 2 2 1 19 2 2 0 13 2 3 29 2 3 2 27 2 3 6
split_gain=1.91302 2.26068 2.36024 2.12093 1.93307 2.98727 3.11134 3.92776 4.19393 3.59795 4.2017 4.46788 2.97285 4.66224 2.44306 2.52472 2.41941 2.32249 2.26203 2.47631 4.8927 2.15928 6.52956 2.51366 7.1326 4.16285 7.39666 3.4097 1.93445 3.82815
threshold=1.0000000180025095e-35 70.500000000000014 6476.9250000000002 1.0000000180025095e-35 246.85000000000002 3.5000000000000004 51.125000000000007 59.475000000000009 1.0000000180025095e-35 70.725000000000009 1.0000000180025095e-35 1.0000000180025095e-35 75.575000000000003 70.975000000000009 32.500000000000007 1.0000000180025095e-35 49.525000000000006 46.150000000000013 1.0000000180025095e-35 1.0000000180025095e-35 45.725000000000009 1931.1000000000001 1.0000000180025095e-35 88.425000000000026 2457.4250000000006 84.075000000000003 1.0000000180025095e-35 104.77500000000002 210.70000000000002 1.0000000180025095e-35
decision_type=2 2 2 2 2 2 2 2 2 2 2 2 2 2 2 2 2 2 2 2 2 2 2 2 2 2 2 2 2 2
left_child=1 2 4 -2 12 -6 16 8 -8 10 11 -9 13 18 -12 -16 17 -7 19 20 28 22 -11 24 -23 26 -26 -25 29 -1
right_child=3 -3 -4 -5 5 6 7 9 -10 21 14 -13 -14 -15 15 -17 -18 -19 -20 -21 -22 23 -24 27 25 -27 -28 -29 -30 -31
leaf_value=-0.0010616218734022314 0.006660414760889289 -0.081598579029132631 0.062025795149334456 -0.0088855013579721056 -0.12842159186500166 -0.039636801647375021 0.080071366959423532 0.055400804075026157 -0.050424255047825384 -0.0025615704493972269 -0.13671223631659721 -0.11728291922990514 0.069917254724251393 -0.11262060982891289 0.064518885758317115 -0.10957518115984122 -0.11932265672145999 0.057061874219041277 0.058489893777983096 -0.071122953848038253 0.05246494485572134 -0.111439206786294 0.12284825262501749 -0.052872471317282559 -0.061461020554706806 0.10935379858611689 0.12297344063121829 0.032684826345094176 0.065835664872287383 -0.067814778989425242
leaf_weight=38.111399836838245 383.68706547468901 4.0734501499682656 4.9270200617611399 113.78492671251297 2.288790985941886 27.220659823156897 9.6256506824865919 4.9742824602872142 3.3095827214419833 26.127976202405993 6.0091598629951477 2.1441302737221122 6.2901617586612693 3.6044898778200141 1.5307261049747467 1.8275057226419449 3.4434327110648146 2.7331677936017504 6.873503550887107 4.7767036855220786 15.625558778643606 3.7864852314814952 4.9359609801322213 22.695087907835845 6.3476337101310474 5.7231916058808556 3.3074782574549317 5.8609457388520232 3.0599849857389918 11.091196371242402
leaf_count=224 2311 176 45 1015 10 646 84 49 48 124 42 27 35 18 19 35 38 25 33 22 70 29 26 152 72 44 48 31 34 93
internal_value=-0.000444446 -0.00773043 -0.00646749 0.00310465 -0.00791383 -0.0150897 -0.0132579 -0.00502279 0.046683 -0.0120431 -0.054526 0.00338691 0.00363167 -0.00138315 -0.0985348 -0.0302208 -0.0399392 -0.0308134 0.00365786 -0.0015288 0.00336794 -0.00315348 0.0173657 -0.0165104 0.0115049 0.0417766 0.00171929 -0.0353124 -0.0113112 -0.016109
internal_weight=739.797 242.325 238.252 497.472 233.325 143.892 141.603 108.206 12.9352 95.2706 16.4858 7.11841 89.433 83.1428 9.36739 3.35823 33.3973 29.9538 79.5383 72.6648 67.8881 78.7848 31.0639 47.7208 19.1648 15.3783 9.65511 28.556 52.2626 49.2026
internal_count=5625 2299 2123 3326 2078 1549 1539 830 132 698 172 76 529 494 96 54 709 671 476 443 421 526 150 376 193 164 120 183 351 317
is_linear=0
shrinkage=0.1


Tree=38
num_leaves=31
num_cat=0
split_feature=25 1 1 2 15 2 2 2 2 13 28 6 1 1 3 2 2 1 1 1 29 21 0 2 26 3 1 3 27 17
split_gain=1.73312 3.03897 1.65903 2.04149 2.41824 2.06873 3.76724 2.3387 4.82323 1.8413 2.34977 1.49788 2.18579 6.77 1.9006 1.64228 4.18196 1.45768 6.34368 1.29891 2.20845 4.90656 2.61582 2.83179 4.17244 2.46929 2.05513 1.93685 1.88027 1.92335
threshold=1.0000000180025095e-35 42.500000000000007 71.500000000000014 105.92500000000003 1.0000000180025095e-35 98.375000000000014 93.575000000000003 79.825000000000003 79.125000000000014 1.0000000180025095e-35 1.0000000180025095e-35 1.0000000180025095e-35 55.500000000000007 52.500000000000007 4446.4250000000011 54.475000000000009 46.150000000000013 59.500000000000007 54.500000000000007 1.5000000000000002 1.0000000180025095e-35 1.0000000180025095e-35 1.0000000180025095e-35 19.875000000000004 1.0000000180025095e-35 2807.3750000000005 3.5000000000000004 76.800000000000026 1.0000000180025095e-35 1.0000000180025095e-35
decision_type=2 2 2 2 2 2 2 2 2 2 2 2 2 2 2 2 2 2 2 2 2 2 2 2 2 2 2 2 2 2
left_child=19 -2 3 5 -5 6 7 8 11 10 -4 14 13 -13 15 16 17 18 -3 28 -21 22 23 24 26 -23 -22 -25 29 -1
right_child=1 2 9 4 -6 -7 -8 -9 -10 -11 -12 12 -14 -15 -16 -17 -18 -19 -20 20 21 25 -24 27 -26 -27 -28 -29 -30 -31
leaf_value=0.011732082287155094 -0.10267959598011162 -0.10249224925992205 -0.053082313566959499 0.12343065842730223 0.0083369650973327755 -0.073807147812267479 0.092990566218176113 -0.10251497868655951 0.30189853143736767 -0.10314259507669495 0.1613695374757628 -0.10194401764866723 -0.10323803326117649 0.38758897130507103 0.1648629209698117 -0.10249778705925919 0.21427873984406834 -0.102920524226203 0.35793230500509021 0.0018354532060745701 0.063271409101063866 0.040134920721401832 0.028130260450898843 -0.10447400671107161 0.10231379647529015 -0.033657642162115413 -0.067805162350114925 -0.036279495165389843 -0.045270449370836074 0.075513168175857792
leaf_weight=81.58172357827425 4.0133857484906903 0.96371958311647599 1.8109976481646293 2.3403680697083447 8.299182403832674 5.3483018875122061 3.3274411708116522 3.0691994065418831 0.49303591996431428 3.7383871851488948 0.71173495054244984 0.92011444456875302 3.3526903875172138 0.40767257381230593 0.7455281801521777 1.3109715785831211 0.90843697823584069 1.438554899767041 0.43400595523416996 499.55190623551607 1.6241239830851535 19.969626083970073 7.7274160161614409 4.5099434107542029 3.5931337811052799 5.8669419884681693 4.5394106153398752 54.425342060625553 5.4229794815182677 5.0188198611140242
leaf_count=420 252 45 75 16 76 67 30 136 18 178 11 52 166 17 27 61 16 87 17 3002 12 109 41 39 34 46 69 450 27 29
internal_value=-0.000429063 -0.0197603 -0.0113609 -0.00249574 0.033654 -0.0194245 -0.00268121 -0.0253488 -0.00376847 -0.0585944 0.00742068 -0.0181464 -0.0602323 0.0483581 0.0158089 -0.00617103 0.0275516 -0.0322556 0.0404736 0.000786642 -0.000905294 -0.0142947 -0.0270315 -0.0332368 0.0166647 0.0233782 -0.0332658 -0.041498 0.0118514 0.0154284
internal_weight=737.465 43.6337 39.6203 33.3592 10.6396 22.7197 17.3714 14.0439 10.9747 6.26112 2.52273 10.4817 4.68048 1.32779 5.80122 5.05569 3.74472 2.83628 1.39773 693.831 601.808 102.256 76.4194 68.692 9.75667 25.8366 6.16353 58.9353 92.0235 86.6005
internal_count=5625 1347 1095 831 92 739 672 642 506 264 86 488 235 69 253 226 165 149 62 4278 3802 800 645 604 115 155 81 489 476 449
is_linear=0
shrinkage=0.1


Tree=39
num_leaves=31
num_cat=0
split_feature=1 3 2 3 3 2 2 4 3 3 0 4 2 2 3 28 2 3 1 6 9 1 0 3 3 3 24 1 15 21
split_gain=1.64546 5.76773 2.73467 2.63036 3.39967 3.18658 6.27926 4.38957 4.05485 5.54277 2.35801 3.41402 2.68883 2.55616 4.14232 3.7523 2.88252 3.69245 3.53061 2.27974 3.74133 2.51538 5.42923 4.15345 5.15214 2.46588 2.35943 2.17163 1.98724 3.40691
threshold=22.500000000000004 2110.7250000000008 84.825000000000003 3083.5000000000005 3006.5250000000005 93.575000000000003 91.02500000000002 1.0000000180025095e-35 6648.8000000000011 6402.6250000000009 1.0000000180025095e-35 1.0000000180025095e-35 87.725000000000009 81.875000000000014 4138.4750000000013 1.0000000180025095e-35 80.125000000000014 5236.9000000000005 43.500000000000007 1.0000000180025095e-35 1.0000000180025095e-35 52.500000000000007 1.0000000180025095e-35 6290.2500000000009 6872.8250000000007 4870.2750000000005 1.0000000180025095e-35 70.500000000000014 1.0000000180025095e-35 1.0000000180025095e-35
decision_type=2 2 2 2 2 2 2 2 2 2 2 2 2 2 2 2 2 2 2 2 2 2 2 2 2 2 2 2 2 2
left_child=28 2 -2 4 -3 6 10 8 9 -7 12 -12 13 16 -15 -16 17 18 -5 21 -21 25 23 -23 -25 -9 -22 -26 29 -1
right_child=1 3 -4 5 -6 7 -8 19 -10 -11 11 -13 -14 14 15 -17 -18 -19 -20 20 26 22 -24 24 27 -27 -28 -29 -30 -31
leaf_value=0.0010876653949388633 -0.030985838874450736 0.010365647249641764 -0.15069536628820152 0.090105965868818763 0.093425513345426633 -0.011745615678063953 -0.1364203465835179 0.028900228225994501 -0.063992991077507264 0.11240275499526953 0.069803541152985232 -0.028939923287258758 -0.083819087407232304 0.09594596420259105 -0.090749740499489459 0.07118227205944648 -0.1231650637109863 0.15340851389371124 -0.047187860779449545 -0.11967371781911951 0.041838186762949953 0.15313477295317823 -0.012703181067860525 -0.045353264963235621 0.13729260056562681 -0.046952906751422108 -0.052547004309004386 0.018154007545706577 -0.010245983602049339 0.023917199855315971
leaf_weight=250.67778365500271 53.127536975778639 67.927567253820598 1.9794015139341343 2.1161062680184939 5.3132688840851179 47.44371072947979 4.669987501576542 15.527689889073374 13.463248096406458 3.8911525830626479 6.9099599998444301 7.0984222497791052 7.0782592492178074 4.6026642983779293 3.7981170965358615 2.2960235513746738 3.1843291129916897 1.1482789758592833 16.306500642560422 2.6488658431917402 8.2387557094916684 6.0686443746089962 8.0921266376972216 3.7305062934756261 4.8629356399178505 5.9195509925484648 3.9032694213092336 2.2322720075026155 82.722161944955587 88.426835981197655
leaf_count=1510 1004 445 10 17 44 263 52 81 175 22 54 65 90 32 87 23 54 32 323 25 66 34 56 31 33 29 26 35 445 462
internal_value=-0.000427566 -0.00591379 -0.0352857 0.000348384 0.0163912 -0.00599499 -0.0251304 0.00299529 -0.015146 -0.00233524 -0.0156009 0.0197676 -0.0278253 -0.0159773 0.0243405 -0.0297404 -0.0349299 -0.0205734 -0.0314177 0.0221954 -0.0119946 0.0330862 0.0546497 0.0869106 0.0497869 0.00796437 0.0114964 0.0998096 0.0036508 0.00704082
internal_weight=735.406 313.579 55.1069 258.472 73.2408 185.231 59.2086 126.023 64.7981 51.3349 54.5387 14.0084 40.5303 33.452 10.6968 6.09414 22.7552 19.5709 18.4226 61.2246 14.7909 46.4337 24.9865 16.8944 10.8257 21.4472 12.142 7.09521 421.827 339.105
internal_count=5625 3208 1014 2194 489 1705 829 876 460 285 777 119 658 568 142 110 426 372 340 416 117 299 189 133 99 110 92 68 2417 1972
is_linear=0
shrinkage=0.1


Tree=40
num_leaves=31
num_cat=0
split_feature=1 3 2 3 29 0 3 2 1 9 28 1 9 2 2 1 3 1 1 15 2 3 3 2 3 3 1 2 2 28
split_gain=1.4651 2.45082 2.30993 2.59935 2.17563 1.6584 2.2695 2.13902 3.94902 3.40654 4.25706 3.78982 3.31133 2.58113 3.62945 2.28579 7.35523 1.9768 2.35828 1.96315 4.29752 2.39687 3.62237 1.7652 2.16129 1.96726 1.69003 1.91946 1.6172 1.48839
threshold=59.500000000000007 5738.1500000000005 46.150000000000013 1201.4000000000003 1.0000000180025095e-35 1.0000000180025095e-35 35.175000000000004 74.325000000000003 3.5000000000000004 1.0000000180025095e-35 1.0000000180025095e-35 18.500000000000004 1.0000000180025095e-35 91.02500000000002 81.325000000000003 9.5000000000000018 255.55000000000004 25.500000000000004 27.500000000000004 1.0000000180025095e-35 89.825000000000003 2807.3750000000005 4262.3000000000002 36.025000000000006 1710.3000000000004 2496.2000000000003 24.500000000000004 84.625000000000014 105.02500000000002 1.0000000180025095e-35
decision_type=2 2 2 2 2 2 2 2 2 2 2 2 2 2 2 2 2 2 2 2 2 2 2 2 2 2 2 2 2 2
left_child=1 5 3 -2 29 17 -7 12 -9 10 11 -10 15 14 -12 16 -8 26 -19 -11 -21 -22 -23 -17 -25 -26 -1 -28 -3 -4
right_child=2 28 4 -5 -6 6 7 8 9 19 13 -13 -14 -15 -16 23 -18 18 -20 20 21 22 -24 24 25 -27 27 -29 -30 -31
leaf_value=0.00065835236469154873 0.180517757484837 0.10078657832302901 -0.017870621515671748 -0.10466921438227655 -0.10941841275706946 0.13256680013480934 0.015000601822837016 0.094097282698859697 0.11124938649117211 0.010593895139443962 -0.01870473783555605 -0.015731883970482714 -0.077576081579152814 0.012282747304941513 -0.13639912264938822 -0.038172754554352283 -0.12521111908325744 -0.059149585010879059 -0.0087225972203667408 0.12645620343442751 0.080452464045039224 -0.063311189595734771 0.047471803612350011 0.082645758599554503 -0.053716590469364861 0.053629259870717073 0.011680523511792856 0.12489047998922619 0.020333196716434528 0.014149111125157677
leaf_weight=362.73255922365934 0.34581037145107885 3.7678021043539029 39.303427972830832 4.2164494805037975 2.104660576209425 1.4962029457092274 14.202362447977068 6.2480894178152075 3.6923562437295914 37.398344837129116 5.0082902461290342 6.4669815041124821 6.1615889295935622 4.2243419140577325 5.4949350208044052 3.2447452340275076 5.0794232636690131 9.9405160872265679 138.32428796496242 5.3259196281433132 5.1860853284597423 5.2397093623876554 6.7586982548236847 7.0452954079955799 3.1861795708537102 3.677957727573812 4.2076068734750143 2.3253180161118507 7.4163009598851204 23.019701164215803
leaf_count=2168 12 20 662 248 54 9 72 44 17 177 22 38 44 21 25 26 23 93 1358 28 27 23 34 35 18 22 48 12 39 206
internal_value=-0.000420122 0.00102128 -0.01429 -0.0830526 -0.00942073 0.000225904 0.0100905 0.00871927 0.017373 0.0117197 -0.0193781 0.0304188 -0.00977638 -0.0537289 -0.0802785 0.00168905 -0.0219355 -0.00234993 -0.0121035 0.0246381 0.0479709 0.0236462 -0.000907173 0.0282438 0.0437372 0.00380171 0.00156625 0.0519763 0.0474371 -0.0060438
internal_weight=732.842 663.852 68.99 4.56226 64.4278 652.668 135.138 133.641 91.0438 84.7957 24.8869 10.1593 42.5976 14.7276 10.5032 36.436 19.2818 517.53 148.265 59.9088 22.5104 17.1845 11.9984 17.1542 13.9094 6.86414 369.265 6.53292 11.1841 62.3231
internal_count=5625 4443 1182 260 922 4384 705 696 456 412 123 55 240 68 47 196 95 3679 1451 289 112 84 57 101 75 40 2228 60 59 868
is_linear=0
shrinkage=0.1


Tree=41
num_leaves=31
num_cat=0
split_feature=13 27 2 17 2 2 2 1 27 1 3 5 2 3 3 2 3 2 28 2 5 17 2 6 3 1 15 1 2 4
split_gain=1.30347 2.07813 2.57304 4.22709 2.11814 7.57858 4.3342 2.03105 2.05195 2.42709 3.08949 2.67171 2.79881 2.46407 3.69289 3.28156 2.75655 2.42343 3.1666 2.75868 3.63335 5.74714 2.36166 4.29749 4.96404 3.87618 3.5548 3.0497 2.43279 2.35049
threshold=1.0000000180025095e-35 1.0000000180025095e-35 25.125000000000004 1.0000000180025095e-35 55.375000000000007 72.125000000000014 51.125000000000007 70.500000000000014 1.0000000180025095e-35 29.500000000000004 592.90000000000009 1.0000000180025095e-35 79.975000000000009 2297.4000000000005 1625.8500000000001 80.325000000000003 1410.7250000000001 100.47500000000001 1.0000000180025095e-35 84.825000000000003 1.0000000180025095e-35 1.0000000180025095e-35 74.425000000000026 1.0000000180025095e-35 2756.6000000000004 65.500000000000014 1.0000000180025095e-35 68.500000000000014 65.875000000000014 1.0000000180025095e-35
decision_type=2 2 2 2 2 2 2 2 2 2 2 2 2 2 2 2 2 2 2 2 2 2 2 2 2 2 2 2 2 2
left_child=1 -1 -3 4 6 -6 -4 8 9 10 11 12 -2 14 16 -16 -12 18 -11 20 -20 -22 23 24 29 -24 -25 -27 -26 -10
right_child=7 2 3 -5 5 -7 -8 -9 22 17 13 -13 -14 -15 15 -17 -18 -19 19 -21 21 -23 25 26 28 27 -28 -29 -30 -31
leaf_value=0.00437385478216631 0.012798710619408635 -0.059476661660711652 0.020185003014254299 -0.034232335801201018 -0.10037285817352933 0.025577891485959382 0.17594996224601012 -0.062390340104489662 0.10063911385694867 -0.071477028757665484 0.018313770865610254 -0.077992552903783874 -0.076776845588172757 0.1083789104370867 0.037790063093171199 -0.08156601277133857 0.10791583361475175 -0.0011483338470059299 -0.05703370314624967 -0.051960966923814737 -0.009984424492404045 0.20511195788243955 -0.023504659598762162 -0.11393354204132178 0.31975606263800349 0.17115545308983804 0.084714505124100087 0.0057356172997640167 0.11717944502973399 -0.035725727587188144
leaf_weight=485.02913354616612 16.42708674445749 10.327804679982362 8.5231705820187909 30.720923614688218 5.9171577142551568 24.800825046375394 2.2600403130054465 6.6517384359613052 2.9227127796038967 18.716743656434119 20.314541949890558 6.9036938706412903 4.4284958839416495 2.9074381813406935 3.5960759744048101 6.4087190702557564 4.1317732082679859 22.141361445188522 2.9932267339900154 8.2176781147718412 2.9087027590721846 2.1680743638426065 18.089100001379851 2.2457184754312038 1.1629614206030967 2.0265342788770786 1.5042412206530573 2.4764416087418795 1.2092335717752574 2.2272751079872251
leaf_count=3257 86 235 86 240 40 133 17 256 24 307 139 41 20 14 30 33 30 141 33 63 27 26 158 37 23 25 27 35 20 22
internal_value=-0.00038485 0.00187755 -0.0127897 -0.00611342 0.0147014 0.00131619 0.0528316 -0.00827339 -0.00596776 -0.0120012 0.00119767 -0.0240711 -0.00622186 0.0199737 0.0125129 -0.0386652 0.0334578 -0.0270414 -0.0434195 -0.0111776 0.0303521 0.081874 0.0158154 0.0532018 0.0967976 -0.00283824 -0.0342488 0.0801817 0.216492 0.0416638
internal_weight=730.359 567.579 82.5499 72.2221 41.5012 30.718 10.7832 162.78 156.128 122.264 65.1178 27.7593 20.8556 37.3585 34.4511 10.0048 24.4463 57.1458 35.0044 16.2877 8.07 5.07678 33.8642 11.2721 7.52218 22.5921 3.74996 4.50298 2.37219 5.14999
internal_count=5625 4008 751 516 276 173 103 1617 1361 990 393 147 106 246 232 63 169 597 456 149 86 53 371 153 89 218 64 60 43 46
is_linear=0
shrinkage=0.1


Tree=42
num_leaves=31
num_cat=0
split_feature=26 1 3 2 7 19 1 3 2 2 17 3 28 9 2 3 2 3 2 6 2 6 3 1 3 2 3 3 2 2
split_gain=1.2712 1.61202 1.7815 1.74596 1.71181 1.48223 1.46292 1.68094 2.44043 2.29003 1.58961 2.76466 3.75465 2.32023 1.48774 1.24555 1.64373 1.95024 1.74119 4.50788 3.86047 1.70398 1.62222 5.65522 4.96059 2.89412 4.47426 2.39449 2.28434 2.65728
threshold=1.0000000180025095e-35 70.500000000000014 6476.9250000000002 105.67500000000003 1.0000000180025095e-35 1.0000000180025095e-35 59.500000000000007 5738.1500000000005 106.42500000000003 104.77500000000002 1.0000000180025095e-35 5931.3750000000009 1.0000000180025095e-35 1.0000000180025095e-35 100.47500000000001 74.925000000000026 48.82500000000001 154.47500000000005 63.725000000000009 1.0000000180025095e-35 70.075000000000003 1.0000000180025095e-35 1537.3000000000002 20.500000000000004 988.50000000000011 99.175000000000026 2900.3750000000005 540.50000000000011 100.27500000000002 103.72500000000001
decision_type=2 2 2 2 2 2 2 2 2 2 2 2 2 2 2 2 2 2 2 2 2 2 2 2 2 2 2 2 2 2
left_child=1 2 6 -4 -3 -2 7 8 9 14 -8 12 13 -12 -1 -7 -17 -18 19 -19 21 -20 24 -24 27 -25 -27 -22 -28 -30
right_child=5 4 3 -5 -6 15 10 -9 -10 -11 11 -13 -14 -15 -16 16 17 18 20 -21 22 -23 23 25 -26 26 28 -29 29 -31
leaf_value=-0.0046131352296796182 0.0054929772869293913 0.111271520169754 0.11184747594898364 -0.0049470818517072124 -0.10389245038362992 0.06820163881493399 -0.088361524989597415 0.074977564693783 -0.10311232794356465 0.087633268627693342 -0.10666145408437744 -0.11940625691747755 0.21398861529421725 0.062119706105595633 -0.058705131541452918 -0.066501399130119807 -0.10025512391822887 0.064062012656139047 -0.11845828823684657 -0.068257829989221877 0.024085021534590086 -0.002185301139458687 -0.12977315410390919 -0.029786560819411924 0.11099940256814766 0.13935236636109982 0.098747771025745751 -0.07349065728865678 -0.087457941084515226 0.0070285120198029048
leaf_weight=205.17531056050211 380.18405672442168 0.42477452009916339 2.5365428775548926 2.5836496204137802 2.8547396948561063 2.1264676153659812 4.4770528348162753 2.5971569120883933 2.5547206550836554 2.6475312858819953 1.5141329942271113 1.6339934132993219 0.90742612723261107 1.7626490239053965 5.2138509526848784 4.7669782470911732 2.171072617173194 9.798418987542389 4.4532123086974016 3.4923396315425626 6.7983647063374502 1.7579514803364871 3.7549306452274314 25.334594684652984 4.7089922800660124 2.6399568915367118 2.40021814033389 3.9915692741051316 3.2995067611336699 30.399067935533822
leaf_count=1748 2311 13 22 23 163 9 150 13 15 12 42 21 12 39 26 44 10 93 55 43 33 29 17 333 24 12 19 21 20 253
internal_value=-0.000381866 -0.00640059 -0.00542317 0.0529129 -0.0760236 0.00251551 -0.00673045 -0.00499231 -0.00595568 -0.00479058 -0.043567 -0.0090981 0.0339788 -0.0158706 -0.00595364 -0.00760109 -0.00906958 -0.0064622 -0.00448191 0.0292931 -0.00949534 -0.0855494 -0.00382631 -0.010496 0.0253625 -0.00350595 0.0136812 -0.0120116 0.00449069 -0.00222288
internal_weight=728.961 236.884 233.604 5.12019 3.27951 492.078 228.484 218.189 215.591 213.037 10.2953 5.8182 4.18421 3.27678 210.389 111.894 109.767 105 102.829 13.2908 89.5384 6.21116 83.3272 67.8283 15.4989 64.0733 38.7387 10.7899 36.0988 33.6986
internal_count=5625 2299 2123 45 176 3326 2078 1814 1801 1786 264 114 93 81 1774 1015 1006 962 952 136 816 84 732 654 78 637 304 54 292 273
is_linear=0
shrinkage=0.1


Tree=43
num_leaves=31
num_cat=0
split_feature=1 3 2 2 29 0 2 3 3 9 3 2 3 3 3 2 1 9 9 27 1 3 3 3 1 2 2 1 3 3
split_gain=1.08951 1.97023 1.92134 2.41524 1.8809 1.20005 1.96895 2.15699 4.40443 2.61782 3.98948 2.08741 2.5285 2.53255 1.5738 1.8655 3.47597 2.70799 2.63095 3.55632 2.04326 1.95561 3.99298 4.41451 1.75576 2.13 2.33354 1.74336 1.64453 4.95592
threshold=59.500000000000007 5884.6250000000009 46.150000000000013 19.425000000000001 1.0000000180025095e-35 1.0000000180025095e-35 111.075 4965.0500000000011 4870.2750000000005 1.0000000180025095e-35 5300.3750000000009 106.12500000000001 4707.4750000000013 3265.2250000000004 44.500000000000007 74.325000000000003 3.5000000000000004 1.0000000180025095e-35 1.0000000180025095e-35 1.0000000180025095e-35 37.500000000000007 1253.3250000000003 791.72500000000014 255.55000000000004 31.500000000000004 90.375000000000014 84.325000000000003 7.5000000000000009 4914.8500000000013 4309.9500000000016
decision_type=2 2 2 2 2 2 2 2 2 2 2 2 2 2 2 2 2 2 2 2 2 2 2 2 2 2 2 2 2 2
left_child=1 5 3 -2 -4 6 7 8 11 -9 -11 12 13 -1 -7 17 -17 20 19 24 21 22 23 -16 25 26 -18 -25 29 -20
right_child=2 -3 4 -5 -6 14 -8 9 -10 10 -12 -13 -14 -15 15 16 18 -19 28 -21 -22 -23 -24 27 -26 -27 -28 -29 -30 -31
leaf_value=0.00028457298362343105 0.1671630707460417 0.049666865731344288 -0.0052843406076350883 -0.10431817357923284 -0.10854224708423404 0.092896863460987356 -0.082744597580392334 -0.035774767011458299 -0.11801234110180024 0.10929900186996851 -0.00027811469199546672 -0.06676782291641549 0.082771006582546436 -0.02611743526741991 0.016072200125458708 0.089751234153164813 -0.00522251950475194 -0.072174154993279463 0.016218717278661303 0.065141483962216709 0.055551444292216902 -0.075036538778210482 0.085103250787109785 -0.12868983251079755 -0.093298907628870498 0.037269265092688526 -0.096330058489693629 -0.03347871921789862 -0.022331864338786971 0.10990058447846869
leaf_weight=444.93121810909361 0.36024342430755441 8.1728520765900594 61.6500253835693 3.6279097246006131 1.8160442779771973 2.1818663030862799 2.9974462762475005 4.1990999095141897 3.2891053576022378 6.6805441118776798 6.610167033970356 4.9124919548630706 3.5551848560571662 39.562005612067878 13.593546643853196 5.8627856522798529 6.775584191083917 6.0437836395576587 46.834385411813855 4.3042165394872418 5.6207439647987476 4.0218881517648688 4.5372203439474097 3.6587084531784049 4.1099768280982962 4.6225981563329688 4.8049363121390343 4.0541375614702702 7.5581746175885192 6.4211618732661
leaf_count=3172 18 42 868 242 54 14 18 27 25 36 38 24 22 328 69 44 30 44 226 24 37 22 21 16 26 21 22 26 37 32
internal_value=-0.000364353 0.000873013 -0.0124697 -0.0797957 -0.008239 0.000261139 -0.00193219 -0.00146068 -0.00267713 0.0330545 0.0548006 -0.0019076 -0.00125475 -0.00187132 0.00865615 0.00727234 0.0152655 -0.0102988 0.0101539 -0.0174283 0.000239427 -0.0101704 -7.5667e-05 -0.0182146 -0.0349243 -0.0201174 -0.0430244 -0.0786436 0.0213191 0.0275142
internal_weight=727.37 659.916 67.4542 3.98815 63.4661 651.743 516.737 513.74 496.25 17.4898 13.2907 492.961 488.048 484.493 135.006 132.824 91.2938 41.53 85.431 24.6173 35.4862 29.8655 25.8436 21.3064 20.3131 16.2031 11.5805 7.71285 60.8137 53.2555
internal_count=5625 4443 1182 260 922 4401 3690 3672 3571 101 74 3546 3522 3500 711 697 462 235 418 123 191 154 132 111 99 73 52 42 295 258
is_linear=0
shrinkage=0.1


Tree=44
num_leaves=31
num_cat=0
split_feature=2 3 1 3 2 3 0 2 2 2 3 2 1 1 2 2 13 19 7 6 2 2 3 28 4 3 4 2 1 15
split_gain=1.07106 2.55081 2.82918 3.84813 3.49906 3.27736 2.33093 1.4375 3.93691 1.71618 3.57591 2.1529 2.70127 4.73439 1.99355 1.37853 1.28288 1.73041 3.89152 2.73415 2.62655 2.159 2.30548 3.24072 4.65345 5.8979 4.29334 5.15315 2.99348 2.06262
threshold=29.925000000000001 1337.8250000000003 52.500000000000007 1281.1250000000002 19.825000000000006 411.35000000000008 1.0000000180025095e-35 24.225000000000005 20.925000000000001 20.275000000000002 82.050000000000026 20.075000000000006 1.5000000000000002 7.5000000000000009 20.025000000000002 20.475000000000005 1.0000000180025095e-35 1.0000000180025095e-35 1.0000000180025095e-35 1.0000000180025095e-35 36.025000000000006 70.375000000000014 458.85000000000008 1.0000000180025095e-35 1.0000000180025095e-35 70.02500000000002 1.0000000180025095e-35 48.82500000000001 2.5000000000000004 1.0000000180025095e-35
decision_type=2 2 2 2 2 2 2 2 2 2 2 2 2 2 2 2 2 2 2 2 2 2 2 2 2 2 2 2 2 2
left_child=1 2 5 4 -4 6 7 8 9 11 15 14 -13 -14 -1 -11 17 18 19 -2 -19 22 23 26 25 -25 27 -20 -26 -24
right_child=16 -3 3 -5 -6 -7 -8 -9 -10 10 -12 12 13 -15 -16 -17 -18 20 21 -21 -22 -23 29 24 28 -27 -28 -29 -30 -31
leaf_value=-0.00083204223193251265 0.056652324999952798 -0.10575154105166983 0.16039970631066242 0.37487265580783247 -0.10254358119734171 -0.058420507497709717 0.067339702123613898 -0.034881667033236329 0.10293576144496519 -0.045897268001452544 -0.11240434704362781 0.10131920200593177 -0.11637155652833518 0.10341588159288009 -0.092465941543025579 0.031455890294044241 -0.0065851922702640968 -0.094790767200818804 -0.0065714739495045735 -0.037170249162761564 -0.0048282178553491978 0.008789445673129859 -0.018736258779070411 0.025780895701423518 -0.013922465799822818 -0.10442652538863131 -0.010459806183990422 0.11488076198240871 0.081567845840352537 -0.084655221933600089
leaf_weight=31.143092066049576 22.869436714798216 2.7135824230499557 1.1224820064380763 0.41791112208738912 0.92161303758621205 12.229841982945798 4.4720331467688075 14.801607185974715 3.4935802770778528 4.1052593421190959 4.3292989423498502 4.5227914899587613 2.0642297118902211 1.8660569218918679 2.5701153660193077 5.250465776771307 159.56796797830611 3.3573322370648375 5.9972140640020397 3.5941972732543936 97.30557200871408 254.23291727714241 21.136461378075186 5.273392118513585 9.6646257713437063 10.222153097391127 16.627981655299664 8.3681315034627897 4.9717037677764901 6.1215138603001824
leaf_count=266 123 197 43 23 49 405 26 86 24 27 59 20 19 31 23 32 1611 25 26 24 724 1306 137 28 49 45 74 38 22 63
internal_value=-0.000339518 -0.0101769 -0.00739748 0.0983766 0.0418475 -0.010264 -0.00277278 -0.00700151 -4.77273e-05 -0.00648949 -0.0372593 0.00349681 0.0486223 -0.0120189 -0.00781772 -0.0024864 0.00116153 0.00379303 0.00696274 0.0439097 -0.00782867 0.00410896 -0.00935439 0.00143093 -0.0219215 -0.0601148 0.0241343 0.0641771 0.0185139 -0.0335401
internal_weight=725.335 96.024 93.3104 2.46201 2.0441 90.8484 78.6185 74.1465 59.3449 55.8513 13.685 42.1663 8.45308 3.93029 33.7132 9.35573 629.311 469.743 369.08 26.4636 100.663 342.616 88.3832 61.1252 30.1319 15.4955 30.9933 14.3653 14.6363 27.258
internal_count=5625 1330 1133 115 92 1018 613 587 501 477 118 359 70 50 289 59 4295 2684 1935 147 749 1788 482 282 144 73 138 64 71 200
is_linear=0
shrinkage=0.1


Tree=45
num_leaves=31
num_cat=0
split_feature=1 3 2 3 3 3 1 1 4 3 3 2 3 2 2 3 26 1 3 19 6 19 0 19 2 0 3 3 2 1
split_gain=0.934067 4.23881 2.42768 1.89348 2.82297 2.5171 5.09757 4.37886 2.34987 7.16551 2.61237 5.07498 3.98274 6.79483 2.23213 2.58131 2.50162 3.55541 4.2302 3.49626 2.46218 5.01836 2.25978 2.30551 2.07528 2.1086 1.89569 2.15591 1.84578 1.82567
threshold=22.500000000000004 2110.7250000000008 84.825000000000003 3083.5000000000005 3006.5250000000005 4309.9500000000016 43.500000000000007 45.500000000000007 1.0000000180025095e-35 4534.1750000000002 6648.8000000000011 109.97500000000001 6126.1250000000009 100.87500000000001 93.575000000000003 5167.1500000000005 1.0000000180025095e-35 66.500000000000014 5392.2000000000007 1.0000000180025095e-35 1.0000000180025095e-35 1.0000000180025095e-35 1.0000000180025095e-35 1.0000000180025095e-35 94.825000000000003 1.0000000180025095e-35 7133.2750000000005 6402.6250000000009 85.52500000000002 21.500000000000004
decision_type=2 2 2 2 2 2 2 2 2 2 2 2 2 2 2 2 2 2 2 2 2 2 2 2 2 2 2 2 2 2
left_child=29 2 -2 4 -3 -5 -7 -8 9 -9 11 12 24 -14 16 -16 19 -18 -19 -10 22 -22 23 -17 28 -26 27 -25 -11 -1
right_child=1 3 -4 5 -6 6 7 8 14 10 -12 -13 13 -15 15 20 17 18 -20 -21 21 -23 -24 26 25 -27 -28 -29 -30 -31
leaf_value=0.0016884332978111738 -0.026386560221834662 0.0088601497009748176 -0.14341970896170303 -0.020775675005686126 0.083962657111903011 0.11790430657399864 -0.10709690805432776 0.12934176404290773 0.10548582234535497 -0.021640133166908992 -0.059952981544686451 0.12814602062405731 0.1473995545811585 -0.033867675588886717 0.084593191666066922 0.012075304170879275 -0.10721558215189403 0.20634609042745675 -0.056666500728225724 -0.060822808542671018 0.047627533884938886 -0.096390974304059976 -0.0093226002878483098 0.10183630037859828 0.00051360941755642492 -0.075799134301512347 0.1320456870843737 -0.016788473788960999 -0.12203520896730168 0.04409722732281033
leaf_weight=406.89966901578009 50.23855051305145 67.11546862963587 1.8372713439166535 63.123052949085832 5.4082265235483638 3.8005499914288512 3.6823033168911925 3.3993716640397897 2.9641721583902818 3.1124229067936566 12.668064588680862 2.5713210180401793 3.5659516644664091 4.9227051064372063 6.957473821938037 7.8998978622257718 4.8156830668449402 0.94766781199723515 1.7239600978791711 2.2039687875658274 4.7898161709308607 4.8891979260370135 8.4279036391526478 3.3181149587035179 14.284360099583866 4.8501617312431327 4.5715206004679203 2.8462922982871532 4.4489126289263368 10.410742387175558
leaf_count=2348 1004 445 10 528 44 20 21 30 33 95 181 13 48 25 38 53 69 29 52 76 33 57 58 18 86 25 44 24 49 69
internal_value=-0.000329011 -0.00453161 -0.0305156 0.000810241 0.0144607 -0.00466577 0.00397685 0.000174086 0.0037592 -0.0111844 -0.0206581 -0.00747368 -0.0173849 0.0422798 0.0180313 0.0287413 -0.018951 -0.0558892 0.0366281 0.034563 0.0181654 -0.0251211 0.0336462 0.0530786 -0.0363569 -0.0188299 0.0832503 0.0470637 -0.0807102 0.00274642
internal_weight=722.695 305.384 52.0758 253.309 72.5237 180.785 117.662 113.861 110.179 53.8233 50.4239 37.7558 35.1845 8.48866 56.3557 43.7002 12.6555 7.48731 2.67163 5.16814 36.7427 9.67901 27.0637 18.6358 26.6959 19.1345 10.7359 6.16441 7.56134 417.31
internal_count=5625 3208 1014 2194 489 1705 1177 1157 1136 552 522 341 328 73 584 325 259 150 81 109 287 90 197 139 255 111 86 42 144 2417
is_linear=0
shrinkage=0.1


Tree=46
num_leaves=31
num_cat=0
split_feature=26 1 7 3 2 3 1 13 2 2 2 6 3 1 3 3 29 2 2 24 2 4 23 2 1 19 2 4 17 2
split_gain=0.897547 1.3058 1.50339 1.49915 1.35067 1.31571 2.42702 2.42349 5.78899 4.87513 2.84035 2.12512 2.73839 4.29105 1.62906 1.76941 2.48591 1.62689 3.15745 3.26918 2.77712 3.90951 4.09403 2.57923 2.35121 2.13811 2.05015 2.43513 1.96331 3.19202
threshold=1.0000000180025095e-35 70.500000000000014 1.0000000180025095e-35 6476.9250000000002 19.175000000000001 246.85000000000002 3.5000000000000004 1.0000000180025095e-35 75.575000000000003 70.975000000000009 45.725000000000009 1.0000000180025095e-35 41.525000000000013 7.5000000000000009 58.57500000000001 35.175000000000004 1.0000000180025095e-35 51.125000000000007 59.475000000000009 1.0000000180025095e-35 70.725000000000009 1.0000000180025095e-35 1.0000000180025095e-35 49.525000000000006 32.500000000000007 1.0000000180025095e-35 74.325000000000003 1.0000000180025095e-35 1.0000000180025095e-35 99.825000000000003
decision_type=2 2 2 2 2 2 2 2 2 2 2 2 2 2 2 2 2 2 2 2 2 2 2 2 2 2 2 2 2 2
left_child=1 3 -3 4 -1 7 -7 8 9 10 11 14 -13 -14 15 16 -6 23 19 -19 21 22 -20 -8 -23 -26 27 -22 29 -28
right_child=-2 2 -4 -5 5 6 17 -9 -10 -11 -12 12 13 -15 -16 -17 -18 18 20 -21 26 24 -24 -25 25 -27 28 -29 -30 -31
leaf_value=-0.080190971443319367 0.0021154416530152239 0.096189445081527047 -0.10344996038054569 0.048543052860742925 -0.048064348313427936 -0.11244867722890078 -0.020044874877752986 -0.054950407585158789 0.11305092452336996 -0.11327833281134772 0.042630174609546309 0.015914731946724724 -0.13288258054378613 0.04574491128281611 0.032053144232987114 -0.052044202534175021 0.030747009679036097 0.070574158224383246 0.055650155404373958 -0.046804870833048039 0.14004380345393214 -0.13317607548666607 -0.11571104707031044 -0.11699451912015471 0.05637142816748171 -0.10857769017775379 -0.0013134265490279667 -0.001753964593658011 -0.024222959756289159 0.09020436803685522
leaf_weight=2.4150556316599241 487.29876121971756 0.4466323330998424 2.4266834799200288 5.1916539669036856 5.7126523964107081 2.3218331187963477 26.260538166854534 6.3137835264205924 5.0483084321022025 3.4733699113130561 17.812553100287914 4.8163063675165159 4.8157331328839064 1.8658926757052539 16.00330036599189 6.866967234760522 13.367623042315245 9.9248803341761214 4.9575641108676765 3.1182846818119279 2.1497150734066954 5.4703452521935105 1.939703047275543 3.0642813974991432 1.59966154769063 1.5446342155337334 34.434455377981067 2.7738281935453415 33.590116987004876 4.285446459427475
leaf_count=36 3326 13 163 45 28 10 648 30 31 16 81 29 44 31 123 38 65 84 49 48 21 42 27 38 19 35 195 25 263 22
internal_value=-0.000329051 -0.00541939 -0.0724177 -0.00458652 -0.00580729 -0.00500365 -0.011076 0.00468955 0.00940929 0.0024083 0.00804704 -0.00347834 -0.0415659 -0.0829996 0.00696081 -0.00851521 0.00715082 -0.00933394 -0.0035566 0.0425119 -0.0100354 -0.0486473 0.00745863 -0.0301756 -0.0935682 -0.0246598 -0.00228041 0.0601577 -0.00653178 0.00881559
internal_weight=721.311 234.012 2.87332 231.138 225.947 223.532 137.435 86.0965 79.7827 74.7344 71.261 53.4485 11.4979 6.68163 41.9505 25.9472 19.0803 135.113 105.789 13.0432 92.7455 15.5119 6.89727 29.3248 8.61464 3.1443 77.2336 4.92354 72.31 38.7199
internal_count=5625 2299 176 2123 2078 2042 1526 516 486 455 439 358 104 75 254 131 93 1516 830 132 698 172 76 686 96 54 526 46 480 217
is_linear=0
shrinkage=0.1


Tree=47
num_leaves=31
num_cat=0
split_feature=1 3 28 3 3 1 4 3 2 2 2 3 2 2 0 2 2 1 2 2 2 28 1 3 5 1 1 2 0 2
split_gain=0.861893 1.68386 2.33183 2.79721 1.37203 1.27973 2.87398 5.16986 7.13145 2.47727 3.92578 2.10851 2.07628 2.25619 1.9824 1.8994 1.82857 3.88632 4.01444 3.0956 3.04928 1.75486 1.7953 1.61921 1.54518 1.09378 0.876793 0.87201 0.87196 1.67489
threshold=59.500000000000007 4446.4250000000011 1.0000000180025095e-35 1183.1250000000002 5884.6250000000009 65.500000000000014 1.0000000180025095e-35 6648.8000000000011 93.575000000000003 107.82500000000002 105.22500000000001 6570.3750000000009 108.62500000000001 109.35000000000001 1.0000000180025095e-35 70.975000000000009 98.02500000000002 69.500000000000014 87.725000000000009 104.77500000000002 107.82500000000002 1.0000000180025095e-35 62.500000000000007 7544.1500000000005 1.0000000180025095e-35 68.500000000000014 57.500000000000007 112.02500000000002 1.0000000180025095e-35 111.075
decision_type=2 2 2 2 2 2 2 2 2 2 2 2 2 2 2 2 2 2 2 2 2 2 2 2 2 2 2 2 2 2
left_child=4 2 3 -2 28 9 7 8 14 10 11 21 -9 -14 15 -7 17 18 -8 -18 -21 22 -3 -22 -24 -25 -6 -15 29 -1
right_child=1 5 -4 -5 26 6 16 12 -10 -11 -12 -13 13 27 -16 -17 19 -19 -20 20 23 -23 24 25 -26 -27 -28 -29 -30 -31
leaf_value=-0.0011808338392996823 0.20478642837149141 -0.096064088834567074 0.025505598745295538 -0.10450094191109963 0.01053768681245951 0.12595947796537629 0.15621601397044427 -0.1134552821431386 0.26148296767610851 -0.092109169517657519 0.07638307769236484 -0.12322032797321572 0.13319403597700805 -0.11083108253940897 0.12043933192895671 -0.10489550390203498 0.12213785786573619 -0.10574772211274085 -0.062017975575991903 -0.04249998854276088 0.14909690717130269 0.02050181724668744 0.07944530334607415 0.10960427223385996 -0.057577403602298433 -0.0035570717116042913 0.07536378655188114 0.021293106716446686 0.0074704668248792338 -0.077551518995992094
leaf_weight=509.31377115659416 0.30877627804875185 3.9525499520823448 2.6176426764577627 5.5189954028464854 4.4403610453009588 0.43213866045698512 1.8335412656888395 5.327672843821345 1.2371149361133573 4.2175513282418242 4.3475751392543307 2.1367161497473708 0.81031460128724608 1.3670599665492775 0.75843183137476433 2.0334828835912049 4.2541102599352589 2.6482256366871297 1.5601207548752425 4.3610380776226503 1.7390680909156797 6.6718461643904448 1.4868500968441367 1.2630135565996172 1.8432493088766932 2.6385335819795728 3.9356458857655525 0.78714910335838784 133.21074133459479 2.8879427872598162
leaf_count=3672 7 47 34 336 22 16 34 78 7 39 24 18 9 27 12 83 36 112 18 37 10 48 20 8 39 50 20 33 711 18
internal_value=-0.000315703 -0.011193 -0.0528976 -0.0881138 0.000784907 -0.00508962 0.00777258 -0.0294289 0.0573747 -0.022331 -0.00793223 -0.0307128 -0.0761289 -0.00904793 -0.0209445 -0.0644346 0.0311469 -0.0149574 0.0558904 0.0506868 0.0202958 -0.016548 -0.0504905 0.0688464 0.00360162 0.0330757 0.0409976 -0.0625528 0.000263037 -0.00161143
internal_weight=719.941 66.1528 8.44541 5.82777 653.788 57.7074 33.051 12.7534 4.46117 24.6563 20.4388 16.0912 8.2922 2.96452 3.22405 2.46562 20.2977 6.04189 3.39366 14.2558 10.0017 13.9545 7.28265 5.64062 3.3301 3.90155 8.37601 2.15421 645.412 512.202
internal_count=5625 1182 377 343 4443 805 570 265 118 235 196 172 147 69 111 99 305 164 52 141 105 154 106 68 59 58 42 60 4401 3690
is_linear=0
shrinkage=0.1


Tree=48
num_leaves=31
num_cat=0
split_feature=1 3 2 3 3 3 15 2 1 26 5 2 3 23 3 2 3 3 3 3 1 1 4 24 3 2 2 13 23 3
split_gain=0.775066 3.27032 2.18521 1.74795 3.1872 1.77611 1.73533 3.31638 2.57527 2.59515 2.76305 1.90402 2.61865 1.89723 1.7789 1.67221 1.59993 1.56796 2.24534 1.98775 4.12177 3.57422 1.73239 5.25691 3.96883 3.50577 3.56904 5.06072 2.77352 2.13422
threshold=22.500000000000004 2110.7250000000008 84.825000000000003 655.40000000000009 696.57500000000016 791.72500000000014 1.0000000180025095e-35 97.225000000000009 20.500000000000004 1.0000000180025095e-35 1.0000000180025095e-35 101.42500000000003 1410.7250000000001 1.0000000180025095e-35 1183.1250000000002 100.27500000000002 930.92500000000007 3083.5000000000005 3006.5250000000005 4309.9500000000016 43.500000000000007 45.500000000000007 1.0000000180025095e-35 1.0000000180025095e-35 2756.6000000000004 94.325000000000003 80.475000000000009 1.0000000180025095e-35 1.0000000180025095e-35 2694.6500000000005
decision_type=2 2 2 2 2 2 2 2 2 2 2 2 2 2 2 2 2 2 2 2 2 2 2 2 2 2 2 2 2 2
left_child=6 2 3 -2 -5 -6 7 -1 9 10 13 12 14 -8 -11 -9 -12 18 22 -19 -21 -22 23 29 25 26 27 -24 -26 -3
right_child=1 17 -4 4 5 -7 8 15 -10 11 16 -13 -14 -15 -16 -17 -18 19 -20 20 21 -23 24 -25 28 -27 -28 -29 -30 -31
leaf_value=0.0038501972563516709 -0.10399336710947721 0.021740833672872401 -0.13799849352959997 0.14269073214197228 -0.12394262833345489 -0.019364546849627826 -0.046318071948092808 0.10446457040053361 0.055330821271435841 0.0018275994905200101 0.046523644749600274 -0.064241003090190291 0.075959431981342918 -0.125502820512705 -0.068553596899209174 0.025270039923396537 -0.049433252833547985 -0.018922467104956653 0.074067550082097464 0.10476250118876813 -0.099458532667544286 0.002899720619518327 0.068199471592157931 -0.072648899079649054 -0.14689414356457783 0.088524392942823549 -0.050213776590555016 -0.081219760554850806 -0.024849750567442964 0.080940845870164313
leaf_weight=323.98550357390195 2.5541116865351787 18.459400268271569 1.7242559939622868 1.1875951178371895 1.6870127958245564 43.487204638775438 12.259667316451674 4.7627377063035947 5.5227666990831485 39.424060389399529 4.3675091462209812 4.6310439407825461 4.4508757740259162 4.017280380241572 3.9510876312851897 6.0570931546390057 2.8856453262269497 62.491638872306794 5.5405952194705597 3.8621778935194007 3.5214662179350844 109.16784938657656 9.0206199213862472 4.7490671109408131 2.9254774926230294 4.7767247073352328 9.97748173214495 3.0274848844856015 5.1226043608039618 9.0877227392047626
leaf_count=1906 113 101 10 28 52 811 65 31 33 213 29 24 20 22 22 35 17 528 44 20 21 1136 60 56 27 24 52 46 29 50
internal_value=-0.000315301 -0.00416868 -0.0273557 -0.0234556 -0.0190188 -0.02327 0.00248341 0.00566899 -0.0106015 -0.0153935 -0.0429866 -0.00301631 0.00291214 -0.0658615 -0.0045835 0.0601304 0.00834749 0.000495828 0.0128824 -0.00453281 0.00318252 -0.000298907 0.00783368 0.0245192 -0.00762894 0.0108632 -0.00597928 0.0306529 -0.0692129 0.0412708
internal_weight=718.686 302.37 50.6402 48.9159 46.3618 45.1742 416.315 334.805 81.5099 75.9872 23.5301 52.4571 47.826 16.2769 43.3751 10.8198 7.25315 251.73 72.6872 179.043 116.551 112.689 67.1466 32.2962 34.8504 26.8023 22.0256 12.0481 8.04808 27.5471
internal_count=5625 3208 1014 1004 891 863 2417 1972 445 412 133 279 255 87 235 66 46 2194 489 1705 1177 1157 445 207 238 182 158 106 56 151
is_linear=0
shrinkage=0.1


Tree=49
num_leaves=31
num_cat=0
split_feature=1 2 3 29 3 4 13 28 3 3 2 2 4 27 15 2 1 2 1 3 3 19 2 2 2 3 3 28 3 0
split_gain=0.766517 1.45312 2.23125 1.52673 1.12264 1.36234 0.939573 1.87743 2.83127 2.60679 2.52217 1.88992 3.18333 1.63047 2.66635 3.38147 2.3875 2.13625 2.37829 2.07456 1.66134 1.53992 1.17354 1.14666 1.75937 1.04705 2.46342 0.958845 0.731519 0.84252
threshold=59.500000000000007 46.150000000000013 1183.1250000000002 1.0000000180025095e-35 5738.1500000000005 1.0000000180025095e-35 1.0000000180025095e-35 1.0000000180025095e-35 5931.3750000000009 6126.1250000000009 105.42500000000003 104.77500000000002 1.0000000180025095e-35 1.0000000180025095e-35 1.0000000180025095e-35 79.425000000000026 67.500000000000014 103.97500000000001 66.500000000000014 7544.1500000000005 7439.2250000000013 1.0000000180025095e-35 100.27500000000002 106.12500000000001 105.22500000000001 5300.3750000000009 4821.7000000000016 1.0000000180025095e-35 5585.9250000000002 1.0000000180025095e-35
decision_type=2 2 2 2 2 2 2 2 2 2 2 2 2 2 2 2 2 2 2 2 2 2 2 2 2 2 2 2 2 2
left_child=4 2 -2 6 28 -6 7 9 -9 25 22 21 -13 20 17 16 -16 18 -15 -17 23 -11 -10 24 27 26 -3 -8 29 -1
right_child=1 3 -4 -5 5 -7 13 8 10 11 -12 12 -14 14 15 19 -18 -19 -20 -21 -22 -23 -24 -25 -26 -27 -28 -29 -30 -31
leaf_value=-0.0013932292343545366 0.1628770227172294 -0.10847777812395315 -0.10401648322520188 -0.10727230481918917 0.0040527263760509703 0.07395849646996619 -0.087378980243112969 0.11859401709979052 0.016792712839362799 0.078414602668845923 0.070035839121577695 -0.11444925101493038 0.030186744121960103 -0.11305383611776849 0.21184010504266287 -0.092651981186419277 -0.011185958367642353 0.19164282452837433 0.13595689888977158 0.030934018106089419 0.019833282296106706 -0.016638896171952276 -0.061580466339754052 -0.12051945958898531 0.091579097912455859 -0.11977784474243057 0.10402932300520545 -0.021328318753729369 -0.040407794183800708 0.0076260946151928098
leaf_weight=505.49368872446939 0.35071809776127283 1.4368689283728628 2.9309474183246493 1.4879451785236586 7.1183678358793241 4.5823987871408463 4.6016870620660448 3.0456305313855401 3.6555554252117854 4.5047838483005744 4.5191693184897304 2.6952366614714265 3.4948482178151608 0.74040100350975924 0.94119499064981915 4.2905282364226878 0.97952692583203316 1.2592482119798658 0.79582044063135982 1.9874496348202226 3.6258652415126571 2.7416531397029757 4.0024514831602573 2.3217416480183592 0.89159407839179117 2.6580594182014465 0.87932715844362963 4.20729417540133 4.411420874297618 130.25790248904377
leaf_count=3661 7 38 253 54 36 23 153 23 24 33 31 30 27 17 19 93 27 14 25 43 67 28 28 20 7 40 18 63 24 699
internal_value=-0.000298714 -0.0106501 -0.075493 -0.00720483 0.000734188 0.0314301 -0.00473461 0.00637741 0.0323601 -0.0151062 0.0107921 0.0077887 -0.0327895 -0.0187625 0.0107509 -0.0180053 0.0981016 0.0950888 0.0159431 -0.0535278 -0.0394983 0.0424516 -0.024169 -0.0573923 -0.0422835 -0.07695 -0.027801 -0.0558322 0.000173135 0.000454722
internal_weight=716.909 65.0455 3.28167 61.7639 651.864 11.7008 60.2759 33.6336 15.2228 18.4108 12.1772 13.4365 6.19008 26.6424 10.9942 8.1987 1.92072 2.79547 1.53622 6.27798 15.6482 7.24644 7.65801 12.0223 9.70058 4.97426 2.3162 8.80898 640.163 635.752
internal_count=5625 1182 260 922 4443 59 868 320 106 214 83 118 57 548 238 182 46 56 42 136 310 61 52 243 223 96 56 216 4384 4360
is_linear=0
shrinkage=0.1


Tree=50
num_leaves=31
num_cat=0
split_feature=2 3 1 3 2 3 0 3 1 2 26 2 2 3 2 4 5 3 3 3 3 3 3 3 15 1 2 13 2 4
split_gain=0.707646 1.9807 2.4614 3.70531 2.51624 2.37321 1.79521 1.55865 1.18521 1.77476 3.82863 1.10832 1.82645 2.0433 1.40888 1.4066 1.08912 1.93141 1.06226 6.99956 1.03665 3.35003 0.924524 5.74626 3.30122 2.6674 4.96235 4.44452 2.78768 4.73341
threshold=29.925000000000001 1337.8250000000003 52.500000000000007 1301.4000000000003 19.825000000000006 411.35000000000008 1.0000000180025095e-35 41.525000000000013 14.500000000000002 20.225000000000005 1.0000000180025095e-35 24.225000000000005 20.925000000000001 232.37500000000003 20.575000000000006 1.0000000180025095e-35 1.0000000180025095e-35 117.87500000000001 655.40000000000009 679.95000000000016 917.30000000000007 988.50000000000011 1266.2250000000001 1358.7250000000001 1.0000000180025095e-35 20.500000000000004 53.925000000000004 1.0000000180025095e-35 94.125000000000014 1.0000000180025095e-35
decision_type=2 2 2 2 2 2 2 2 2 2 2 2 2 2 2 2 2 2 2 2 2 2 2 2 2 2 2 2 2 2
left_child=1 2 5 4 -4 6 8 -2 11 10 -10 12 13 14 16 -13 -1 -18 -7 -20 -21 -22 25 24 -24 28 27 -27 -9 -30
right_child=7 -3 3 -5 -6 18 -8 22 9 -11 -12 15 -14 -15 -16 -17 17 -19 19 20 21 -23 23 -25 -26 26 -28 -29 29 -31
leaf_value=-0.0056667789662376003 0.071618298419873175 -0.10576559100263508 0.123075876555861 0.35806511430638155 -0.10213728653898611 -0.087760363388999021 0.059104408123382912 -4.9494532853865169e-06 -0.064863348639517857 0.15142514957091369 0.16497171655331144 -0.067266530335028898 0.066203432808175075 -0.084101948597150991 -0.059690708912586092 -0.0039527615625845969 0.0027617534414194071 0.10439872856412058 0.24262902943403308 -0.10552848520445335 0.1518348114954523 -0.10363282910082466 -0.032053477733028378 -0.00071326751791096407 -0.1502500936539162 -0.037681075101364973 0.17437390121003229 0.12769438187277846 0.090764507427222293 -0.0043447876836337435
leaf_weight=35.389314936473966 3.1033152416348448 2.0437161619774988 1.2854176601395009 0.43123050220310677 0.80789081891998638 4.8069263389334065 4.4108491092920294 256.60084287356585 2.3253839174285522 1.1325142085552213 1.0529873892664912 6.8625901620835048 3.5264319423586121 3.3171870727092019 4.0142150316387406 7.1803052499890327 6.1727791447192413 2.6820855652913451 0.8433608068153261 3.0515355700626969 0.77930118422955308 1.5038733952678738 6.0984286749735457 321.22576874354854 3.857826279476285 5.1909416038542968 2.5949263013899326 2.3657486429437995 9.3812202922999859 11.833084642887115
leaf_count=239 16 197 45 17 53 159 26 1339 54 16 11 39 23 48 30 42 49 36 15 125 35 71 41 2661 24 37 17 27 63 70
internal_value=-0.00029418 -0.00839986 -0.00622694 0.0911441 0.0361572 -0.00898732 -0.00286361 0.000925347 -0.00657454 0.0430896 0.00677278 -0.00981454 -0.00342312 -0.00818377 -0.0029653 -0.0348934 0.00218132 0.033547 -0.0525065 -0.0250767 -0.0673981 -0.0164357 0.000571018 -0.00303227 -0.077852 0.00471506 0.0550631 0.0140925 0.00287529 0.0377137
internal_weight=715.872 93.6199 91.5762 2.52454 2.09331 89.0516 78.0666 622.252 73.6558 4.51089 3.37837 69.1449 55.102 51.5756 48.2584 14.0429 44.2442 8.85486 10.985 6.17807 5.33471 2.28317 619.149 331.182 9.95625 287.967 10.1516 7.55669 277.815 21.2143
internal_count=5625 1330 1133 115 98 1018 613 4295 587 81 65 506 425 402 354 81 324 85 405 246 231 106 4279 2726 65 1553 81 64 1472 133
is_linear=0
shrinkage=0.1


Tree=51
num_leaves=31
num_cat=0
split_feature=1 29 21 1 0 2 26 3 2 4 3 2 3 2 23 3 15 1 5 3 2 15 1 3 26 2 2 2 2 3
split_gain=0.694959 1.64811 3.41888 5.71868 1.92069 2.48978 1.89152 2.57091 2.41143 1.9223 1.70002 1.49068 3.09405 2.61828 3.4892 2.68565 2.61176 2.17109 2.72358 1.47829 4.02318 1.41852 1.41487 2.57942 1.75173 1.39615 3.23397 2.05009 2.3079 1.2544
threshold=1.5000000000000002 1.0000000180025095e-35 1.0000000180025095e-35 49.500000000000007 1.0000000180025095e-35 19.875000000000004 1.0000000180025095e-35 50.250000000000007 19.375000000000004 1.0000000180025095e-35 76.800000000000026 65.475000000000009 417.72500000000008 50.32500000000001 1.0000000180025095e-35 965.57500000000016 1.0000000180025095e-35 9.5000000000000018 1.0000000180025095e-35 82.050000000000026 25.025000000000002 1.0000000180025095e-35 32.500000000000007 1901.0250000000003 1.0000000180025095e-35 50.32500000000001 46.150000000000013 69.725000000000009 70.725000000000009 89.225000000000009
decision_type=2 2 2 2 2 2 2 2 2 2 2 2 2 2 2 2 2 2 2 2 2 2 2 2 2 2 2 2 2 2
left_child=25 19 4 22 5 6 7 -3 -9 -8 -7 13 -13 17 15 -15 -14 18 -12 20 -2 -19 23 24 -4 26 -1 -27 -29 -21
right_child=1 2 3 -5 -6 10 9 8 -10 -11 11 12 16 14 -16 -17 -18 21 -20 29 -22 -23 -24 -25 -26 27 -28 28 -30 -31
leaf_value=0.0063050695021702871 -0.016127214703975937 0.162138235226854 0.085992113920072499 -0.11391668941082428 0.023679750435257042 -0.099575461416105293 0.14434195442575948 0.054650119213065042 -0.085357171427704936 0.0074498013215811842 0.010517102422358449 -0.13298612456032649 0.0024733135240575248 0.06872875343245842 -0.088083140253907372 -0.043533877003589128 -0.10488185828065542 -0.089488304390579324 -0.087385849782549443 -0.075213480529731508 0.13476524671028386 0.014978691088568001 0.084189884271757554 -0.044619617243246118 0.014978581960679582 0.061465496042871486 -0.072652085225724444 -0.045142271245190754 0.025624324876398225 0.00048767889788967181
leaf_weight=49.61438680998981 4.3309983760118476 0.69978329539298822 5.6585256336256942 2.9331400757655492 7.6333133024163535 4.0839434023946515 1.8380395970307288 1.8008187469094989 3.8823475325480103 2.3213369445875287 10.526894508861007 4.1445022094994775 7.2627803711220604 7.918341573327778 2.7244634721428147 2.9156349347904325 3.2939067627303302 9.3979548062197829 3.8920907936990252 2.1983084529638282 2.9847201108932495 1.5084234522655613 4.5563769461587063 4.4380771620199075 8.9962482154369354 10.136981174349783 5.7931515574455252 6.1304463520646122 18.563209664076567 512.56566272489727
leaf_count=230 31 5 34 61 46 40 25 38 96 24 76 19 42 44 26 48 42 272 29 12 14 21 38 25 48 55 24 37 132 3991
internal_value=-0.000291367 -0.00147667 -0.0130748 0.0177855 -0.0238908 -0.0292143 0.01547 -0.0187233 -0.0409932 0.0679428 -0.0373829 -0.032643 -0.0597686 -0.0223873 0.0130774 0.0385167 -0.0310237 -0.0413741 -0.0159097 0.000798757 0.045435 -0.0750398 0.0341201 0.0221714 0.0423984 0.00791173 -0.00195032 0.0236 0.00805581 0.000164396
internal_weight=714.745 624.507 102.427 26.5824 75.8446 68.2113 10.5423 6.38295 5.68317 4.15938 57.6689 53.585 14.7012 38.8838 13.5584 10.834 10.5567 25.3254 14.419 522.08 7.31572 10.9064 23.6492 19.0929 14.6548 90.2382 55.4075 34.8306 24.6937 514.764
internal_count=5625 5147 1099 206 893 847 188 139 134 49 659 619 103 516 118 92 84 398 105 4048 45 293 145 107 82 478 254 224 169 4003
is_linear=0
shrinkage=0.1


Tree=52
num_leaves=31
num_cat=0
split_feature=2 1 1 2 4 2 5 3 3 3 2 2 29 2 2 2 1 1 3 2 1 2 1 29 2 29 26 3 26 1
split_gain=0.679954 1.773 6.25817 1.45782 4.29662 0.969185 1.85839 1.08606 2.79432 1.63616 2.71008 2.07808 2.35035 1.68983 1.59391 2.9606 2.28853 2.69206 4.14276 2.0676 4.30321 2.4538 1.81572 2.16216 1.7257 1.53621 1.44832 1.38242 2.00211 1.20943
threshold=19.275000000000002 6.5000000000000009 12.500000000000002 19.425000000000001 1.0000000180025095e-35 19.575000000000006 1.0000000180025095e-35 82.050000000000026 85.02500000000002 50.250000000000007 46.150000000000013 69.725000000000009 1.0000000180025095e-35 70.725000000000009 20.925000000000001 20.275000000000002 16.500000000000004 6.5000000000000009 166.80000000000004 24.575000000000006 22.500000000000004 25.125000000000004 10.500000000000002 1.0000000180025095e-35 19.775000000000002 1.0000000180025095e-35 1.0000000180025095e-35 917.30000000000007 1.0000000180025095e-35 44.500000000000007
decision_type=2 2 2 2 2 2 2 2 2 2 2 2 2 2 2 2 2 2 2 2 2 2 2 2 2 2 2 2 2 2
left_child=1 -1 -3 4 -2 6 -5 9 -9 10 -7 12 -11 -13 15 16 17 -10 -19 20 -16 29 -20 -24 25 -18 -14 -17 -29 -21
right_child=3 2 -4 5 -6 7 -8 8 14 11 -12 13 26 -15 19 27 24 18 22 21 -22 -23 23 -25 -26 -27 -28 28 -30 -31
leaf_value=-0.076533177150993448 -0.038452864088782533 0.20129517264163732 -0.10599441123202587 -0.069685313243401742 0.16419861404477987 0.0068529008620713807 0.050238198047837745 -0.094451675942906516 -0.070635008158070417 0.08089693827346045 -0.065796529485864827 -0.03962566934168385 0.046601661560248933 0.024145959441424461 0.12174178599104837 -0.10858131464783945 0.10276092381643609 0.19865163811986092 -0.062914380150155685 -0.12157912950085625 -0.10359007056654322 -0.00010181039710696138 0.145739132924809 -0.013178235366309663 -0.10390953013844173 -0.10358019351129687 -0.038291966791609067 -0.10153263673744006 0.24354386633417702 0.023155156968356832
leaf_weight=3.7947254469618192 2.1797505533322683 1.186282158829272 1.5017525926232336 4.9285984681919208 2.0118905566632748 47.379344118759036 1.7513733948580918 3.2168230712413779 2.2487792493775505 10.579295326024294 5.7588509172201148 6.2771615311503437 4.5966991689056158 12.291551619768141 3.4733944833278647 4.9597991555929175 0.96215328341349848 1.5622758995741604 1.9653822649270294 2.4640814410522576 1.1210551136173306 574.74684738880023 1.540056474506855 1.927870124578476 3.133906165137887 0.57730100490152836 3.5706958323717117 0.40329041006043542 0.28834846010431647 0.75401719845831383
leaf_count=22 33 8 47 48 30 236 36 22 22 64 24 37 33 85 27 122 40 20 23 38 79 4149 20 30 178 31 20 33 15 53
internal_value=-0.000279426 -0.0325181 0.0296185 1.63207e-05 0.0588151 -0.000334528 -0.0382434 2.94143e-05 -0.00149779 0.01025 -0.00102048 0.0262994 0.0497857 0.00258793 -0.00100119 -0.029073 -0.00428748 0.0245442 0.0551403 -5.8208e-05 0.0667604 -0.000589373 0.0138755 0.0573947 -0.0613195 0.0253822 0.0094871 -0.0901121 0.0423319 -0.0876671
internal_weight=713.153 6.48276 2.68803 706.671 4.19164 702.479 6.67997 695.799 605.345 90.4536 53.1382 37.3154 18.7467 18.5687 602.129 19.5692 13.9177 9.24436 6.99558 582.559 4.59445 577.965 5.43331 3.46793 4.67336 1.53945 8.1674 5.65144 0.691639 3.2181
internal_count=5625 77 55 5548 63 5485 84 5401 4902 499 260 239 117 122 4880 534 364 115 93 4346 106 4240 73 50 249 71 53 170 48 91
is_linear=0
shrinkage=0.1


Tree=53
num_leaves=31
num_cat=0
split_feature=9 3 3 3 3 13 2 15 2 2 3 6 26 2 2 27 2 2 2 1 3 3 1 3 1 2 2 2 2 24
split_gain=0.632129 2.86599 2.55519 2.64088 4.85403 4.74791 3.99785 2.27054 1.99319 3.30985 2.18232 3.11191 2.43339 3.24437 6.79647 2.12938 3.76669 3.80089 3.56293 2.22827 3.25781 2.55039 2.0151 1.63347 3.65258 1.67476 4.68141 2.30133 2.38075 1.47103
threshold=1.0000000180025095e-35 3527.1500000000005 3006.5250000000005 2622.7000000000003 2343.0250000000001 1.0000000180025095e-35 70.225000000000009 1.0000000180025095e-35 72.125000000000014 65.475000000000009 480.67500000000007 1.0000000180025095e-35 1.0000000180025095e-35 84.625000000000014 79.125000000000014 1.0000000180025095e-35 58.925000000000004 25.425000000000001 25.025000000000002 26.500000000000004 669.6500000000002 255.55000000000004 11.500000000000002 192.35000000000002 3.5000000000000004 75.575000000000003 79.825000000000003 73.875000000000014 70.725000000000009 1.0000000180025095e-35
decision_type=2 2 2 2 2 2 2 2 2 2 2 2 2 2 2 2 2 2 2 2 2 2 2 2 2 2 2 2 2 2
left_child=1 2 3 4 23 6 -6 -5 9 15 11 12 -10 14 -14 19 17 18 -17 20 21 -2 -11 25 -25 27 -27 28 -1 -3
right_child=8 29 -4 7 5 -7 -8 -9 10 22 -12 -13 13 -15 -16 16 -18 -19 -20 -21 -22 -23 -24 24 -26 26 -28 -29 -30 -31
leaf_value=0.0019363909784467115 0.0015644244008751502 -0.054514314048434889 0.042865253850142213 -0.012877660170556507 0.18549494656356424 -0.05239633990699856 0.04859456591729297 -0.10934823456534122 -0.049552288059052971 0.019847067684099239 0.003145220018226526 0.1211903527310761 0.055817613123410152 0.092779668282765015 -0.10528198981197533 0.036060798039691998 0.2571059692782639 -0.055445886254639254 0.41833399877287003 -0.071846525760261376 0.069688200088951185 -0.09699221849276618 -0.11125689320515895 -0.065473766417025112 -0.0054697146773120542 0.13452088607462417 0.00011144328505952858 -0.074806395251926977 0.083986357044646673 -0.0090791584862954175
leaf_weight=122.64007462002337 9.8043166669085711 15.294648012146354 13.094624535180627 5.9277574364095909 3.2096911696717125 2.8566341139376155 6.3597527351230383 4.1461764629930258 4.1190061122179094 1.5082819908857334 241.7361811734736 3.5078097954392424 8.2915694862604159 6.4381492771208277 3.8276555687189093 0.68256321619264715 0.79737340193241824 2.3440243490040302 0.37930292589589953 5.4576703486964098 5.0115317180752745 3.5859762956388286 5.264113437384367 10.709825620055197 192.25108361477032 3.7077821344137183 8.6055546849966031 3.78760852664709 3.6413563489913932 13.341919126920402
leaf_count=691 52 265 135 43 25 36 32 46 19 8 1648 20 47 50 21 32 12 40 23 197 39 43 94 51 1705 26 54 20 21 130
internal_value=-0.000275014 -0.0028362 -0.000542678 -0.00208793 -0.000666123 0.0607395 0.0945124 -0.0525825 0.00318982 -0.0193123 0.00611556 0.0335381 0.0199792 0.0354124 0.00493698 -0.00416964 0.0614599 0.015656 0.17261 -0.0157314 0.000911374 -0.0248295 -0.0820587 -0.00287561 -0.008636 0.00533563 0.0405847 0.00199868 0.00430232 -0.0333458
internal_weight=712.33 409.574 380.938 367.843 357.769 12.4261 9.56944 10.0739 302.756 34.8352 267.92 26.1842 22.6764 18.5574 12.1192 28.0628 4.20326 3.40589 1.06187 23.8595 18.4018 13.3903 6.7724 345.343 202.961 142.382 12.3133 130.069 126.281 28.6366
internal_count=5625 3280 2885 2750 2661 93 57 89 2345 540 1805 157 137 118 68 438 107 95 55 331 134 95 102 2568 1756 812 80 732 712 395
is_linear=0
shrinkage=0.1


Tree=54
num_leaves=31
num_cat=0
split_feature=6 2 2 2 2 27 2 2 3 2 2 3 3 3 26 3 3 3 1 21 3 5 3 2 2 3 3 2 2 2
split_gain=0.601637 1.39924 2.3205 2.72924 2.16719 1.71267 1.6322 2.77876 1.44651 2.75618 3.22477 2.85702 4.40554 2.6376 2.62068 2.14893 2.4776 1.97988 5.33243 3.19615 1.85724 4.35488 4.1725 3.08024 3.09095 2.24235 2.4833 2.36664 3.36244 3.22621
threshold=1.0000000180025095e-35 106.12500000000001 105.67500000000003 105.22500000000001 98.02500000000002 1.0000000180025095e-35 94.675000000000026 94.125000000000014 48.475000000000009 54.675000000000004 58.300000000000004 411.35000000000008 174.72500000000002 232.37500000000003 1.0000000180025095e-35 246.85000000000002 89.225000000000009 762.35000000000014 11.500000000000002 1.0000000180025095e-35 1625.8500000000001 1.0000000180025095e-35 1410.7250000000001 69.725000000000009 73.02500000000002 2034.0500000000002 2422.9000000000005 75.125000000000014 80.325000000000003 79.225000000000009
decision_type=2 2 2 2 2 2 2 2 2 2 2 2 2 2 2 2 2 2 2 2 2 2 2 2 2 2 2 2 2 2
left_child=-1 2 3 4 6 -6 7 8 -2 11 14 12 -10 -14 -11 16 -12 19 -19 -17 21 -20 -23 -22 -25 -26 -27 -28 29 -29
right_child=1 -3 -4 -5 5 -7 -8 -9 9 10 15 -13 13 -15 -16 17 -18 18 20 -21 23 22 -24 24 25 26 27 28 -30 -31
leaf_value=0.0012637158677078486 0.030453718158993059 -0.046237033430919623 0.097722171425799254 -0.1207629464625837 0.051076057456793778 -0.022519033509803967 -0.057906795382962763 0.10861951697390632 -0.05994376742835749 0.13826410991009516 0.0040330633606075082 -0.064867768212856794 0.1062749518115907 0.0012723344370079062 0.0092019798307213276 0.093321154951345714 -0.11155110538051696 -0.15220846715776742 -0.057089251865229 -0.028258895758005782 -0.088354435010649823 0.0093240833177971171 0.15483827269959413 0.10904972022753978 -0.079938935802752964 0.083641135250216048 -0.11968712424177462 0.01369998989039015 -0.023651239104742868 0.19426877750459393
leaf_weight=557.3505189276766 9.3032474871724826 8.1098507829010469 2.227651495486497 2.0125253088772288 11.678482717834415 4.3361725043505421 6.2090969309210768 2.102835599333047 9.0967312818393129 2.9288537092506877 3.5445366948842993 15.888861889950929 3.463042786344884 7.7368866126053035 3.3994031641632318 5.3165609417483193 3.8896059393882751 2.4127707034349433 3.5391293186694366 3.644407294690609 4.5091997995041302 4.2806763695552945 3.6514070108532906 2.4040946117602315 3.851861102506521 3.2415107674896744 1.8118807831779147 2.8242825223132995 14.077359163668005 1.5230897860601542
leaf_count=3941 49 90 13 14 77 32 43 14 80 23 23 487 32 87 31 28 19 10 21 20 105 28 21 36 24 22 23 40 173 19
internal_value=-0.000261146 -0.00581535 -0.0035531 -0.00513432 -0.00348001 0.0311492 -0.00792902 -0.00530904 -0.0073683 -0.0106557 0.00081223 -0.0331096 -0.00824834 0.0337394 0.0689347 -0.00586912 -0.0564415 0.000716521 -0.00731926 0.0438748 0.000327869 0.0351528 0.0763092 -0.0113382 0.000341408 -0.00922117 0.00238091 -0.0106354 8.87093e-05 0.0769618
internal_weight=710.367 153.016 144.906 142.679 140.666 16.0147 124.651 118.442 116.339 107.036 70.8506 36.1855 20.2967 11.1999 6.32826 64.5224 7.43414 57.0882 48.1273 8.96097 45.7145 11.4712 7.93208 34.2433 29.7341 27.33 23.4781 20.2366 18.4247 4.34737
internal_count=5625 1684 1594 1581 1567 109 1458 1415 1401 1352 666 686 199 119 54 612 42 570 522 48 512 70 49 442 337 301 277 255 232 59
is_linear=0
shrinkage=0.1


Tree=55
num_leaves=31
num_cat=0
split_feature=2 1 1 2 4 2 5 3 3 3 26 2 2 1 3 3 2 1 2 1 3 2 24 1 29 3 3 3 3 2
split_gain=0.594247 1.48403 4.6983 1.17435 3.16087 0.772905 1.6437 0.772423 2.24071 1.37494 1.97973 1.28868 2.67908 1.84282 2.13835 3.01694 1.74214 3.24767 2.06913 4.16059 8.13349 1.63554 1.57369 1.43995 1.42948 1.31677 2.32788 1.00704 2.34691 2.06512
threshold=19.275000000000002 6.5000000000000009 12.500000000000002 19.425000000000001 1.0000000180025095e-35 19.575000000000006 1.0000000180025095e-35 82.050000000000026 85.02500000000002 74.925000000000026 1.0000000180025095e-35 20.925000000000001 20.275000000000002 16.500000000000004 136.40000000000003 166.80000000000004 24.575000000000006 22.500000000000004 25.275000000000002 50.500000000000007 1358.7250000000001 19.775000000000002 1.0000000180025095e-35 10.500000000000002 1.0000000180025095e-35 917.30000000000007 1087.9750000000001 70.02500000000002 50.250000000000007 48.82500000000001
decision_type=2 2 2 2 2 2 2 2 2 2 2 2 2 2 2 2 2 2 2 2 2 2 2 2 2 2 2 2 2 2
left_child=1 -1 -3 4 -2 6 -5 9 -9 27 -11 12 13 14 -10 -16 17 -13 19 -18 -21 22 -15 -17 -25 -14 -27 28 29 -7
right_child=3 2 -4 5 -6 7 -8 8 11 10 -12 16 25 21 15 23 18 -19 -20 20 -22 -23 -24 24 -26 26 -28 -29 -30 -31
leaf_value=-0.071637674447063801 -0.034876383264259125 0.16135535103012058 -0.10527541867989028 -0.065067870163104849 0.13661183361515075 0.0045982432781248202 0.047792444872442746 -0.084395232040612653 -0.066669346297913934 0.10345449174835307 0.0085159545803988983 0.10381375143911478 -0.10774364219685653 0.10438992041490057 0.16224227787936701 -0.059859854259889794 -0.10830554448984438 -0.10317889762165533 6.9741859630442698e-05 0.55058787070056403 -0.10908380556343883 -0.10352582624231399 -0.10369202585470108 0.11338630953285385 -0.01192220417824426 0.27339447054093824 -0.10197530735746754 -0.024013963128233506 0.04148926271754641 -0.065873062137190727
leaf_weight=3.6975018093362442 2.1187819577753535 1.306447306647897 1.3374203466810284 4.7682996424846342 2.1814341223798692 48.612738462164998 1.7692688587121663 3.2253947518765917 2.1295582102611679 3.5759325465187413 5.6936518102884293 3.6744815688580266 4.4795717527158549 0.95309740467928239 1.737046495079994 1.8826154638081787 3.9436395191587499 0.9549855226650833 570.76143012591638 0.30242148414254177 0.4893168609123677 2.7661287274677306 0.58748816605657339 1.7398041998967528 1.9095605714246631 0.26503334287554015 0.43865072121843696 10.754044618457554 16.756768640130758 4.5473280102014533
leaf_count=22 33 8 47 48 30 241 36 22 24 25 42 27 122 49 18 23 66 79 4118 9 47 178 22 20 30 13 35 65 107 19
internal_value=-0.000255976 -0.0307308 0.0264782 1.89137e-05 0.052117 -0.00030172 -0.0345244 2.15086e-05 -0.00126944 0.00866572 0.0451404 -0.000821854 -0.0265267 -0.00336607 0.0214561 0.0472736 1.50801e-05 0.0611145 -0.000476421 -0.0663062 0.142892 -0.0575357 0.0250398 0.0111733 0.0478176 -0.0877669 0.0394028 0.00447455 0.00885642 -0.00142989
internal_weight=709.36 6.34137 2.64387 703.018 4.30022 698.718 6.53757 692.181 602.24 89.9405 9.26958 599.015 18.8886 13.7053 9.39858 7.26903 580.126 4.62947 575.497 4.73538 0.791738 4.30671 1.54059 5.53198 3.64936 5.18326 0.703684 80.6709 69.9168 53.1601
internal_count=5625 77 55 5548 63 5485 84 5401 4902 499 67 4880 534 364 115 91 4346 106 4240 122 56 249 71 73 50 170 48 432 367 260
is_linear=0
shrinkage=0.1


Tree=56
num_leaves=31
num_cat=0
split_feature=1 21 2 2 4 3 3 9 3 3 3 3 13 2 15 1 6 19 2 1 4 5 2 15 27 6 26 2 1 3
split_gain=0.537827 1.58586 2.04836 1.91017 1.49963 1.6735 1.13131 0.590748 2.28274 2.42692 2.20404 3.83728 3.68154 2.92968 2.01139 1.7058 1.64114 2.59073 2.5871 1.58086 3.03156 2.67742 1.57687 3.1079 2.01586 3.62034 2.29711 1.91582 1.90629 1.69674
threshold=70.500000000000014 1.0000000180025095e-35 56.175000000000004 103.27500000000002 1.0000000180025095e-35 7747.7250000000013 7986.7500000000009 1.0000000180025095e-35 3478.4500000000003 3006.5250000000005 2622.7000000000003 2343.0250000000001 1.0000000180025095e-35 70.225000000000009 1.0000000180025095e-35 51.500000000000007 1.0000000180025095e-35 1.0000000180025095e-35 104.77500000000002 43.500000000000007 1.0000000180025095e-35 1.0000000180025095e-35 72.125000000000014 1.0000000180025095e-35 1.0000000180025095e-35 1.0000000180025095e-35 1.0000000180025095e-35 60.425000000000004 25.500000000000004 480.67500000000007
decision_type=2 2 2 2 2 2 2 2 2 2 2 2 2 2 2 2 2 2 2 2 2 2 2 2 2 2 2 2 2 2
left_child=7 -2 -3 -4 6 -6 -5 8 9 10 11 -1 13 -13 -12 -10 18 -18 -17 20 -11 -21 23 24 28 26 -26 -25 -9 -24
right_child=1 2 3 4 5 -7 -8 22 15 19 14 12 -14 -15 -16 16 17 -19 -20 21 -22 -23 29 27 25 -27 -28 -29 -30 -31
leaf_value=-0.0025532906793775062 -0.10460749262757701 0.16818068958100527 -0.079780718649386698 -0.10753097374852645 0.10000764957798525 -0.036823621471907507 0.056076728368056009 0.0047072563549409828 -0.06161418073288099 0.14407910854440439 -0.012073444803504618 0.15750567842291088 -0.048693172111467113 0.042635224905695303 -0.10507712394288236 -0.011408217466211176 0.03607299204208763 -0.11226518673955609 0.11372296018465203 -0.084454353371994584 0.012713575293555041 0.060436219108184544 0.030642517807068032 -0.018544043625718654 0.21588108702519415 -0.10611982361808717 0.030944888621468925 -0.11510256522381929 -0.066654270933622639 0.0034966887782253995
leaf_weight=343.44651276944205 1.9209207731764735 0.63700269721448499 3.1788925430737418 1.324750254396349 2.5495296698063616 1.3763631628826258 0.62065714830532659 17.137560008093722 10.670416360720994 3.3030755976214987 5.8877758979797346 3.3933363091200572 2.7431923490948966 6.4225103966891766 3.8433187548071146 8.9525283835828322 1.8720788145437826 3.1728001614101231 2.0262306071817866 2.1391307897865772 3.7524374509230256 3.1585085084661841 25.551327433437109 3.8469256069511157 1.4079976901412006 0.87857361929491151 1.2842625421471894 4.410843369551003 4.7895223973318926 232.92580104991794
leaf_count=2536 152 7 139 31 21 41 33 124 96 20 43 25 36 32 44 134 26 64 15 28 26 47 157 30 25 36 21 69 163 1404
internal_value=-0.000256274 -0.0216041 -0.00514496 -0.0173446 0.0164602 0.0520365 -0.055334 9.92524e-05 -0.00237437 -0.000378981 -0.00185141 -0.000567965 0.0537239 0.0823459 -0.0488055 -0.0306366 -0.0100081 -0.0572191 0.0116859 0.0432149 0.074213 0.00193094 0.00352556 -0.0168013 0.000466553 0.0701425 0.127663 -0.0701203 -0.0108802 0.00618014
internal_weight=708.625 11.6081 9.6872 9.05019 5.8713 3.92589 1.94541 697.017 404.784 378.09 365.737 356.006 12.559 9.81585 9.73109 26.6941 16.0236 5.04488 10.9788 12.3532 7.05551 5.29764 292.233 33.7557 25.4979 3.57083 2.69226 8.25777 21.9271 258.477
internal_count=5625 424 272 265 126 62 64 5201 3172 2837 2716 2629 93 57 87 335 239 90 149 121 46 75 2029 468 369 82 46 99 287 1561
is_linear=0
shrinkage=0.1


Tree=57
num_leaves=31
num_cat=0
split_feature=2 29 2 4 26 2 5 1 29 1 1 24 21 1 0 2 1 3 17 2 3 1 19 5 1 3 3 26 2 3
split_gain=0.492105 1.35361 0.933052 2.3648 0.753918 0.627665 1.36789 0.700109 1.33958 4.44892 4.86273 4.37687 3.40457 1.80572 2.19656 1.61844 2.70662 1.92818 1.42727 3.13168 4.13151 2.2784 1.91864 1.54121 2.83393 2.3434 2.15936 3.0116 1.37994 4.5163
threshold=19.275000000000002 1.0000000180025095e-35 19.425000000000001 1.0000000180025095e-35 1.0000000180025095e-35 19.575000000000006 1.0000000180025095e-35 1.5000000000000002 1.0000000180025095e-35 49.500000000000007 42.500000000000007 1.0000000180025095e-35 1.0000000180025095e-35 22.500000000000004 1.0000000180025095e-35 19.875000000000004 3.5000000000000004 76.800000000000026 1.0000000180025095e-35 60.425000000000004 417.72500000000008 17.500000000000004 1.0000000180025095e-35 1.0000000180025095e-35 9.5000000000000018 239.25000000000003 161.00000000000003 1.0000000180025095e-35 49.875000000000007 1391.0000000000002
decision_type=2 2 2 2 2 2 2 2 2 2 2 2 2 2 2 2 2 2 2 2 2 2 2 2 2 2 2 2 2 2
left_child=1 -1 3 -2 -3 6 -4 -7 28 10 12 -12 13 14 15 16 -10 -17 19 21 -21 22 23 24 26 -25 27 -19 29 -9
right_child=2 4 5 -5 -6 7 -8 8 9 -11 11 -13 -14 -15 -16 17 -18 18 -20 20 -22 -23 -24 25 -26 -27 -28 -29 -30 -31
leaf_value=-0.092475971993762951 -0.031874222532401582 -0.033906371597969519 -0.060334202578540858 0.1149800066661245 0.052689449865298901 0.0086264705342931763 0.041977509588185247 0.025372217740698439 0.1449714149605251 -0.10911689886554531 -0.0028812526660226892 0.22441538509229164 0.021978486728762642 -0.067035782074757702 0.044537351923665501 -0.096106294613504964 -0.02766030252407542 -0.070568617180551796 0.022456594157328785 -0.16118058753529513 -0.024759211166244192 -0.11148614705665577 0.049709281961593153 -0.13351720015311422 -0.087876226158167009 0.0060693961936837456 0.072297715000558954 0.059820561494004804 -0.0012097618219786511 -0.044185689457071131
leaf_weight=2.148132238071411 2.0707442890852681 2.1968786525540054 4.6164931529201558 2.3307427880354226 1.8537145946174858 82.673493577167392 1.8227204405702648 57.30225354898721 1.4781308546662324 4.5068786267656824 1.7027375320903948 1.6860805610194802 22.01433879416436 8.3335840147919935 5.2340195048600426 3.8884856803342691 2.3555156737565994 4.1462617656216114 6.0467829061672083 3.7530292673036438 5.4345286088064313 2.160540885757654 5.1852956349030128 2.5531344609335056 3.1066453363746396 2.2738509485498071 4.6800192343071103 3.0926548792049289 445.03274768777192 11.15093531203456
leaf_count=31 33 31 48 30 15 449 36 606 10 180 38 17 129 175 29 40 44 31 41 18 31 44 33 24 38 27 32 17 3103 245
internal_value=-0.00025497 -0.028307 -6.78368e-06 0.0458903 0.00572336 -0.000296939 -0.0313733 -6.84142e-06 -0.00118247 -0.0121826 -0.00728088 0.110208 -0.0119247 -0.0236374 -0.0171078 -0.0235409 0.0389009 -0.0287088 -0.0225325 -0.030009 -0.080486 -0.012958 -0.0044559 -0.0186033 -0.00281102 -0.0677621 0.019361 -0.0148629 0.000823372 0.0140413
internal_weight=706.831 6.19873 700.633 4.40149 4.05059 696.231 6.43921 689.792 607.118 93.6325 89.1256 3.38882 85.7368 63.7225 55.3889 50.1549 3.83365 46.3212 42.4327 36.386 9.18756 27.1984 25.0379 19.8526 15.0256 4.82699 11.9189 7.23892 513.486 68.4532
internal_count=5625 77 5548 63 46 5485 84 5401 4952 998 818 55 763 634 459 430 54 376 336 295 49 246 202 169 118 51 80 48 3954 851
is_linear=0
shrinkage=0.1


Tree=58
num_leaves=31
num_cat=0
split_feature=9 3 3 2 2 2 2 3 3 3 2 2 3 2 3 4 17 1 2 2 2 2 15 1 1 23 3 1 1 1
split_gain=0.452526 1.92358 3.02528 1.39233 4.23213 3.05857 4.14553 2.75042 2.74227 2.64818 2.63753 1.8719 3.24366 2.64212 2.75311 3.8776 2.44217 2.302 1.9652 3.14772 2.15442 3.07528 7.03903 1.88905 1.71178 1.69448 1.5921 2.02987 1.57282 3.38742
threshold=1.0000000180025095e-35 3334.9250000000006 3121.9250000000006 84.325000000000003 87.725000000000009 82.475000000000009 81.325000000000003 5083.1750000000011 655.40000000000009 5300.3750000000009 89.27500000000002 90.125000000000014 2225.8000000000006 90.77500000000002 1253.3250000000003 1.0000000180025095e-35 1.0000000180025095e-35 15.500000000000002 93.575000000000003 91.725000000000009 94.675000000000026 95.725000000000009 1.0000000180025095e-35 40.500000000000007 32.500000000000007 1.0000000180025095e-35 1625.8500000000001 32.500000000000007 27.500000000000004 21.500000000000004
decision_type=2 2 2 2 2 2 2 2 2 2 2 2 2 2 2 2 2 2 2 2 2 2 2 2 2 2 2 2 2 2
left_child=1 2 -1 5 8 6 7 28 -5 -9 26 12 -12 25 15 -15 -17 -16 19 -19 23 22 -22 -20 -7 -13 -6 -28 29 -2
right_child=3 -3 -4 4 10 24 -8 9 -10 -11 11 13 -14 14 17 16 -18 18 20 -21 21 -23 -24 -25 -26 -27 27 -29 -30 -31
leaf_value=-0.0015477092596660083 -0.0085108785651414331 -0.026562412889460166 0.074147082307891674 0.1101763818458313 -0.11009354459715304 -0.1137594566440816 0.1281578991904333 0.20463524226879529 0.028877907096167513 -0.014518266993182954 0.11358863645307922 -0.013543721922138235 -0.0083155198373311406 0.098641710015111905 -0.072180157504237938 0.049489183857075604 -0.067860454052976499 0.019980642031315443 0.093417046553571373 -0.11724587017679533 -0.12266006066931268 0.0061854310751182509 0.052368762382451153 0.0099454498146414119 -0.01352314098305861 -0.12457841939527969 0.040335398385905441 -0.080180994871457911 -0.030037253359285001 0.064397581456483263
leaf_weight=369.56820068554953 55.068920731544495 30.547397950198501 5.356517504900693 5.1271543279290226 3.0576251754537207 3.9900012686848632 2.3759567411616436 1.2030971967615181 21.748333877883852 1.0178719181567428 4.1568548753857595 2.9133608425036064 4.5960571551695466 7.1107048802077752 4.257170855998992 3.7663766406476498 3.3514941707253456 3.2634311690926543 4.9517244398593885 3.4267706633545458 5.768769793212412 106.43644971586764 3.8186820596456528 5.9920834749937057 2.9733204692602158 2.6018949477002025 2.7757113873958588 2.8148870854638517 24.37566180434078 7.2064697528257957
leaf_count=2795 312 434 51 34 15 20 20 15 151 33 20 18 44 53 22 26 23 28 22 34 30 718 26 39 36 24 13 30 473 66
internal_value=-0.000253464 -0.00243229 -0.000466264 0.00268994 0.00743977 -0.00707634 -0.00220134 -0.00568644 0.0443876 0.104197 0.00176749 0.00456568 0.0495781 0.00206667 0.00453142 0.0464117 -0.00576563 0.000210668 0.00251641 -0.0503078 0.00529983 0.00129919 -0.0529461 0.0477137 -0.0709588 -0.0659258 -0.0520761 -0.0203451 -0.00850288 -7.39566e-05
internal_weight=705.619 405.472 374.925 300.147 201.936 98.2113 91.248 88.872 26.8755 2.22097 175.06 166.412 8.75291 157.659 152.144 14.2286 7.11787 137.915 133.658 6.6902 126.968 116.024 9.58745 10.9438 6.96332 5.51526 8.64822 5.5906 86.6511 62.2754
internal_count=5625 3280 2846 2345 1370 975 919 899 185 48 1185 1127 64 1063 1021 102 49 919 897 62 835 774 56 61 56 42 58 43 851 378
is_linear=0
shrinkage=0.1


Tree=59
num_leaves=31
num_cat=0
split_feature=1 21 2 2 2 0 24 1 3 1 1 2 1 2 1 2 3 2 3 28 19 13 2 2 1 3 2 3 28 1
split_gain=0.44091 1.45932 1.67259 1.62826 1.26162 1.44627 1.11101 2.45047 0.548742 2.92004 3.32242 2.45501 2.38796 1.70755 1.96823 1.81468 3.90829 3.6705 3.25489 3.01853 2.62952 2.60032 2.04294 2.2601 1.7977 1.61666 2.69537 2.6473 2.55712 3.4914
threshold=70.500000000000014 1.0000000180025095e-35 56.175000000000004 103.27500000000002 105.22500000000001 1.0000000180025095e-35 1.0000000180025095e-35 71.500000000000014 4309.9500000000016 43.500000000000007 45.500000000000007 106.77500000000002 61.500000000000007 79.825000000000003 63.500000000000007 93.875000000000014 4370.5000000000009 96.77500000000002 5025.4000000000005 1.0000000180025095e-35 1.0000000180025095e-35 1.0000000180025095e-35 99.825000000000003 100.47500000000001 58.500000000000007 6476.9250000000002 109.35000000000001 6872.8250000000007 1.0000000180025095e-35 56.500000000000007
decision_type=2 2 2 2 2 2 2 2 2 2 2 2 2 2 2 2 2 2 2 2 2 2 2 2 2 2 2 2 2 2
left_child=8 -2 -3 -4 -5 6 7 -6 11 -10 -11 12 -1 14 -12 16 -15 18 -17 -20 21 24 -19 -24 -18 26 28 -27 -25 -30
right_child=1 2 3 4 5 -7 -8 -9 9 10 13 -13 -14 15 -16 17 20 22 19 -21 -22 -23 23 25 -26 27 -28 -29 29 -31
leaf_value=3.9748063934272752e-05 -0.10434539017501224 0.14771419551281204 -0.07683665888220724 0.098376667249659572 0.08631845414796363 -0.11631027561896035 0.118145650860527 -0.10620386198468929 0.091469543735782588 -0.093662739898155892 -0.024885543756641013 -0.067934477602880031 -0.080196888879548595 0.13263825483367397 0.1121363726975778 0.1336192143951648 -0.036737465897980152 -0.039269360915772336 -0.034129202352119928 0.094196000696645965 -0.11225240680574011 -0.11188911324291868 0.084010626097656721 0.037608717392561601 0.065295463801071749 -0.069064179805147355 0.084200598011579003 0.0054665830094068682 -0.070781664977216552 0.036363114501965221
leaf_weight=579.09394235094078 1.7304827689658822 0.67092184815555889 2.9406251169275475 1.3691299296915529 1.2840552311390643 1.0149983800947664 0.85785125195980061 1.3628096538595855 3.9168519638478747 3.4029239490628234 1.5844104224815954 5.4449668750166884 3.7331239101476958 1.3608390279114235 3.0983349615707994 4.0931090712547284 3.444140272215007 10.642972290515898 4.1484345681965351 3.2841993123292923 4.0614683558233073 2.133337733335793 3.7037949971854678 12.067454516887668 3.4630325315520167 6.8150337934494045 5.1615626215934745 15.848875962197779 7.4150644391775131 5.156047023832798
leaf_count=4098 152 7 139 14 16 25 8 63 20 21 27 28 214 11 70 25 22 71 35 20 113 36 22 67 28 55 26 132 36 24
internal_value=-0.000229435 -0.0198846 -0.00450024 -0.0160665 0.0142794 -0.0111957 0.0192465 -0.0128068 8.90661e-05 0.00675558 0.00346657 -0.00109859 -0.000474184 0.00685718 0.0657749 0.00388413 -0.0286608 0.00989271 0.0620085 0.0225728 -0.0454142 -0.015387 0.00090206 0.00851395 0.0144185 0.00318412 0.0184928 -0.0169448 0.00472758 -0.0268362
internal_weight=704.305 11.2309 9.50039 8.82947 5.88884 4.51971 3.50472 2.64686 693.074 104.802 100.885 588.272 582.827 97.4821 4.68275 92.7994 14.4628 78.3365 11.5257 7.43263 13.102 9.04051 66.8108 56.1678 6.90717 52.464 29.8001 22.6639 24.6386 12.5711
internal_count=5625 424 272 265 126 112 87 79 5201 861 841 4340 4312 820 97 723 210 513 80 55 199 86 433 362 50 340 153 187 127 60
is_linear=0
shrinkage=0.1


Tree=60
num_leaves=31
num_cat=0
split_feature=2 2 1 1 3 1 3 1 3 6 24 25 15 28 1 2 1 25 1 2 3 3 2 1 17 28 23 0 1 3
split_gain=0.416603 3.62523 2.20207 1.79826 2.20661 2.99247 2.15938 2.89732 1.75907 0.979598 1.94462 2.77316 2.01378 1.45942 1.32479 1.14631 0.990966 0.728194 2.22603 1.91101 2.63563 2.43046 2.47978 1.55369 2.01582 1.3224 3.48627 3.22077 2.19838 1.66227
threshold=106.12500000000001 105.92500000000003 31.500000000000004 43.500000000000007 5083.1750000000011 49.500000000000007 5738.1500000000005 54.500000000000007 6402.6250000000009 1.0000000180025095e-35 1.0000000180025095e-35 1.0000000180025095e-35 1.0000000180025095e-35 1.0000000180025095e-35 66.500000000000014 111.47500000000001 69.500000000000014 1.0000000180025095e-35 42.500000000000007 104.77500000000002 7239.6250000000009 5699.8000000000011 95.175000000000026 69.500000000000014 1.0000000180025095e-35 1.0000000180025095e-35 1.0000000180025095e-35 1.0000000180025095e-35 59.500000000000007 1034.7250000000001
decision_type=2 2 2 2 2 2 2 2 2 2 2 2 2 2 2 2 2 2 2 2 2 2 2 2 2 2 2 2 2 2
left_child=1 17 -2 -4 -5 -6 -7 -8 -9 10 11 -10 -13 16 -11 -16 -14 -1 -19 20 21 22 25 -23 -25 26 27 28 29 -20
right_child=2 -3 3 4 5 6 7 8 9 14 -12 12 13 -15 15 -17 -18 18 19 -21 -22 23 -24 24 -26 -27 -28 -29 -30 -31
leaf_value=0.00047654235205205129 -0.082141974141565516 0.10066203717347484 0.051316871898489685 -0.1093428988740006 0.098097166547814016 -0.10134651414584808 0.099774664785723874 -0.085157231895176877 -0.13156578666855226 -0.11329315236646376 0.056315802762080681 0.11100852503622261 0.052585789170110669 -0.11872480106550365 -0.053370758971899239 0.08134420300518129 -0.05105459268316908 -0.10177263586752956 -0.10190746888387506 -0.11108206349179528 0.15336279582833853 -0.10841302088661808 0.13615450867414217 0.13196861671575774 -0.058080873385098201 0.064187029221851308 -0.10333949566182443 0.26005096936512823 -0.064123588937337772 0.096445886291311261
leaf_weight=635.5049663297832 3.8401744179427615 3.5844646561890832 5.2992596067488185 2.1546842604875591 2.5904192924499538 2.5849109739065197 2.3706006556749371 3.1964100524783161 1.792871199548246 1.7443624474108208 5.2500603869557372 1.4892846560105679 2.1792628206312661 1.1790504129603503 1.6298993416130545 1.0313041838817296 1.5998613657429812 2.7540888669900623 0.50928224716336457 1.614846559241413 1.087962602265178 3.1221924424171439 1.5464660692960013 0.76983382925391231 2.029289691708982 2.611161883454769 3.0692313208710402 0.54219417902640987 2.5227705654688179 2.4792774934321642
leaf_count=4105 19 19 27 12 13 13 11 16 14 19 36 11 18 19 25 27 49 247 37 24 14 67 15 17 113 48 174 32 265 119
internal_value=-0.000229915 0.000366893 -0.0101499 -0.00249005 -0.0117499 -0.00440716 -0.014601 -0.00504432 -0.0168251 -0.00462021 0.0087499 -0.0215552 0.00903592 -0.0215935 -0.0455612 -0.00116427 0.00871048 -0.000177676 -0.0170383 -0.00638449 0.00194835 -0.00663075 0.0171255 -0.0599116 -0.00581218 0.00143817 -0.0165221 0.0274956 0.00461728 0.0626444
internal_weight=703.68 663.748 39.9324 36.0922 30.793 28.6383 26.0479 23.463 21.0924 17.896 13.4904 8.24033 6.44746 4.95817 4.40557 2.6612 3.77912 660.164 24.6586 21.9045 20.2897 19.2017 13.2804 5.92132 2.79912 11.7339 9.12276 6.05352 5.51133 2.98856
internal_count=5625 5296 329 310 283 271 258 245 234 218 147 111 97 86 71 52 67 5277 1172 925 901 887 690 197 130 675 627 453 421 156
is_linear=0
shrinkage=0.1


Tree=61
num_leaves=31
num_cat=0
split_feature=2 1 1 2 1 5 3 3 2 3 26 5 3 28 3 3 2 2 11 28 29 3 26 29 1 21 1 24 1 0
split_gain=0.402993 1.24312 3.69388 0.739352 2.096 2.30228 0.564312 1.96994 1.65739 1.16096 1.80697 0.969722 1.43315 1.61175 0.981294 2.4849 2.12917 1.65596 1.52416 0.926993 1.51353 1.39356 1.04399 0.870509 4.1163 3.56736 1.43143 6.5584 2.58385 1.49886
threshold=19.275000000000002 6.5000000000000009 12.500000000000002 19.425000000000001 14.500000000000002 1.0000000180025095e-35 82.050000000000026 85.02500000000002 19.625000000000004 74.925000000000026 1.0000000180025095e-35 1.0000000180025095e-35 54.32500000000001 1.0000000180025095e-35 50.250000000000007 70.02500000000002 48.82500000000001 70.725000000000009 1.0000000180025095e-35 1.0000000180025095e-35 1.0000000180025095e-35 35.175000000000004 1.0000000180025095e-35 1.0000000180025095e-35 49.500000000000007 1.0000000180025095e-35 37.500000000000007 1.0000000180025095e-35 22.500000000000004 1.0000000180025095e-35
decision_type=2 2 2 2 2 2 2 2 2 2 2 2 2 2 2 2 2 2 2 2 2 2 2 2 2 2 2 2 2 2
left_child=1 -1 -3 4 -2 -6 9 -8 -9 11 -11 14 13 -13 16 18 19 -17 -16 20 -5 -22 -21 -10 25 26 28 -28 29 -25
right_child=3 2 -4 6 5 -7 7 8 23 10 -12 12 -14 -15 15 17 -18 -19 -20 22 21 -23 -24 24 -26 -27 27 -29 -30 -31
leaf_value=-0.064233802067345219 -0.0096348227254674842 0.13765804857499528 -0.10464336962286738 -0.054871343235443251 0.25412132192286258 0.011735029795281172 -0.079754794616799449 -0.065193188399478338 0.0010311290395062865 0.098153611063252599 0.0059874446380304399 0.086454015979816307 -0.021251109315063542 -0.00067861165068862513 0.061740589288471232 -0.065161097222565176 -0.076928474433016786 0.02072579072780447 -0.013177554948924404 -0.0092394427500049389 0.013162881185810349 -0.036139933987049531 0.059921072583340895 -0.02034201598354406 -0.10869776309663107 0.027269034139688703 -0.06507940353966217 0.24037802309383738 -0.081365952429648114 0.037176522750757467
leaf_weight=3.5333757093176237 2.9188413098454467 1.384048128500581 1.1535816222894935 6.2115618064999572 0.78892790619283892 0.77861876389943063 3.1910947412252417 3.9920104634948066 507.09961083391681 3.4344130977988225 5.5886988937854767 5.2397076189517957 3.9643480582162729 3.5689337179064751 10.334565587341787 4.8277109786868078 4.255288526415824 4.1960887908935547 3.6834155954420558 4.2467504888772947 20.793646238744262 7.9152983427047721 4.4905806556344032 42.731514813844115 4.0171590112149707 24.109438990242779 1.8893212573602787 1.119349367916584 6.5169435215648255 5.0677831834182134
leaf_count=22 20 8 47 30 17 26 22 92 3929 25 42 32 28 18 60 26 18 27 30 19 98 40 24 363 178 146 51 22 137 28
internal_value=-0.000232747 -0.0258856 0.0275102 -9.29656e-06 0.0404553 0.133725 -0.000271453 -0.00139408 -0.000974901 0.00698751 0.0410681 0.00331474 0.0286797 0.0511511 -0.00125134 0.0157068 -0.00940663 -0.0252235 0.0420548 -0.00282533 -0.0101141 -0.000430321 0.0263058 -0.000542263 -0.00987933 -0.00500462 -0.0185781 0.0485633 -0.0222972 -0.0142438
internal_weight=703.043 6.07101 2.53763 696.972 4.48639 1.56755 692.485 599.734 596.543 92.751 9.02311 83.7279 12.773 8.80864 70.9549 23.0418 47.9131 9.0238 14.018 43.6578 34.9205 28.7089 8.73733 592.551 85.4515 81.4344 57.3249 3.00867 54.3162 47.7993
internal_count=5625 77 55 5548 63 43 5485 4968 4946 517 67 450 78 50 372 143 229 53 90 211 168 138 43 4854 925 747 601 73 528 391
is_linear=0
shrinkage=0.1


Tree=62
num_leaves=31
num_cat=0
split_feature=6 2 3 26 13 15 2 1 3 27 17 2 15 2 2 4 26 15 3 1 1 2 2 1 5 9 1 2 2 3
split_gain=0.401918 1.13527 2.04246 1.87152 2.37992 3.87691 4.08443 3.49248 3.48389 3.05848 2.73071 2.05388 1.79086 1.52651 4.9306 1.56871 3.2454 1.40041 3.04953 6.03769 3.80769 3.60852 3.6514 1.67659 1.47685 2.87056 1.9475 3.18459 4.38667 2.4078
threshold=1.0000000180025095e-35 45.725000000000009 44.500000000000007 1.0000000180025095e-35 1.0000000180025095e-35 1.0000000180025095e-35 80.625000000000014 23.500000000000004 4914.8500000000013 1.0000000180025095e-35 1.0000000180025095e-35 69.925000000000026 1.0000000180025095e-35 19.825000000000006 19.725000000000005 1.0000000180025095e-35 1.0000000180025095e-35 1.0000000180025095e-35 1971.0000000000002 33.500000000000007 46.500000000000007 75.125000000000014 65.875000000000014 4.5000000000000009 1.0000000180025095e-35 1.0000000180025095e-35 26.500000000000004 99.02500000000002 103.97500000000001 930.92500000000007
decision_type=2 2 2 2 2 2 2 2 2 2 2 2 2 2 2 2 2 2 2 2 2 2 2 2 2 2 2 2 2 2
left_child=-1 2 -2 4 7 -6 9 10 12 -7 11 -3 -9 14 15 16 -4 18 21 -20 -21 22 23 -5 25 -19 29 -28 -29 -26
right_child=1 3 13 17 5 6 -8 8 -10 -11 -12 -13 -14 -15 -16 -17 -18 24 19 20 -22 -23 -24 -25 26 -27 27 28 -30 -31
leaf_value=0.0010226499195743781 0.021300938615168422 0.096091352685381742 -0.055842592064785791 0.032223091750531362 -0.057275820956977065 0.044964682228938069 -0.049909254434519094 0.0023650390299260558 0.10336701741038368 0.22090820115769649 0.13777932831004489 -0.0071863413209764986 -0.10304949985529444 -0.051206210948151046 0.22432681564585241 -0.086270075320368844 0.18136342589668028 -0.010114907253410403 0.12101802342996859 -0.074554563359214163 0.040763763987957308 -0.055323822365589741 0.087678470218678903 -0.061814350797993016 -0.023526575213642525 -0.14401275868538876 -0.065712514113901471 0.11216796042799269 -0.028936175879607874 0.085371768415142019
leaf_weight=552.17844734212849 8.2618358265608567 3.5083104297518748 1.705501366406682 3.2417039126157778 8.4212445584125799 3.1020117045845828 2.9594415933825076 3.6593835502862913 2.1233896920457482 1.4497569324448702 4.4287519548088312 4.2682907730340958 2.8799744695425034 17.718182834680192 0.89023160084616382 2.5482898578047752 0.87153578829020251 3.8395533366128793 5.6211013868451145 4.7178788762539607 7.2838955125771463 13.085988190025089 4.8529862090945244 4.5669885948300362 4.2768626641482133 2.7463284274563193 11.52537608263083 3.019773304462432 8.1477831564843637 3.8654632214456797
leaf_count=3941 44 20 49 14 94 54 66 31 17 25 24 21 38 436 25 60 11 29 29 34 96 66 28 37 27 21 172 18 74 24
internal_value=-0.000222957 -0.00482091 -0.021522 -0.000276714 0.0184156 -0.0106884 0.0415433 0.0406361 -0.00792322 0.101003 0.0751011 0.039406 -0.0440602 -0.0364289 0.00709606 -0.0306353 0.0243788 -0.00879106 0.00343832 0.0354899 -0.00456769 -0.0184992 0.0195594 -0.0227756 -0.0229647 -0.0659506 -0.0137837 -0.0288374 0.00921922 0.0281715
internal_weight=701.766 149.588 31.9956 117.592 36.8006 15.9325 7.51121 20.8681 8.66275 4.55177 12.2054 7.7766 6.53936 23.7337 6.01556 5.12533 2.57704 80.7917 43.3705 17.6229 12.0018 25.7477 12.6617 7.80869 37.4211 6.58588 30.8353 22.6929 11.1676 8.14233
internal_count=5625 1684 625 1059 390 239 145 151 86 79 65 41 69 581 145 120 60 669 304 159 130 145 79 51 365 50 315 264 92 51
is_linear=0
shrinkage=0.1


Tree=63
num_leaves=31
num_cat=0
split_feature=26 1 3 7 2 2 21 6 3 3 2 15 10 24 1 2 2 3 27 3 4 3 1 13 6 3 2 3 3 3
split_gain=0.404213 0.813827 1.48047 1.14232 1.14137 0.988965 3.53949 2.87604 1.7901 2.72098 1.24984 2.07654 5.02351 3.77602 3.72105 3.26448 4.8853 2.73656 2.75513 2.2793 1.98501 6.23761 4.58434 1.87441 2.86743 2.29897 1.82486 2.12985 4.5672 3.23571
threshold=1.0000000180025095e-35 70.500000000000014 6476.9250000000002 1.0000000180025095e-35 105.67500000000003 90.375000000000014 1.0000000180025095e-35 1.0000000180025095e-35 1654.5250000000003 4039.4000000000005 83.225000000000009 1.0000000180025095e-35 1.0000000180025095e-35 1.0000000180025095e-35 12.500000000000002 54.675000000000004 30.675000000000004 2457.4250000000006 1.0000000180025095e-35 225.57500000000002 1.0000000180025095e-35 2694.6500000000005 43.500000000000007 1.0000000180025095e-35 1.0000000180025095e-35 744.52500000000009 80.475000000000009 1107.6250000000002 865.02500000000009 1754.1750000000002
decision_type=2 2 2 2 2 2 2 2 2 2 2 2 2 2 2 2 2 2 2 2 2 2 2 2 2 2 2 2 2 2
left_child=1 2 5 -3 -4 10 -7 8 -8 -10 11 13 15 17 19 16 -13 26 -19 -15 21 -12 -22 25 -25 -17 27 28 -1 -29
right_child=-2 3 4 -5 -6 6 7 -9 9 -11 20 12 -14 14 -16 23 -18 18 -20 -21 22 -23 -24 24 -26 -27 -28 29 -30 -31
leaf_value=0.0013928380354296054 0.0014265281237620959 0.080949154367460585 0.095713844081014854 -0.10342242529925004 0.00012386037766997328 -0.087079667295358723 0.023327720189795606 0.05217119239081372 -0.08642348548465309 -0.0028775910720185037 0.10989505251165949 0.091304252659074756 -0.10816538414935178 -0.027795694013090684 -0.079371685245375911 0.093091586227891029 -0.084454134377791854 0.029889533529965956 0.18757676187890651 0.12462021149503054 -0.064097060128118652 -0.057548203985416047 0.08065431469957425 0.00028905342764310387 0.10827333705834935 -0.067291136644151484 0.087980374120207053 -0.083363571195192887 0.099006301678165973 0.035852660235671525
leaf_weight=94.49253024533391 476.11124099628069 0.42158533446490776 2.6463450901210299 1.6562412247294551 2.3657957464456558 6.3867981741204849 6.164882540702826 6.7764856396242967 7.0495801120996466 8.7207241724245232 6.6247028699144721 1.9536641538143218 6.1829589884728184 2.4378828890621653 10.250642862170933 1.1788561232387991 8.3010166874155384 3.6471477118320754 1.5915398034267125 1.6420188453048465 5.9003552366048098 3.3496676785871387 3.4773647347465158 5.6713946675881743 4.3415346471592784 3.6955490794498473 2.5203221887350074 6.5570497438311559 5.0493873660452655 3.4875743358861655
leaf_count=701 3326 13 22 163 23 45 29 41 37 55 33 12 35 42 270 7 88 41 27 22 32 32 29 81 61 58 13 159 89 39
internal_value=-0.000222954 -0.00372047 -0.00313864 -0.0660139 0.0505941 -0.00437715 -0.0197488 -0.00477137 -0.0223628 -0.040224 -0.00141848 -0.00427107 -0.0274121 0.00123405 -0.0472239 -0.00755316 -0.0509696 0.00715187 0.0777957 0.0335464 0.0226086 0.053663 -0.0104216 0.0223529 0.0471103 -0.0285032 0.00385072 0.00191587 0.0063444 -0.0419707
internal_weight=700.653 224.542 222.464 2.07783 5.01214 217.452 35.0985 28.7117 21.9352 15.7703 182.353 163.001 31.325 131.676 14.3305 25.142 10.2547 117.346 5.23869 4.0799 19.3521 9.97437 9.37772 14.8873 10.0129 4.87441 112.107 109.587 99.5419 10.0446
internal_count=5625 2299 2123 176 45 2078 207 162 121 92 1871 1745 342 1403 334 307 100 1069 68 64 126 65 61 207 142 65 1001 988 790 198
is_linear=0
shrinkage=0.1


Tree=64
num_leaves=31
num_cat=0
split_feature=6 27 0 1 2 1 23 2 23 2 2 2 4 2 1 29 3 4 2 3 2 3 3 4 4 3 1 26 19 2
split_gain=0.414944 1.1651 1.90739 1.52585 6.22389 5.59857 3.11732 2.06143 1.66035 1.71098 4.16822 2.73599 2.49729 1.83069 1.97247 1.96984 2.48765 2.36949 1.57376 3.12837 2.80137 2.71382 1.60838 1.57101 1.47839 2.71299 3.91346 1.83145 2.09881 3.65594
threshold=1.0000000180025095e-35 1.0000000180025095e-35 1.0000000180025095e-35 16.500000000000004 88.425000000000026 21.500000000000004 1.0000000180025095e-35 83.225000000000009 1.0000000180025095e-35 25.275000000000002 20.025000000000002 19.775000000000002 1.0000000180025095e-35 33.95000000000001 1.5000000000000002 1.0000000180025095e-35 255.55000000000004 1.0000000180025095e-35 51.125000000000007 1654.5250000000003 19.775000000000002 1971.0000000000002 2422.9000000000005 1.0000000180025095e-35 1.0000000180025095e-35 148.55000000000004 6.5000000000000009 1.0000000180025095e-35 1.0000000180025095e-35 53.57500000000001
decision_type=2 2 2 2 2 2 2 2 2 2 2 2 2 2 2 2 2 2 2 2 2 2 2 2 2 2 2 2 2 2
left_child=-1 3 24 4 7 6 -5 8 9 10 11 12 -2 -11 -15 17 -17 -16 20 -20 -7 -21 -23 -12 -3 -26 -27 28 29 -28
right_child=1 2 -4 5 -6 18 -8 -9 -10 13 23 -13 -14 14 15 16 -18 -19 19 21 -22 22 -24 -25 25 26 27 -29 -30 -31
leaf_value=0.0010380720463149312 0.050558580231833607 -0.0080556254315441011 0.05668026430562987 0.021654832917999512 -0.096845116566163569 0.071193209873215868 0.14385540118980403 0.078053382621931219 -0.058528170151155134 0.088837413570890936 -0.036562377900683431 0.10884941907779166 -0.091368489639175571 0.055878177064336204 -0.031172019319422345 0.013812573250758013 -0.11328870745418723 0.062939655725209862 0.11549541524948458 -0.090163272841096598 -0.080648270915283635 0.05766095403381305 -0.0015228866475954482 -0.14313770907769391 -0.24590049997734809 0.15754580883459257 -0.10917718692260346 -0.097168561193721942 -0.10889040272636491 0.11426100215676752
leaf_weight=551.29285045678262 2.4600060787051898 12.957799054333012 2.7000389907043418 3.9619809286668879 7.6111959367990485 1.5715870186686505 4.4124176017940044 3.2022797912359229 5.1289467895403495 3.1025451645255115 2.6035953355021775 2.4135897811502218 2.4993586223572493 6.0746188759803799 5.4015933349728602 2.8291713651269665 3.3790947971865535 5.3004524186253548 2.4231368321925393 3.1841218722984186 5.355608883081004 5.2010050173848859 39.201578320935369 2.9506383975967765 0.71149553125724274 0.88391490280628104 1.1543372289743259 6.1609606354031712 1.5706271852832285 2.0028870841488242
leaf_count=3941 25 198 20 48 40 59 21 16 32 19 29 21 26 32 27 14 27 29 21 25 238 36 429 35 9 4 44 101 39 20
internal_value=-0.000225439 -0.00491894 -0.0232356 -0.000632956 -0.0129119 0.00969934 0.0860415 0.000580936 -0.00503909 0.00199269 -0.0277564 0.0215286 -0.0209681 0.0167343 0.0070017 -0.010556 -0.0553673 0.0154391 -0.00152921 0.0046584 -0.0461997 -0.000985475 0.00540949 -0.0931796 -0.0317167 -0.0562753 -0.0448151 -0.0612421 -0.0144255 0.032568
internal_weight=699.703 148.411 28.1421 120.269 54.9571 65.3114 8.3744 47.3459 44.1436 39.0147 12.9272 7.37295 4.95936 26.0875 22.9849 16.9103 6.20827 10.702 56.937 50.0098 6.9272 47.5867 44.4026 5.55423 25.442 12.4842 11.7727 10.8888 4.72785 3.15722
internal_count=5625 1684 435 1249 372 877 69 332 316 284 136 72 51 148 129 97 41 56 808 511 297 490 465 64 415 217 208 204 103 64
is_linear=0
shrinkage=0.1


Tree=65
num_leaves=31
num_cat=0
split_feature=9 3 3 3 3 13 1 15 3 6 2 1 17 1 21 3 26 26 3 3 2 5 24 2 3 3 13 2 2 2
split_gain=0.403458 1.62842 1.55013 1.76541 2.93505 2.97006 2.48567 1.78466 1.28727 3.02619 6.61128 3.78068 6.07501 4.24152 2.70251 2.14184 6.90375 1.68272 2.33954 4.37063 2.17558 2.00463 1.27046 2.92444 1.81975 1.79359 3.19095 1.24455 1.20365 3.52749
threshold=1.0000000180025095e-35 3527.1500000000005 3006.5250000000005 2622.7000000000003 2343.0250000000001 1.0000000180025095e-35 30.500000000000004 1.0000000180025095e-35 1266.2250000000001 1.0000000180025095e-35 55.175000000000004 37.500000000000007 1.0000000180025095e-35 40.500000000000007 1.0000000180025095e-35 1145.1500000000003 1.0000000180025095e-35 1.0000000180025095e-35 1410.7250000000001 1537.3000000000002 70.725000000000009 1.0000000180025095e-35 1.0000000180025095e-35 104.77500000000002 3847.8000000000006 3952.5500000000006 1.0000000180025095e-35 95.575000000000003 84.325000000000003 87.725000000000009
decision_type=2 2 2 2 2 2 2 2 2 2 2 2 2 2 2 2 2 2 2 2 2 2 2 2 2 2 2 2 2 2
left_child=1 2 3 4 8 6 -6 -5 15 11 -11 17 13 -13 -12 -1 -17 20 -19 -20 -10 -21 24 25 -3 -24 27 -27 -2 -30
right_child=28 22 -4 7 5 -7 -8 -9 9 10 14 12 -14 -15 -16 16 -18 18 19 21 -22 -23 23 -25 -26 26 -28 -29 29 -31
leaf_value=-0.0014055016232930049 -0.0065232280264645465 -0.12063423108786793 0.032835354445890468 -0.010368214218938961 0.00096390171655467635 -0.046773544277505866 0.10700486845920265 -0.10019254288280546 -0.070553083737787764 -0.10956057146626469 0.01047318798703651 0.1035535835421853 0.16844263874989696 -0.092139051358942833 0.11410453405476251 -0.080876328862658511 0.10379424061965514 -0.13547434975273184 0.040015454637436693 -0.043117323871707386 0.025561243813434605 -0.11874958745426581 0.072649678985753849 0.10497436063538607 -0.029284775374758921 0.053280779239976143 -0.11382662420362484 -0.043861217992321351 0.04110064885521382 0.0018370510752376491
leaf_weight=277.54245963646099 97.62027153710369 2.7109824130311617 13.377057692036031 5.7925520315766317 3.310794744640587 2.6829572566784909 6.6517006400972605 3.5782842361368239 3.7854501996189338 2.8351358192739999 4.9354746108874661 1.6551511259749521 2.3177641425281763 3.3478365312330425 5.1341642178595066 2.9259157194755954 6.5699758660048246 3.4748306325636831 4.4935262277722385 8.972642900887875 6.2323829168453813 5.7503640167415133 1.6058427728712548 2.0828942582011232 11.149036824004723 2.80147537589073 3.6660754857584834 2.4920400306582451 26.368261377327144 173.04313994408585
leaf_count=1981 975 45 135 43 16 36 41 46 48 99 40 15 24 60 28 52 49 23 24 54 36 35 23 13 220 28 49 17 185 1185
internal_value=-0.000219739 -0.00228534 -0.000593722 -0.00182907 -0.000690628 0.0466147 0.0717647 -0.0446679 -0.00245017 -0.016779 0.0253319 -0.0303547 0.0346058 -0.0273976 0.0633113 0.000192316 0.0468927 -0.0448937 -0.0599642 -0.0463101 -0.0107576 -0.072657 -0.0262391 -0.00332231 -0.0471525 -0.0246722 -0.0421153 0.00754902 0.00257495 0.00702889
internal_weight=698.906 401.875 375.366 361.989 352.619 12.6455 9.9625 9.37084 339.973 52.9347 12.9048 40.0299 7.32075 5.00299 10.0696 287.038 9.49589 32.7092 22.6914 19.2165 10.0178 14.723 26.5083 12.6483 13.86 10.5654 8.95959 5.29352 297.032 199.411
internal_count=5625 3280 2885 2750 2661 93 57 89 2568 486 167 319 99 75 68 2082 101 220 136 113 84 89 395 130 265 117 94 45 2345 1370
is_linear=0
shrinkage=0.1


Tree=66
num_leaves=31
num_cat=0
split_feature=6 27 1 1 1 3 17 1 2 1 2 1 21 2 3 5 2 3 2 3 3 26 2 3 2 3 2 2 2 13
split_gain=0.400033 0.947872 1.68095 5.63386 3.06918 1.72876 3.56447 2.48277 3.85335 1.18777 4.96681 4.13697 2.54535 1.71678 3.57364 2.03213 2.71146 1.46322 1.43517 1.37373 2.33944 2.78434 1.22806 2.33915 2.3202 2.30174 1.49061 2.64285 2.2015 1.38218
threshold=1.0000000180025095e-35 1.0000000180025095e-35 64.500000000000014 67.500000000000014 50.500000000000007 2622.7000000000003 1.0000000180025095e-35 16.500000000000004 58.300000000000004 16.500000000000004 88.425000000000026 21.500000000000004 1.0000000180025095e-35 64.975000000000009 345.20000000000005 1.0000000180025095e-35 19.725000000000005 762.35000000000014 25.275000000000002 44.500000000000007 225.57500000000002 1.0000000180025095e-35 51.125000000000007 1654.5250000000003 19.775000000000002 1971.0000000000002 59.475000000000009 69.725000000000009 74.125000000000014 1.0000000180025095e-35
decision_type=2 2 2 2 2 2 2 2 2 2 2 2 2 2 2 2 2 2 2 2 2 2 2 2 2 2 2 2 2 2
left_child=-1 9 4 -4 5 7 -7 8 -3 10 13 12 -11 14 15 18 -17 -12 -2 -18 21 -21 24 -24 -13 -25 -27 -28 -29 -30
right_child=1 2 3 -5 -6 6 -8 -9 -10 11 17 22 -14 -15 -16 16 19 -19 -20 20 -22 -23 23 25 -26 26 27 28 29 -31
leaf_value=0.0010163951627532081 -0.085104628284546235 0.084111629052889353 0.16585120141525242 -0.052396483315570654 -0.11630046233998337 0.10089367043093234 -0.055024802949090068 -0.096442848887584726 -0.056996683460637299 0.012921620425775344 -0.037477770989957755 0.060492720240225596 0.12306766618457465 0.030062443601199001 -0.086829259874079801 -0.056215226675592728 0.098211678434262026 -0.12478244440225675 -0.0067704721843763515 -0.091387079662352641 0.077835494572481095 0.052808779142382203 0.096186067580570939 -0.084901974613715236 -0.07671347439199161 0.090553439644719722 -0.11079248180658918 0.10128927128837889 0.01391657453660896 -0.026442610230517777
leaf_weight=550.32271103630774 3.3914559227414447 3.0736926891841083 1.9108020663261402 3.104436963563785 3.7161427370738229 3.1382130142301312 2.7519987095147371 4.5815134630538514 5.2248761048540473 3.8274591155350191 3.4601871296763411 1.6448622127063561 4.6431583929806948 13.776840783655642 5.3440267806872717 3.3469461044296649 3.5041145756840697 4.3120028972625732 7.5355956451967359 2.685453203506766 4.5840175435878336 2.6710257232189178 2.5929528456181279 3.0832702545449129 4.9158524001250044 1.9234987408854056 2.0298821725882581 2.2937758187763384 25.368537207599729 12.750530808931215
leaf_count=3941 34 33 30 115 80 21 29 98 29 46 21 59 23 76 45 36 20 19 37 28 41 15 21 25 238 29 56 26 170 184
internal_value=-0.000222113 -0.00485281 -0.0215938 0.0307557 -0.0332695 -0.0168311 0.0280461 -0.0373539 -0.00473182 -0.00100602 -0.0118804 0.00812008 0.073298 0.000404195 -0.0119541 0.00248153 0.0243237 -0.0859143 -0.0310832 0.0443733 0.0253948 -0.0194833 -0.00163375 0.00369955 -0.042314 -0.00135452 0.00445168 0.000549565 0.00614212 0.000416742
internal_weight=697.51 147.187 27.5017 5.01524 22.4864 18.7703 5.89021 12.8801 8.29857 119.685 54.6117 65.0738 8.47062 46.8395 33.0626 27.7186 16.7916 7.77219 10.9271 13.4446 9.9405 5.35648 56.6032 50.0424 6.56071 47.4495 44.3662 42.4427 40.4128 38.1191
internal_count=5625 1684 435 145 290 210 50 160 62 1249 372 877 69 332 256 211 140 40 71 104 84 43 808 511 297 490 465 436 380 354
is_linear=0
shrinkage=0.1


Tree=67
num_leaves=31
num_cat=0
split_feature=3 1 28 17 2 5 24 3 2 15 2 2 2 1 3 2 1 1 2 2 3 3 3 3 2 9 2 3 19 1
split_gain=0.417096 0.998079 1.14121 1.31095 1.55942 0.902743 1.13663 2.2677 0.86891 0.803556 1.48008 0.529822 2.23904 1.90107 2.95647 1.31913 2.29698 2.93647 1.55973 1.07689 1.62972 1.36301 0.807529 1.69918 3.40459 2.23136 2.18304 2.72404 2.06239 1.99048
threshold=7632.0500000000011 70.500000000000014 1.0000000180025095e-35 1.0000000180025095e-35 105.02500000000002 1.0000000180025095e-35 1.0000000180025095e-35 7865.6500000000005 113.17500000000003 1.0000000180025095e-35 93.575000000000003 109.35000000000001 106.77500000000002 61.500000000000007 4534.1750000000002 105.42500000000003 38.500000000000007 57.500000000000007 105.22500000000001 104.47500000000001 5585.9250000000002 6805.8500000000013 3265.2250000000004 3435.8500000000004 88.425000000000026 1.0000000180025095e-35 75.125000000000014 4583.8750000000009 1.0000000180025095e-35 51.500000000000007
decision_type=2 2 2 2 2 2 2 2 2 2 2 2 2 2 2 2 2 2 2 2 2 2 2 2 2 2 2 2 2 2
left_child=1 8 3 4 9 -2 7 -7 11 10 -3 12 15 14 -13 18 -17 -18 19 21 -21 22 -1 24 -24 28 27 -27 29 -25
right_child=5 2 -4 -5 -6 6 -8 -9 -10 -11 -12 13 -14 -15 -16 16 17 -19 -20 20 -22 -23 23 25 -26 26 -28 -29 -30 -31
leaf_value=0.00096873643516340335 -0.046979671192321451 -0.10056568029843718 0.014047101805674781 -0.10753438783680849 0.21547865221533541 0.071088640339769346 0.13137031645917482 -0.10331714177581863 -0.055518826093152319 -0.10824173884208638 0.23306978443444559 -0.035629979615654027 -0.0444200358682963 -0.040872068559394147 0.083915524945863865 0.096581557323302744 -0.05149554879528985 0.055997031047796991 -0.073987881470154407 0.075887992775133695 -0.013505408563934652 0.063103217671595671 0.03175384627470041 -0.051176280833501536 -0.10723252007181257 -0.12192378049151192 0.0073016940617219757 0.061531516448344564 -0.074007133799780911 0.027071979226364475
leaf_weight=526.35759441414848 1.3237765138037492 0.29081973864231148 2.6973290436435491 2.9455334078520536 0.28875103965401638 2.4504908835515384 1.1816235855221746 1.0715242824517188 2.8133796900510779 0.75296019017696381 0.24496695399284363 3.099361874163149 11.26687855646014 3.6619409956037989 6.2213150411844254 3.8566052764654151 4.7510867044329625 5.4642017409205437 2.846124615520238 4.5803613960742933 3.6762198582291603 3.3762569166719905 2.8363422108814111 6.0888427440077084 4.6550332978367805 2.8133205110207196 68.913797081448138 1.1362885404378174 7.9456487384159109 6.9750457708723843
leaf_count=3877 24 87 47 158 3 28 10 64 24 27 1 15 68 31 33 20 23 32 19 21 25 27 38 45 24 57 513 20 179 85
internal_value=-0.00022132 -0.000449931 -0.0374345 -0.0681358 0.00543004 0.0259705 0.0465013 0.0180281 -5.91395e-05 -0.0416325 0.0519757 0.000170139 -0.000218984 0.020178 0.0441636 0.000539859 0.0308271 0.00600269 -0.000123795 0.000205015 0.0360858 -0.000264409 -0.000605237 -0.00877846 -0.0546103 -0.00512093 0.00315789 -0.0691443 -0.0338328 -0.00939812
internal_weight=696.583 690.556 7.22036 4.52303 1.5775 6.02742 4.70364 3.52202 683.336 1.28875 0.535787 680.522 667.54 12.9826 9.32068 656.273 14.0719 10.2153 642.201 639.355 8.25658 631.098 627.722 101.364 7.49138 93.8729 72.8634 3.94961 21.0095 13.0639
internal_count=5625 5499 323 276 118 126 102 92 5176 115 88 5152 5073 79 48 5005 75 55 4930 4911 46 4865 4838 961 62 899 590 77 309 130
is_linear=0
shrinkage=0.1


Tree=68
num_leaves=31
num_cat=0
split_feature=1 3 1 2 3 1 3 3 5 4 4 3 2 2 2 2 3 2 28 2 2 2 6 23 28 1 2 2 1 2
split_gain=0.347237 0.811008 0.82524 0.747252 1.54433 0.741802 1.99683 2.96672 2.10447 2.40699 1.90898 3.381 4.76081 1.9742 1.64013 1.47463 2.56295 2.48155 2.13887 1.8688 2.47291 2.35071 1.39913 1.16509 4.2462 1.34747 0.950261 1.63272 0.87003 0.822221
threshold=59.500000000000007 5884.6250000000009 57.500000000000007 46.150000000000013 1183.1250000000002 65.500000000000014 7048.5000000000009 6872.8250000000007 1.0000000180025095e-35 1.0000000180025095e-35 1.0000000180025095e-35 6648.8000000000011 93.575000000000003 108.62500000000001 109.35000000000001 75.575000000000003 5446.1250000000009 98.02500000000002 1.0000000180025095e-35 104.77500000000002 107.82500000000002 109.67500000000003 1.0000000180025095e-35 1.0000000180025095e-35 1.0000000180025095e-35 60.500000000000007 103.72500000000001 80.625000000000014 68.500000000000014 112.02500000000002
decision_type=2 2 2 2 2 2 2 2 2 2 2 2 2 2 2 2 2 2 2 2 2 2 2 2 2 2 2 2 2 2
left_child=1 -1 -3 4 -2 6 7 8 9 -5 11 12 22 -13 -15 -12 -17 18 -18 -19 -21 -22 -7 24 -10 -25 27 -27 -23 -16
right_child=3 2 -4 5 -6 10 -8 -9 23 -11 15 13 -14 14 29 16 17 19 -20 20 21 28 -24 25 -26 26 -28 -29 -30 -31
leaf_value=5.8891984809916378e-05 0.12093109442504027 0.0018007736892352686 0.064436564221181339 0.083328682999646381 -0.10342721087446667 0.020663877743373471 -0.11488722367919452 0.10135081274577265 -0.10571504138125272 -0.045248604300465983 -0.063338900494063113 -0.1119052548345275 0.19240574668795157 0.10740308775426675 -0.11008331303896764 0.16378409409097439 -0.11379131205209803 0.091082059302905027 0.06044728420761232 -0.044935891412679091 0.15920662063825214 0.063646759313329512 -0.10393258090547848 -0.11581411967227589 0.14651916188986303 0.039136464762268376 0.0059306214632908532 -0.089771217965067623 -0.027500410983643492 0.02316382745690122
leaf_weight=626.62431845790707 0.36997053306549732 4.4725291430950147 3.9711068272590637 3.4002417055890044 1.796860368340276 2.6476261594798398 1.9769571088254441 2.1608785390853873 1.3681580363772801 2.5462120464071631 1.8125243316171715 4.4805591993499547 1.4001696333289144 0.8878810424357656 1.158589032012969 1.3516587433405245 2.2070590977091369 4.6244452614337197 1.034867297858 4.1369435945525748 1.6045663170516489 2.0408876538276672 1.3663652916438875 2.8423403508495548 1.3030668720602989 1.2590751103125493 3.2950740531086922 4.4737459672614932 2.1509790536947548 0.77145539876073588
leaf_count=4401 7 22 20 33 253 78 20 17 45 31 78 78 7 9 27 14 88 36 16 37 14 12 72 24 11 26 26 48 42 33
internal_value=-0.000215745 0.000473716 0.0312589 -0.0074567 -0.0651197 -0.00531364 -0.0185044 -0.0100914 -0.0218453 0.0282732 0.00433202 -0.0262422 0.0336342 -0.0706597 -0.00507831 0.0228724 0.0310316 0.0209508 -0.058172 0.0385708 0.0141244 0.0562761 -0.0217488 -0.0423403 0.0173289 -0.055768 -0.0368631 -0.0614598 0.0168763 -0.0568233
internal_weight=695.537 635.068 8.44364 60.4692 2.16683 58.3023 24.6257 22.6488 20.4879 5.94645 33.6766 12.7126 5.41416 7.29848 2.81793 20.9639 19.1514 17.7997 3.24193 14.5578 9.93338 5.79643 4.01399 14.5415 2.67122 11.8702 9.0279 5.73282 4.19187 1.93004
internal_count=5625 4443 42 1182 260 922 281 261 244 64 641 304 157 147 69 337 259 245 104 141 105 68 150 180 56 124 100 74 54 60
is_linear=0
shrinkage=0.1


Tree=69
num_leaves=31
num_cat=0
split_feature=6 7 19 5 1 1 13 2 2 2 3 1 27 1 3 28 2 2 2 25 4 2 2 2 1 17 2 24 2 2
split_gain=0.336261 0.903277 1.87501 2.8195 2.53063 1.70303 1.55056 1.63395 3.4176 2.31179 1.75304 1.60378 1.31378 1.393 1.10007 0.91484 0.829614 1.27599 1.77779 1.22039 1.22595 1.18636 1.04866 2.03402 1.00318 1.2956 1.16348 1.05834 0.771848 4.72268
threshold=1.0000000180025095e-35 1.0000000180025095e-35 1.0000000180025095e-35 1.0000000180025095e-35 3.5000000000000004 8.5000000000000018 1.0000000180025095e-35 29.925000000000001 24.875000000000004 49.525000000000006 965.57500000000016 9.5000000000000018 1.0000000180025095e-35 13.500000000000002 96.075000000000003 1.0000000180025095e-35 106.12500000000001 105.67500000000003 105.22500000000001 1.0000000180025095e-35 1.0000000180025095e-35 98.02500000000002 94.675000000000026 94.125000000000014 61.500000000000007 1.0000000180025095e-35 100.87500000000001 1.0000000180025095e-35 83.725000000000009 82.475000000000009
decision_type=2 2 2 2 2 2 2 2 2 2 2 2 2 2 2 2 2 2 2 2 2 2 2 2 2 2 2 2 2 2
left_child=1 2 6 4 -4 -6 7 8 -1 10 11 -9 13 -7 -10 -8 17 18 21 -18 -21 22 23 -2 25 -23 -26 -27 29 -3
right_child=16 28 3 -5 5 12 15 9 14 -11 -12 -13 -14 -15 -16 -17 19 -19 -20 20 -22 24 -24 -25 26 27 -28 -29 -30 -31
leaf_value=0.071609349968891844 -0.005804466055722819 -0.0023485301548722155 0.039127762538213595 0.072730776743285819 -0.16903040745553097 0.0070749431386672203 -0.04769772452321791 0.057883655262517188 0.00098743290554382645 -0.0068812459355580688 0.019123875956110262 0.13403849720787198 0.034722638321860996 -0.12131737599241246 -0.076179844924030071 0.021668259826918099 -0.073037088481132439 0.07141834952955943 -0.10087944081825513 0.071704493921784698 -0.052212056600197856 0.055720322320368693 -0.047506041847956704 0.093023853160687675 0.11842921011165822 0.017294495483972692 0.012375707940443703 -0.05679472222035279 0.0039628785247285804 -0.11009668010127947
leaf_weight=4.431556733325122 110.45731551165227 269.33204511622898 2.4846897572278959 2.4793366165831676 1.5994684547185896 1.2401532232761385 4.3483935622498384 6.8278454244136864 3.5283329635858536 5.7129447851330033 5.285076272673904 4.6477020252496004 1.3296674964949486 2.6522988989017904 3.877620629966259 3.378558449447155 4.1461555436253539 2.2813606625422826 1.8678911551833142 1.5830695005133748 1.6107155764475465 3.8328667320311052 5.8105655666440716 2.1225498504936686 2.0686672208830705 4.3906926978379488 2.0691186618059874 3.437495268881321 221.79891118686646 4.130270312074571
leaf_count=23 1401 2113 11 36 8 10 37 38 19 30 33 22 22 45 25 24 28 13 14 34 28 21 43 14 19 25 23 21 1419 26
internal_value=-0.000216677 0.000916499 0.0132198 -0.0220303 -0.0472761 -0.0787478 0.0231024 0.0322164 0.00214812 0.0480543 0.0667793 0.0887271 -0.0510954 -0.080411 -0.0394159 -0.0173679 -0.0044878 -0.00274953 -0.00399316 -0.0372494 0.00920989 -0.00264452 -0.00607933 -0.00394118 0.0230947 0.00808433 0.0653967 -0.0152394 -0.000420589 -0.00397592
internal_weight=694.763 549.085 53.8236 11.7856 9.30628 6.82159 42.038 34.3111 11.8375 22.4736 16.7606 11.4755 5.22212 3.89245 7.40595 7.72695 145.678 138.339 136.057 7.33994 3.19379 134.189 118.39 112.58 15.7988 11.6611 4.13779 7.82819 495.261 273.462
internal_count=5625 3941 383 132 96 85 251 190 67 123 93 60 77 55 44 61 1684 1594 1581 90 62 1567 1458 1415 109 67 42 46 3558 2139
is_linear=0
shrinkage=0.1


Tree=70
num_leaves=31
num_cat=0
split_feature=1 28 0 1 2 3 24 3 3 2 3 3 1 1 26 24 1 23 3 17 1 24 1 15 1 25 2 2 1 3
split_gain=0.358281 0.725048 2.58059 2.11748 2.63586 2.48471 1.66862 1.31781 2.71795 1.29826 2.40898 2.70704 1.71633 1.27698 1.10107 2.04366 1.89938 1.84122 1.37963 1.05112 1.79831 0.945884 0.940186 0.930751 2.21268 1.9357 1.96475 0.781646 0.768051 0.670746
threshold=59.500000000000007 1.0000000180025095e-35 1.0000000180025095e-35 63.500000000000007 64.975000000000009 4821.7000000000016 1.0000000180025095e-35 5931.3750000000009 5236.9000000000005 115.20000000000002 7747.7250000000013 7632.0500000000011 71.500000000000014 65.500000000000014 1.0000000180025095e-35 1.0000000180025095e-35 65.500000000000014 1.0000000180025095e-35 6570.3750000000009 1.0000000180025095e-35 61.500000000000007 1.0000000180025095e-35 68.500000000000014 1.0000000180025095e-35 67.500000000000014 1.0000000180025095e-35 106.42500000000003 53.925000000000004 66.500000000000014 5738.1500000000005
decision_type=2 2 2 2 2 2 2 2 2 2 2 2 2 2 2 2 2 2 2 2 2 2 2 2 2 2 2 2 2 2
left_child=29 3 7 -2 -5 13 -4 8 27 10 11 12 14 -6 15 18 21 -18 28 -9 -21 -16 -22 -19 -25 -26 -27 -3 -7 -1
right_child=1 2 6 4 5 9 -8 19 -10 -11 -12 -13 -14 -15 16 -17 17 23 -20 20 22 -23 -24 24 25 26 -28 -29 -30 -31
leaf_value=4.7692144088710192e-05 -0.064548978590939804 0.061063559982438224 -0.10216109915360583 -0.10340341637006807 0.26495331061764482 0.033578429062012818 0.0043445272789448012 -0.041434111468979885 0.16585161600786769 0.094618929057180334 -0.11095725341661616 0.13824691220763072 -0.10690981641521674 0.051811924238833046 -0.11217067013049849 -0.12409220004659403 -0.062140670283304604 0.091816095734053457 0.079653373944137601 -0.048913559493415124 0.079862630634187692 -0.00080934102859871009 0.0020377077637000777 -0.071828036727881239 0.10980245719397173 -0.10805610134697029 0.097852432770010045 -0.045683010709227145 -0.10869753238467868 0.02422656703234026
leaf_weight=622.51605349616148 7.2876146391499779 1.4056290220469301 3.0333820767700663 2.4654125061933909 0.51945271086879319 0.61479051318021161 2.8559684362262487 3.0659170094877455 1.8474353104829786 1.3276999117806543 2.0407404094003132 1.3791680121794332 1.5710583066102106 0.61257365555502474 1.4886748443823317 1.8024833858944473 1.7244907803833456 3.4492810713127255 1.478156618773937 2.3636442273855209 4.3919810634106398 1.5640961304306984 2.4008653801865876 1.6696481937542555 3.0984715670347214 1.0676397597417233 0.81879959255456913 1.3398101171478627 0.99109050864353776 11.68865794315934
leaf_count=4384 167 20 25 272 14 11 21 25 18 24 64 15 97 30 27 20 38 32 17 14 32 13 43 15 19 39 6 22 42 59
internal_value=-0.000203716 -0.00761143 0.00645419 -0.0162493 -0.00439135 0.00457708 -0.0505125 0.0264061 0.0720739 -0.00171695 -0.00688304 0.00246593 -0.00630991 0.149616 0.0016854 -0.0395004 0.0152096 0.0333595 0.00993982 0.00924528 0.0262145 -0.0551144 0.0523562 0.0496592 0.0278078 0.0611799 -0.0186825 0.00896984 -0.054229 0.000493319
internal_weight=693.881 59.676 22.7046 36.9713 29.6837 27.2183 5.88935 16.8153 4.59287 26.0863 24.7586 22.7178 21.3387 1.13203 19.7676 4.88652 14.8811 11.8283 3.08404 12.2224 9.15649 3.05277 6.79285 10.1038 6.65456 4.98491 1.88644 2.74544 1.60588 634.205
internal_count=5625 1182 220 962 795 523 46 174 60 479 455 391 376 44 279 90 189 149 70 114 89 40 75 111 79 64 45 42 53 4443
is_linear=0
shrinkage=0.1


Tree=71
num_leaves=31
num_cat=0
split_feature=3 3 15 2 2 4 15 1 9 3 0 2 1 13 2 1 2 4 2 2 3 3 1 3 8 3 1 0 17 2
split_gain=0.313382 3.23155 2.40144 3.2575 2.11788 3.51005 3.59583 1.82292 1.68979 1.13628 3.24621 4.0556 4.36713 3.54163 2.61164 6.48949 2.90022 2.83992 2.43372 4.3473 1.73025 1.61298 2.20305 1.76644 3.46673 3.22712 3.12778 3.09577 1.90745 2.31342
threshold=1266.2250000000001 1319.9000000000003 1.0000000180025095e-35 76.52500000000002 94.125000000000014 1.0000000180025095e-35 1.0000000180025095e-35 7.5000000000000009 1.0000000180025095e-35 1070.2000000000003 1.0000000180025095e-35 85.975000000000009 20.500000000000004 1.0000000180025095e-35 87.075000000000003 5.5000000000000009 85.975000000000009 1.0000000180025095e-35 53.925000000000004 19.425000000000001 1145.1500000000003 949.35000000000002 12.500000000000002 791.72500000000014 1.0000000180025095e-35 762.35000000000014 10.500000000000002 1.0000000180025095e-35 1.0000000180025095e-35 73.02500000000002
decision_type=2 2 2 2 2 2 2 2 2 2 2 2 2 2 2 2 2 2 2 2 2 2 2 2 2 2 2 2 2 2
left_child=4 2 3 -2 9 7 8 -6 -7 14 11 12 20 18 16 17 21 -16 19 -14 -11 23 -23 25 26 -1 -25 28 29 -28
right_child=1 -3 -4 -5 5 6 -8 -9 -10 10 -12 -13 13 -15 15 -17 -18 -19 -20 -21 -22 22 -24 24 -26 -27 27 -29 -30 -31
leaf_value=0.00025969314318345475 -0.12922441750469876 -0.0010581377146033724 -0.15606338297601574 0.049385997188771687 0.035664587120750151 -0.0023865365072553882 -0.069172776509865724 0.1283851562574396 0.096420443889466911 -0.024963716769679546 0.09175415327629427 0.12131945663879123 0.16779396117870801 0.14549940400986053 0.086408678402680128 -0.10271926049712497 0.096353264845540298 -0.029454760397073922 0.10910652443596575 -0.12121440481149735 -0.12069095973870431 -0.12397760875067575 -0.015574607896151175 0.1002352914511481 0.13285298021043154 -0.093110526686355041 -0.011574228329862365 -0.10783912551901204 -0.07137441703877713 0.08683394307730552
leaf_weight=272.43010855116881 1.7980371282901604 316.0451844332274 2.2479826509952545 2.3631343618035316 4.2192810401320457 3.7168765515089035 4.7601458802819252 4.2625095248222351 3.239264864474535 3.8804869502782875 5.1184018510393789 2.3748544612899414 0.66330722719430957 2.1443353872746229 3.7567164674401301 8.3197411447763425 3.1304419860243788 4.8423382863402367 1.1957860141992567 2.4170296211959794 3.6775802504271269 2.3039809614419928 10.062813155120237 3.3358788043260637 2.798975004348903 3.75266383239068 5.2525238532107306 2.5223291516304007 2.130709044635295 4.381664901971817
leaf_count=1845 40 2894 15 11 31 19 26 32 25 23 28 12 13 19 24 38 18 28 8 97 22 10 120 15 24 37 106 13 13 19
internal_value=-0.000203937 -0.00248374 -0.0727822 -0.0277913 0.0017792 0.033266 -0.00220305 0.0822612 0.0436249 -3.53112e-05 0.0222532 0.000500307 -0.020026 0.0406182 -0.00148985 -0.0397555 0.000584495 0.0211631 -0.0119762 -0.0589805 -0.0715424 -0.000385816 -0.0357705 0.00108953 0.0294693 -0.00100899 0.0130495 -0.00730727 0.0142462 0.0331822
internal_weight=693.145 322.454 6.40915 4.16117 370.691 20.1981 11.7163 8.48179 6.95614 350.493 21.4718 16.3534 13.9785 6.42046 329.021 16.9188 312.102 8.59905 4.27612 3.08034 7.55807 308.972 12.3668 296.605 20.4221 276.183 17.6231 14.2872 11.7649 9.63419
internal_count=5625 2960 66 51 2665 133 70 63 44 2532 222 194 182 137 2310 90 2220 52 118 110 45 2202 130 2072 190 1882 166 151 138 125
is_linear=0
shrinkage=0.1


Tree=72
num_leaves=31
num_cat=0
split_feature=1 28 0 1 2 3 3 0 21 24 15 27 1 27 27 1 3 3 2 2 1 17 13 2 2 2 2 3 15 3
split_gain=0.31103 0.617489 2.1161 1.84128 2.35712 1.87058 2.83911 1.89808 1.68857 1.4739 1.33885 1.36072 1.29481 1.92056 1.84894 1.62188 1.45855 1.17799 1.06929 2.21247 1.98003 2.07286 1.16573 0.970444 0.602602 2.15175 1.07866 0.963258 2.29558 1.95778
threshold=59.500000000000007 1.0000000180025095e-35 1.0000000180025095e-35 63.500000000000007 64.975000000000009 5392.2000000000007 6126.1250000000009 1.0000000180025095e-35 1.0000000180025095e-35 1.0000000180025095e-35 1.0000000180025095e-35 1.0000000180025095e-35 67.500000000000014 1.0000000180025095e-35 1.0000000180025095e-35 70.500000000000014 7632.0500000000011 7544.1500000000005 103.72500000000001 105.42500000000003 62.500000000000007 1.0000000180025095e-35 1.0000000180025095e-35 109.35000000000001 109.35000000000001 107.37500000000001 111.47500000000001 5392.2000000000007 1.0000000180025095e-35 5167.1500000000005
decision_type=2 2 2 2 2 2 2 2 2 2 2 2 2 2 2 2 2 2 2 2 2 2 2 2 2 2 2 2 2 2
left_child=24 3 18 -2 -5 7 -7 8 -6 -4 11 -8 13 -12 15 -14 -17 -16 20 -20 -3 -22 -21 -19 25 27 -26 29 -29 -1
right_child=1 2 9 4 5 6 10 -9 -10 -11 12 -13 14 -15 17 16 -18 23 19 22 21 -23 -24 -25 26 -27 -28 28 -30 -31
leaf_value=0.00047281605102851126 -0.061510363631095522 0.10418448783784867 -0.097437782410041168 -0.10309737981106089 0.077130739601741799 -0.11094069389753547 -0.010815490974336487 0.19975139698269961 -0.10446881037076733 0.0040088417881677905 -0.11728728388366493 0.09154272931732256 0.08299094428832246 0.014810147655511825 -0.083695773460152625 -0.10983957346086777 0.041563076202568244 0.097956328363286493 -0.087904953429170263 0.073460641282722519 -0.074015247881642543 0.053888690249601669 -0.018264676709542724 -0.041828003466343869 0.04714543773761163 -0.062298567310067547 -0.017947363629416065 0.074788442620820114 -0.0051408102426001171 -0.065680562621519542
leaf_weight=596.7594997305423 6.9523550615413106 3.6202485244721228 2.8678667759522787 2.2276015140232657 1.9631440843222696 2.3340579958166954 2.2374587273225197 0.87276022601872671 0.69268658407963801 2.8607931938022375 2.3447934463620195 3.0956036834977567 3.9703517658635956 2.0742695424705744 2.640140748815611 1.0467951665632429 1.6225310633890329 0.86381693463772569 2.2299080826342097 2.9246048713102937 1.9474516646005211 3.6267615742981434 2.6328820898197591 1.1684646920766679 7.0464433431625348 5.4863326251506797 3.9857753627002239 5.8223173469305012 9.3851418606936932 4.5074161384254685
leaf_count=4245 167 26 25 272 47 108 25 11 31 21 24 27 36 19 60 43 41 15 18 20 35 45 30 36 34 29 24 31 52 28
internal_value=-0.000184746 -0.00714066 0.00577876 -0.0152667 -0.00423919 0.00393913 -0.00629624 0.0718104 0.0297664 -0.0467771 0.00529907 0.0485989 -0.0093801 -0.0552819 0.0085514 0.0424661 -0.0178105 -0.0396426 0.023508 -0.00375804 0.0466013 0.00920315 0.0300054 0.017587 0.000461594 5.06656e-05 0.0236284 0.000605544 0.0254608 -2.31048e-05
internal_weight=691.81 58.8173 22.7105 36.1068 29.1545 26.9269 23.3983 3.52859 2.65583 5.72866 21.0642 5.33306 15.7312 4.41906 11.3121 6.63968 2.66933 4.67242 16.9819 7.7874 9.19446 5.57421 5.55749 2.03228 632.993 621.961 11.0322 616.474 15.2075 601.267
internal_count=5625 1182 220 962 795 523 434 89 78 46 326 52 274 43 231 120 84 111 174 68 106 80 50 51 4443 4385 58 4356 83 4273
is_linear=0
shrinkage=0.1


Tree=73
num_leaves=31
num_cat=0
split_feature=2 29 2 4 26 2 5 2 2 3 5 4 27 26 2 2 2 2 3 3 3 1 29 26 3 3 2 4 2 2
split_gain=0.297268 1.18844 0.545842 1.88751 0.399177 0.378813 1.32214 0.504412 1.43661 3.28175 1.80082 2.45159 1.4195 1.25653 1.23224 2.26263 1.3219 2.58923 1.09258 1.16252 1.02005 3.03699 1.94324 2.30641 0.903259 0.869552 0.69714 1.22149 2.04492 0.650741
threshold=19.275000000000002 1.0000000180025095e-35 19.425000000000001 1.0000000180025095e-35 1.0000000180025095e-35 19.575000000000006 1.0000000180025095e-35 19.875000000000004 20.075000000000006 20.225000000000005 1.0000000180025095e-35 1.0000000180025095e-35 1.0000000180025095e-35 1.0000000180025095e-35 20.475000000000005 20.425000000000001 20.575000000000006 20.775000000000002 20.525000000000002 35.175000000000004 35.175000000000004 3.5000000000000004 1.0000000180025095e-35 1.0000000180025095e-35 136.40000000000003 96.075000000000003 24.225000000000005 1.0000000180025095e-35 21.275000000000002 24.725000000000005
decision_type=2 2 2 2 2 2 2 2 2 2 2 2 2 2 2 2 2 2 2 2 2 2 2 2 2 2 2 2 2 2
left_child=1 -1 3 -2 -3 6 -4 12 10 -10 13 -12 20 -9 15 -11 18 -18 -16 -20 -7 -22 -23 -24 -14 -21 27 -19 -29 -28
right_child=2 4 5 -5 -6 7 -8 8 9 14 11 -13 24 -15 16 -17 17 26 19 25 21 22 23 -25 -26 -27 29 28 -30 -31
leaf_value=-0.085341094764511197 -0.036065391966151793 -0.021567325939132728 -0.054431039346374735 0.092698533736214353 0.042707759182381011 -0.0036816043675038292 0.049437978241624742 -0.037941917825339649 0.093976785413142749 -0.013811675168533025 -0.075275660371790926 0.10945628865764193 0.035142032763464968 -0.13021193065601891 0.15757758355086104 -0.13622547953176817 -0.093734440136653441 0.084372067806075937 0.12481131712573244 0.061159364013566302 0.15941467872977352 0.092753961115663558 -0.10819941326587981 0.081400919080480097 -0.11122522638656968 -0.10534681791583547 -0.037108451725951334 -0.078840244963232914 0.076090970214591588 0.00032161857721426854
leaf_weight=1.9930364228785027 2.0814266204833975 1.9852782606612891 4.3445699238218358 2.5127242689486593 1.8823782918043435 4.5259722098708117 1.7069550502346826 5.0026392207946611 3.7099140584468833 9.8121955640381167 1.2827057399554178 1.6329575481358916 0.64109285920858461 2.09350301255472 0.91844514012336675 1.7845168304629631 2.9374431875767177 2.6916378085734314 0.75014748424291644 0.55983005836606003 2.0414661094546318 1.8374963204842059 1.7775904536247253 1.0039497679099441 1.2316038695862515 0.71322230203077197 4.6798921007430172 1.8043994737090545 1.6139009764883665 619.38788108411245
leaf_count=31 33 31 48 30 15 21 36 58 16 187 31 35 6 27 4 25 52 47 4 6 12 38 61 19 42 34 76 27 25 4548
internal_value=-0.000184531 -0.0226104 7.31695e-06 0.0343607 0.00971519 -0.000224613 -0.0251327 -1.11892e-06 -0.000385407 0.000192411 -0.0379779 0.028186 0.019461 -0.0651634 -0.000344809 -0.0326489 0.000244165 -6.6581e-05 0.0671245 0.0260627 0.0329505 0.0578429 0.0129515 -0.0397664 -0.0611183 -0.032125 0.000370032 0.0339845 -0.00569172 4.093e-05
internal_weight=690.941 5.86069 685.08 4.59415 3.86766 680.486 6.05152 674.434 661.375 651.363 10.0118 2.91566 13.0592 7.09614 647.654 11.5967 636.057 633.115 2.94164 2.0232 11.1865 6.6605 4.61904 2.78154 1.8727 1.27305 630.178 6.10994 3.4183 624.068
internal_count=5625 77 5548 63 46 5485 84 5401 5202 5051 151 66 199 85 5035 212 4823 4775 48 44 151 130 118 80 48 40 4723 99 52 4624
is_linear=0
shrinkage=0.1


Tree=74
num_leaves=31
num_cat=0
split_feature=2 2 1 1 19 24 26 25 25 3 4 6 2 25 1 3 2 1 2 2 2 2 2 3 2 2 1 3 2 6
split_gain=0.292107 2.39278 1.54106 1.65034 1.12404 1.78492 0.862933 1.77147 1.20375 1.38713 0.988245 0.876036 0.670952 0.404717 2.02507 1.62685 2.7324 2.22836 1.39807 1.37753 1.29195 2.05521 1.41163 1.12711 1.62312 1.86908 1.2084 2.35904 1.46406 1.0988
threshold=106.12500000000001 105.92500000000003 31.500000000000004 43.500000000000007 1.0000000180025095e-35 1.0000000180025095e-35 1.0000000180025095e-35 1.0000000180025095e-35 1.0000000180025095e-35 7747.7250000000013 1.0000000180025095e-35 1.0000000180025095e-35 109.075 1.0000000180025095e-35 42.500000000000007 5525.8000000000002 95.175000000000026 69.500000000000014 93.575000000000003 79.825000000000003 79.225000000000009 70.225000000000009 69.225000000000009 4759.6500000000005 58.300000000000004 53.925000000000004 52.500000000000007 1107.6250000000002 25.125000000000004 1.0000000180025095e-35
decision_type=2 2 2 2 2 2 2 2 2 2 2 2 2 2 2 2 2 2 2 2 2 2 2 2 2 2 2 2 2 2
left_child=1 13 -2 -4 5 -5 7 -6 10 12 -8 -11 -10 -1 -15 16 19 -17 -19 20 21 22 23 24 25 26 -16 -28 -29 -30
right_child=2 -3 3 4 6 -7 8 -9 9 11 -12 -13 -14 14 15 17 -18 18 -20 -21 -22 -23 -24 -25 -26 -27 27 28 29 -31
leaf_value=0.00034038705339677105 -0.069377141722742994 0.081030989188176139 0.049744478175229291 -0.088439903016225715 0.11796239626643223 0.00091324058856427745 -0.065650673246397978 -0.019059673197094885 0.079591775359151087 -0.11006061722642191 -0.00092400833151829549 0.034782915481967117 0.011777555597777429 -0.10157414771471476 -0.10157610150354919 -0.087621462704377567 0.15015034103943695 -0.10137536290495507 0.042699049000388074 -0.1060127711425603 0.14826831376626984 -0.10382805112639666 0.24697974364065553 0.20615839907309996 -0.10242818695645586 0.14822145054515032 0.20173515916859519 -0.10219732967355276 0.088527409953089262 -0.10491218287417475
leaf_weight=625.37636415357701 3.7680005878210059 3.6526010353118172 5.2291676066815844 4.1869791273493338 1.7653463855385809 4.7969465628266335 4.516223609447481 2.0267821117304265 2.8719428647309533 1.1122532230801878 4.9379422664642334 0.66855508508160699 2.9654828701168299 2.3299771063029793 0.89469442213885475 4.2513578142970783 1.4386021886020888 0.83699849515687663 3.4485905785113573 1.0416496277321119 0.67711760662496168 1.4475740883499382 0.27997188223525871 0.30378075432963658 1.0872696680016813 1.094155305996537 0.6421962161548439 1.0775665204855616 1.3482911395840345 0.3754086234839632
leaf_count=4105 19 19 27 34 10 26 34 41 17 41 31 22 27 247 78 94 13 110 56 55 11 70 12 10 87 25 20 191 54 39
internal_value=-0.000181687 0.000320522 -0.00860584 -0.00207785 -0.0111566 -0.04073 0.00157718 0.0447281 -0.00800752 0.021573 -0.0318437 -0.0556831 0.0451413 -0.000134455 -0.0132885 -0.0031279 0.0210778 -0.0363256 0.0145605 0.00299698 0.0153019 0.00477272 0.0269043 0.0178743 0.00910113 0.0314236 0.0019652 0.0288677 -0.0107625 0.0463977
internal_weight=690.45 651.604 38.8456 35.0776 29.8485 8.98393 20.8645 3.79213 17.0724 7.61823 9.45417 1.78081 5.83743 647.952 22.5752 20.2452 11.7083 8.53695 4.28559 10.2697 9.22803 8.55091 7.10333 6.82336 6.51958 5.43231 4.33816 3.44346 2.80127 1.7237
internal_count=5625 5296 329 310 283 60 223 51 172 107 65 63 44 5277 1172 925 665 260 166 652 597 586 516 504 494 407 382 304 284 93
is_linear=0
shrinkage=0.1


Tree=75
num_leaves=31
num_cat=0
split_feature=6 27 0 3 1 2 26 21 4 13 1 2 1 23 2 23 2 2 2 4 4 2 1 29 4 3 3 2 3 1
split_gain=0.293876 0.823089 1.23608 1.20395 2.09956 1.93676 1.37554 2.27654 1.96848 1.73776 0.937992 3.79556 3.4169 2.08578 1.46452 1.34045 1.4215 3.73525 1.74235 2.0954 1.43018 1.36187 1.54476 1.67239 1.8802 1.79792 1.03721 0.960873 3.18454 2.18583
threshold=1.0000000180025095e-35 1.0000000180025095e-35 1.0000000180025095e-35 166.80000000000004 12.500000000000002 72.125000000000014 1.0000000180025095e-35 1.0000000180025095e-35 1.0000000180025095e-35 1.0000000180025095e-35 16.500000000000004 88.425000000000026 21.500000000000004 1.0000000180025095e-35 83.225000000000009 1.0000000180025095e-35 25.275000000000002 20.025000000000002 19.775000000000002 1.0000000180025095e-35 1.0000000180025095e-35 33.95000000000001 1.5000000000000002 1.0000000180025095e-35 1.0000000180025095e-35 279.52500000000003 762.35000000000014 51.125000000000007 1563.9250000000004 24.500000000000004
decision_type=2 2 2 2 2 2 2 2 2 2 2 2 2 2 2 2 2 2 2 2 2 2 2 2 2 2 2 2 2 2
left_child=-1 10 3 -3 -5 -6 7 -7 -8 -9 11 14 13 -12 15 16 17 18 19 -2 -19 -18 -23 24 -24 -25 -13 -14 -29 -30
right_child=1 2 -4 4 5 6 8 9 -10 -11 12 26 27 -15 -16 -17 21 20 -20 -21 -22 22 23 25 -26 -27 -28 28 29 -31
leaf_value=0.0008777767283230485 0.048627553224525041 -0.11813098838715358 0.044921358892503288 0.042132480707960246 -0.089163393653018522 0.13231732318502462 -0.00026150208202033572 -0.11565669589251104 -0.096583427507558189 0.046000935349445021 0.014243114220673952 -0.034547423274233539 -0.038831300213371195 0.11361698837584991 0.067396027912260445 -0.052962212511649336 0.076925319928216829 -0.036026324368296524 0.086651718461847382 -0.084447095919877355 -0.14143111399786765 0.050566564475680642 -0.027350253360362193 0.0030497268625661864 0.056819525326922707 -0.10694429265206092 -0.10822951663036451 0.13191547764474026 -0.077042324526756634 0.0042702092223685971
leaf_weight=545.68006712931674 2.4527012049220485 1.3784165298566282 2.6226523556979364 4.170998276211324 5.0480471312184845 1.4506552754901321 5.3456491180695593 1.1577065726742148 3.5179559681564569 1.5623267814517021 4.0013020285405201 3.4606778174638739 6.1253895994741461 4.4736197739839554 3.05626306682825 4.992731323465704 3.1721236044541028 2.4796980577521026 2.5725944554433227 2.2861401322297752 2.6769191310741007 5.9669419899582889 5.2741542458534258 3.0107663348317137 5.3420393466949463 2.934402150567621 4.2649373859167099 1.8490123581141222 3.5751305725425473 43.914349204627797
leaf_count=3941 25 15 20 29 201 14 51 13 56 36 48 21 297 21 16 32 19 29 21 26 35 32 27 15 29 26 19 16 21 474
internal_value=-0.000183021 -0.00419905 -0.0202116 -0.02744 -0.0218224 -0.0365747 -0.0162077 0.0311504 -0.0384916 -0.0228041 -0.000632784 -0.0103444 0.00756057 0.0666992 0.000500721 -0.00423616 0.00213758 -0.0255696 0.0203969 -0.0155711 -0.0907444 0.0155792 0.00694126 -0.00877662 0.0150037 -0.0512409 -0.0752237 -0.00147585 0.00316184 -0.00185121
internal_weight=689.816 144.136 26.2544 23.6318 22.2533 18.0823 13.0343 4.17069 8.86361 2.72003 117.882 53.9431 63.9388 8.47492 46.2175 43.1612 38.1685 12.4681 7.31144 4.73884 5.15662 25.7004 22.5283 16.5614 10.6162 5.94517 7.72562 55.4639 49.3385 47.4895
internal_count=5625 1684 435 415 400 371 170 63 107 49 1249 372 877 69 332 316 284 136 72 51 64 148 129 97 56 41 40 808 511 495
is_linear=0
shrinkage=0.1


Tree=76
num_leaves=31
num_cat=0
split_feature=26 2 1 3 2 2 3 21 3 2 2 2 3 2 2 3 2 6 4 2 2 2 28 4 10 3 3 3 3 2
split_gain=0.290698 0.773946 2.00164 0.704799 1.4138 1.32847 4.69757 2.54191 1.2959 1.2932 0.944351 1.32094 2.51098 2.11009 1.51674 1.07433 0.921664 2.0448 2.63421 2.04662 1.77339 2.75991 1.40533 0.847609 0.694004 1.88107 2.74187 5.56389 4.04121 3.66768
threshold=1.0000000180025095e-35 113.97500000000001 68.500000000000014 20.225000000000005 29.925000000000001 43.45000000000001 357.72500000000008 1.0000000180025095e-35 851.77500000000009 26.275000000000002 44.475000000000009 45.725000000000009 92.15000000000002 48.82500000000001 49.525000000000006 50.250000000000007 21.275000000000002 1.0000000180025095e-35 1.0000000180025095e-35 19.825000000000006 24.575000000000006 25.025000000000002 1.0000000180025095e-35 1.0000000180025095e-35 1.0000000180025095e-35 3211.5500000000006 696.57500000000016 433.00000000000006 762.35000000000014 55.175000000000004
decision_type=2 2 2 2 2 2 2 2 2 2 2 2 2 2 2 2 2 2 2 2 2 2 2 2 2 2 2 2 2 2
left_child=-1 3 -3 -2 9 6 -6 8 -8 16 -7 12 -12 -13 -15 -16 17 -5 19 -19 -18 -22 -20 -23 25 26 27 29 -28 -17
right_child=1 2 -4 4 5 10 7 -9 -10 -11 11 13 -14 14 15 24 20 18 22 -21 21 23 -24 -25 -26 -27 28 -29 -30 -31
leaf_value=-0.0031806244825524489 0.036371363058884984 -0.12567480734828548 0.043543820668419081 -0.051729802885454229 0.098050157219611078 -0.0435601212505944 -0.105754402869216 0.064329551444255589 -0.010045979802696205 -0.079853163943491984 -0.0090184827063429316 -0.059552424029126527 0.084831938560867598 0.057140694280966901 -0.06200151719319226 0.04548095170581215 0.077110345658337867 0.17581410119754534 -0.11533037597208384 -0.00052444096438823576 -0.13370420751093143 -0.027457982106527647 0.035190855059486367 0.060565944263153128 0.0036221843272268672 -0.049462342652986963 0.14088897587382504 -0.10040448778617606 0.0080212508835800448 -0.042776431647753424
leaf_weight=219.72285385173745 5.7389712482690802 1.5813179984688752 1.2528314623050389 10.886698107235143 6.2117082849144927 4.6017895271070293 2.6409268379211408 2.6347321998327971 3.0469587366096675 3.256783607415854 6.0086849778890592 5.6665714355185619 5.4244882958009839 4.9097077678889027 2.6702191382646552 9.7929958552122169 2.9038039027946052 1.4237686027772718 1.3997906495351344 1.2240104721859095 1.5357482414692638 1.9540423717116935 1.1138293677940965 2.4852991253137589 318.88236846169457 9.2221039324067515 2.4655699655413619 7.1771719753742209 31.99047636706382 9.0690895020961744
leaf_count=2299 24 13 35 149 34 28 19 16 32 22 26 33 33 31 11 45 41 14 39 28 28 32 9 29 1854 298 13 50 295 45
internal_value=-0.000178885 0.00122689 -0.050872 0.00154352 0.00110957 0.002524 0.0322444 -0.0168707 -0.0544841 -0.0205916 0.00149029 0.00199192 0.035509 0.0010383 0.00190494 0.00121183 -0.0128489 -0.0271516 0.02469 0.0942966 0.0130025 -0.018153 -0.0486318 0.0218209 0.00164619 -0.00739185 -0.000978481 -0.025468 0.0175289 0.00304587
internal_weight=688.895 469.172 2.83415 466.338 460.599 432.416 14.5343 8.32262 5.68789 28.1838 417.881 413.279 11.4332 401.846 396.18 391.27 24.927 16.0481 5.1614 2.64778 8.87889 5.97509 2.51362 4.43934 388.6 69.7174 60.4953 26.0393 34.456 18.8621
internal_count=5625 3326 48 3278 3254 2863 101 67 51 391 2762 2734 59 2675 2642 2611 369 239 90 42 130 89 48 61 2600 746 448 140 308 90
is_linear=0
shrinkage=0.1


Tree=77
num_leaves=31
num_cat=0
split_feature=3 3 15 2 2 4 15 1 9 3 26 1 28 2 1 2 4 3 1 3 2 1 1 5 2 28 2 2 3 2
split_gain=0.291114 2.74993 2.11406 2.89663 1.88534 2.93774 2.87582 1.73467 1.47157 0.863407 2.6014 2.29843 1.6972 1.54078 3.98711 2.42121 2.36121 1.05414 2.04003 1.74317 1.52705 1.47164 3.29808 1.60792 1.53967 1.22512 0.978903 0.860107 3.22521 3.30283
threshold=1266.2250000000001 1319.9000000000003 1.0000000180025095e-35 76.52500000000002 94.125000000000014 1.0000000180025095e-35 1.0000000180025095e-35 7.5000000000000009 1.0000000180025095e-35 1126.5500000000002 1.0000000180025095e-35 16.500000000000004 1.0000000180025095e-35 87.075000000000003 5.5000000000000009 85.975000000000009 1.0000000180025095e-35 949.35000000000002 12.500000000000002 899.42500000000007 65.475000000000009 30.500000000000004 37.500000000000007 1.0000000180025095e-35 56.775000000000006 1.0000000180025095e-35 90.125000000000014 78.925000000000026 411.35000000000008 79.975000000000009
decision_type=2 2 2 2 2 2 2 2 2 2 2 2 2 2 2 2 2 2 2 2 2 2 2 2 2 2 2 2 2 2
left_child=4 2 3 -2 9 7 8 -6 -7 13 12 -12 -11 15 16 17 -15 19 -19 27 -21 24 -23 -24 -20 -26 -16 -1 29 -29
right_child=1 -3 -4 -5 5 6 -8 -9 -10 10 11 -13 -14 14 26 -17 -18 18 21 20 -22 22 23 -25 25 -27 -28 28 -30 -31
leaf_value=-0.001969981833169591 -0.12743073529665758 -0.0010827548732594457 -0.14849169850814842 0.045824124927626587 0.032896017688797539 -0.00043814523289864159 -0.059035323225635684 0.12557479751685427 0.093194431665829192 -0.09676446678436057 0.0079919832911355248 0.098921696875891793 0.0310469832499231 0.080962431774911692 -0.10765694619810347 0.089745030893402827 -0.025921132528774656 -0.1111694419817809 -0.07507478533389933 0.1184684822588713 0.010494986192279534 0.2934910775485402 0.084120172178870911 -0.10328907004779159 -0.043169177111656895 0.032760158970312661 -0.041613712593737806 0.056665813276333882 0.047040041728878768 -0.038192683025297158
leaf_weight=253.30312434420921 1.6405205688206472 314.02168147719931 2.1536982730031013 2.3434588834643364 4.137072678655386 3.7254532650113106 4.8610767722129822 3.9456775784492493 3.05494274944067 2.4870543557917673 6.2746445834636688 4.9909739647991955 1.7843493157997725 3.5831977128982562 4.7252007573842985 3.0153295248746863 4.8841641768813133 2.3362260460853603 4.0469599012285462 2.3327102777548125 2.9871859028935432 0.48770494572818224 1.0355772371403871 0.82056182576343406 3.7668383624404651 4.8753968924283981 4.2746042162179947 4.9689725190401104 16.474406585097313 14.04731375724077
leaf_count=1822 40 2894 15 11 31 19 26 32 25 67 30 49 15 24 21 18 28 10 34 43 15 8 38 50 25 23 20 32 78 82
internal_value=-0.000174425 -0.00237844 -0.0686696 -0.0255187 0.0017471 0.0318221 -0.000335342 0.0781381 0.0417485 4.00469e-05 0.0230805 0.0482763 -0.0433721 -0.00103832 -0.0299466 0.000567238 0.0193096 -0.000296053 -0.0242347 0.00111768 0.0578401 -0.0107245 0.0620753 0.00127031 -0.0241715 -0.000334698 -0.0762886 7.27872e-05 0.0146524 -0.0134061
internal_weight=687.386 320.159 6.13768 3.98398 367.227 19.7242 11.6415 8.08275 6.7804 347.502 15.537 11.2656 4.2714 331.965 17.4672 314.498 8.46736 311.483 17.3693 294.114 5.3199 15.033 2.34384 1.85614 12.6892 8.64224 8.9998 288.794 35.4907 19.0163
internal_count=5625 2960 66 51 2665 133 70 63 44 2532 161 79 82 2371 93 2278 52 2260 188 2072 58 178 96 88 82 48 41 2014 192 114
is_linear=0
shrinkage=0.1


Tree=78
num_leaves=31
num_cat=0
split_feature=2 29 2 4 2 4 1 5 2 1 27 2 3 5 4 26 3 4 2 2 2 2 3 3 4 2 3 1 2 3
split_gain=0.257115 1.0352 0.442259 1.62849 0.337768 2.18685 1.24282 1.15964 1.11872 1.57907 1.27578 1.2049 2.66989 1.43359 1.94294 1.19776 1.1157 3.20502 0.837749 2.06525 1.21405 2.16029 0.768982 0.853876 0.744064 0.641376 1.02456 4.02788 0.61875 1.08224
threshold=19.275000000000002 1.0000000180025095e-35 19.425000000000001 1.0000000180025095e-35 19.675000000000001 1.0000000180025095e-35 1.5000000000000002 1.0000000180025095e-35 19.875000000000004 5.5000000000000009 1.0000000180025095e-35 20.075000000000006 20.225000000000005 1.0000000180025095e-35 1.0000000180025095e-35 1.0000000180025095e-35 333.62500000000006 1.0000000180025095e-35 20.475000000000005 20.425000000000001 20.575000000000006 20.775000000000002 20.525000000000002 35.175000000000004 1.0000000180025095e-35 24.225000000000005 239.25000000000003 17.500000000000004 20.225000000000005 154.47500000000005
decision_type=2 2 2 2 2 2 2 2 2 2 2 2 2 2 2 2 2 2 2 2 2 2 2 2 2 2 2 2 2 2
left_child=1 -1 3 -2 5 7 -7 -4 9 -6 16 13 -13 15 -15 -10 -11 -18 19 28 22 -22 -20 -24 -25 26 -23 -28 29 -14
right_child=2 -3 4 -5 8 6 -8 -9 11 10 -12 12 18 14 -16 -17 17 -19 20 -21 21 25 23 24 -26 -27 27 -29 -30 -31
leaf_value=-0.081070531772654317 -0.036029863191322044 0.0090468167494228962 -0.0059169422436627728 0.083991399993971677 0.081760408253975611 -0.012691048402782998 -0.1153235413097923 0.088698124926777866 -0.034626105831366639 -0.017684235194514161 -0.11294734994292691 0.084290806513380598 -0.11393127562920158 -0.073352170870933514 0.091736347206327173 -0.12868729900309145 -0.10241472065770128 0.28160637649265191 0.13876353751367407 -0.13185612614414588 -0.088892017660004097 0.007044019839472386 0.10979395250676477 -0.10647818552628543 0.053177110249308462 -6.1342061377703345e-05 0.21594771528798629 -0.10442919013323107 0.0076444764849131659 0.0066282992206253893
leaf_weight=1.9217050092993293 2.0250051307957611 3.7860295188147575 4.6024257289245707 2.5592352799139917 3.9839312806725493 2.1592249721288681 2.6013517255196348 1.8028070394648237 4.8905041106045228 1.9917090269736952 0.89289449434727419 3.7517526745796195 1.3448691591620412 1.2209968900424428 1.713126796297729 1.8719750404125077 0.3801645163912325 0.50739450007677078 0.94578111171722357 1.6206195696722723 2.7301607098197556 4.3679612018167964 0.78134778887033451 0.57380113948602207 0.59417964878957719 620.84145316702779 1.0724183386191724 0.61888873361749563 6.4963760059908964 1.668226560053881
leaf_count=31 33 46 42 30 22 11 67 34 58 29 30 16 15 31 35 27 27 21 4 25 52 27 4 18 22 4624 10 62 111 61
internal_value=-0.000158513 -0.0212943 1.87358e-05 0.0309742 -0.000191178 -0.0174395 -0.0687732 0.0207133 9.84948e-05 0.037855 -0.00851523 -0.000347162 0.000176896 -0.0353366 0.0230369 -0.0606639 0.0238704 0.11712 -0.000313389 -0.0275103 0.000165175 -0.000131901 0.0647736 0.0288749 -0.0252577 0.00025465 0.0326317 0.0987143 -0.00972754 -0.0471824
internal_weight=686.318 5.70773 680.611 4.58424 676.026 11.1658 4.76058 6.40523 664.861 7.75609 3.77216 657.104 647.408 9.6966 2.93412 6.76248 2.87927 0.887559 643.656 11.1301 632.526 629.631 2.89511 1.94933 1.16798 626.901 6.05927 1.69131 9.50947 3.0131
internal_count=5625 77 5548 63 5485 154 78 76 5331 129 107 5202 5051 151 66 85 77 48 5035 212 4823 4775 48 44 40 4723 99 72 187 76
is_linear=0
shrinkage=0.1


Tree=79
num_leaves=31
num_cat=0
split_feature=6 2 25 2 2 3 3 1 17 1 0 2 1 4 3 3 2 2 19 3 3 2 2 15 3 2 2 2 3 28
split_gain=0.237891 0.792056 0.950725 0.896801 0.832577 0.962126 2.65977 3.02158 2.49137 1.7293 1.65668 1.83536 1.67273 1.56414 4.51566 2.94948 2.60376 3.06176 2.01727 2.6036 1.96496 1.85354 1.79793 1.68023 1.57449 2.44171 3.12644 1.52356 1.42976 1.40502
threshold=1.0000000180025095e-35 106.12500000000001 1.0000000180025095e-35 105.42500000000003 104.77500000000002 4914.8500000000013 5083.1750000000011 59.500000000000007 1.0000000180025095e-35 35.500000000000007 1.0000000180025095e-35 95.725000000000009 37.500000000000007 1.0000000180025095e-35 2225.8000000000006 2756.6000000000004 25.275000000000002 20.025000000000002 1.0000000180025095e-35 1510.1000000000001 1281.1250000000002 24.225000000000005 19.825000000000006 1.0000000180025095e-35 1971.0000000000002 55.175000000000004 49.225000000000009 94.475000000000009 325.12500000000006 1.0000000180025095e-35
decision_type=2 2 2 2 2 2 2 2 2 2 2 2 2 2 2 2 2 2 2 2 2 2 2 2 2 2 2 2 2 2
left_child=-1 3 -3 4 5 9 -7 -8 -9 13 11 12 -11 14 18 16 17 22 19 20 21 -2 -15 24 25 26 -18 -14 -27 -10
right_child=1 2 -4 -5 -6 6 7 8 29 10 -12 -13 27 15 -16 -17 23 -19 -20 -21 -22 -23 -24 -25 -26 28 -28 -29 -30 -31
leaf_value=0.00079469724843389512 0.035206547160878655 -0.068483438924394874 0.0041012337236395885 0.053439769218415034 -0.060709948118556803 0.14679803352278761 -0.087104748434005341 -0.036169264729748588 0.033576286626124739 -0.13281928348546007 0.076556206952345981 -0.12302019219453345 -0.025805420054013675 -0.05792757518963753 0.10097498028406356 -0.1147640951883032 0.0040916427640793054 -0.13222775714815588 0.042899944188443971 -0.096539396018526041 0.092413659084026087 -0.02399367179550593 0.068521033750850252 -0.033174924668229758 0.074818119676184458 -0.066290407813919067 0.12532734688535072 0.09382795319943632 0.0022380124685825883 0.13621555071557312
leaf_weight=543.28306627395796 7.3526347787119546 4.0191382169723502 3.2749286647886038 2.8497032122686496 2.4753210218623272 1.5476623675785948 2.6181945726275435 3.095383102889171 3.2280949030537158 1.3747537622694022 1.3924074029782776 2.1799799706786862 17.441973539476752 2.719074686523526 5.3029534742236129 2.6235038153827182 5.8577007337007725 3.2495711552910507 9.6539514763280732 3.089223056100308 2.1339963600039473 18.841526355361566 1.9173986366949973 8.5942325000651163 4.0759823424741617 4.2696376740932456 3.339937680400908 1.1337192244827736 10.61066942848265 2.2726230761036277
leaf_count=3941 110 28 62 19 19 21 22 52 94 20 15 15 517 41 28 18 48 70 75 24 12 129 22 68 22 25 21 7 61 19
internal_value=-0.000159269 -0.00379536 -0.035894 -0.00206417 -0.00325887 -0.00216425 0.0239096 0.00694998 0.0355971 -0.00500454 -0.029244 -0.0359007 -0.0263812 0.00108505 0.0141324 -0.0117184 -0.00566163 -0.0577997 0.0029197 -0.00936545 0.000140987 -0.00737632 -0.00563516 0.00552703 0.0173411 0.00761128 0.048116 -0.0185039 -0.017425 0.0759817
internal_weight=685.819 142.536 7.29407 135.242 132.392 129.917 12.762 11.2143 8.5961 117.155 23.5228 22.1304 19.9504 93.632 46.3743 47.2577 44.6342 7.88604 41.0713 31.4174 28.3282 26.1942 4.63647 36.7482 28.1539 24.0779 9.19764 18.5757 14.8803 5.50072
internal_count=5625 1684 90 1594 1575 1556 208 187 165 1348 574 559 544 774 378 396 378 133 350 275 251 239 63 245 177 155 69 524 86 113
is_linear=0
shrinkage=0.1


Tree=80
num_leaves=31
num_cat=0
split_feature=1 1 6 5 4 2 2 2 0 2 17 26 3 1 4 3 28 3 1 25 3 1 3 3 3 4 1 3 2 26
split_gain=0.258077 0.587119 4.02644 3.55247 3.99077 3.38788 2.95746 2.76015 2.62133 2.27548 1.47391 2.156 1.23934 1.0668 1.98584 1.7141 4.41545 1.48352 0.982459 1.94486 1.79887 1.46735 2.63142 1.73839 2.32878 2.56034 1.26252 3.18379 2.4876 4.30594
threshold=59.500000000000007 52.500000000000007 1.0000000180025095e-35 1.0000000180025095e-35 1.0000000180025095e-35 70.52500000000002 102.72500000000001 94.825000000000003 1.0000000180025095e-35 56.775000000000006 1.0000000180025095e-35 1.0000000180025095e-35 1145.1500000000003 50.500000000000007 1.0000000180025095e-35 5025.4000000000005 1.0000000180025095e-35 4138.4750000000013 45.500000000000007 1.0000000180025095e-35 4759.6500000000005 43.500000000000007 4039.4000000000005 4309.9500000000016 3780.3000000000006 1.0000000180025095e-35 34.500000000000007 1710.3000000000004 80.325000000000003 1.0000000180025095e-35
decision_type=2 2 2 2 2 2 2 2 2 2 2 2 2 2 2 2 2 2 2 2 2 2 2 2 2 2 2 2 2 2
left_child=1 13 3 6 7 9 10 -5 -6 12 11 -3 -4 18 -15 16 17 -16 19 21 -21 23 -23 24 26 -26 -1 -28 -29 -30
right_child=-2 2 5 4 8 -7 -8 -9 -10 -11 -12 -13 -14 14 15 -17 -18 -19 -20 20 -22 22 -24 -25 25 -27 27 28 29 -31
leaf_value=-0.00045420613149335941 -0.00658867963359667 0.081364076394950122 0.10378529285048953 -0.065347039703178886 0.15289875891678367 -0.10363320795403555 0.062863971550229575 0.055237628967655189 0.036143908809307283 0.21256656359341283 -0.084739367868629678 -0.05100455294071387 -0.1057821523304172 -0.079880657258018295 -0.11606761936392072 -0.073080709613917175 0.13834645659586917 0.031644714453225073 0.018309193714529163 -0.10282952433074687 0.13395269006130647 0.008733305504741759 -0.10023231933379462 0.070146193004410204 -0.10409195779020225 -0.0019363049460337245 -0.069310902393798168 0.056445849764375666 -0.091162514493483254 0.028192624138405328
leaf_weight=487.48581956559792 57.187816883728374 1.8744515348225848 0.46392051922157296 3.0395299950614572 5.1096582948230207 4.673941089771688 3.9862483441829673 5.0553754046559334 3.0833595274016261 0.62166116107255209 4.1253673266619444 3.5817406196147203 0.72038063243962824 4.7729891943745297 1.5218667737208309 2.0671679824590683 2.2700056359171867 1.2290119458921251 28.720486763631925 2.9504045830108221 0.35999941825866688 4.919782839715479 4.0329205319285393 3.5568490624427787 4.4702448025345785 5.4379538521170616 3.7197225759737185 16.229285644367337 3.8594621308147916 13.940400000661612
leaf_count=2941 1182 27 15 39 38 53 19 25 18 16 47 31 36 50 34 10 15 13 280 284 2 45 24 17 24 29 78 136 24 73
internal_value=-0.000157447 0.000428315 0.0127665 0.0282748 0.0597576 -0.0586871 -0.00951972 0.00995968 0.108959 0.0576364 -0.0396337 -0.00552988 -0.0236893 -0.000329559 -0.0300176 0.00355943 0.0351132 -0.0500741 0.000277895 -0.000662037 -0.07708 -0.000200112 -0.0403524 0.000467182 4.0579e-06 -0.0480255 0.000910103 0.0185287 0.0281304 0.0023134
internal_weight=685.068 627.88 36.3356 29.8557 16.2879 6.4799 13.5678 8.09491 8.19302 1.80596 9.58156 5.45619 1.1843 591.544 11.861 7.08805 5.02088 2.75088 579.683 550.963 3.3104 547.652 8.9527 538.7 535.143 9.9082 525.235 37.7489 34.0291 17.7999
internal_count=5625 4443 364 244 120 120 124 64 56 67 105 58 51 4079 122 72 62 47 3957 3677 286 3391 69 3322 3305 53 3252 311 233 97
is_linear=0
shrinkage=0.1


Tree=81
num_leaves=31
num_cat=0
split_feature=3 3 3 2 15 2 1 2 9 2 4 15 1 3 15 1 29 1 1 23 2 6 3 3 3 3 26 4 28 2
split_gain=0.278272 2.53415 2.49705 6.87987 2.02922 2.08063 4.87189 3.54111 3.67069 1.59553 2.53163 2.32802 1.65718 1.56865 0.971758 0.768755 1.80248 2.58952 3.90882 2.32338 1.58575 2.34587 3.71584 2.39856 4.92289 2.05004 1.81531 1.3733 2.56157 2.56379
threshold=1266.2250000000001 1410.7250000000001 1537.3000000000002 58.300000000000004 1.0000000180025095e-35 92.425000000000026 17.500000000000004 25.425000000000001 1.0000000180025095e-35 94.125000000000014 1.0000000180025095e-35 1.0000000180025095e-35 7.5000000000000009 1563.9250000000004 1.0000000180025095e-35 14.500000000000002 1.0000000180025095e-35 17.500000000000004 56.500000000000007 1.0000000180025095e-35 69.02500000000002 1.0000000180025095e-35 988.50000000000011 1054.6750000000002 1126.5500000000002 385.45000000000005 1.0000000180025095e-35 1.0000000180025095e-35 1.0000000180025095e-35 25.275000000000002
decision_type=2 2 2 2 2 2 2 2 2 2 2 2 2 2 2 2 2 2 2 2 2 2 2 2 2 2 2 2 2 2
left_child=9 4 3 -3 5 6 -2 8 -8 15 12 -12 -11 -4 -5 -1 20 -18 19 -19 21 23 25 27 -25 -23 -24 28 29 -17
right_child=1 2 13 14 -6 -7 7 -9 -10 10 11 -13 -14 -15 -16 16 17 18 -20 -21 -22 22 26 24 -26 -27 -28 -29 -30 -31
leaf_value=-0.0015877303191228131 0.091288500573752929 -0.086773762364566145 -0.077160354788586308 0.053650624296996512 -0.092013614330739457 -0.12454172633188264 -0.10664446979244152 -0.10504886736366369 0.31050920199789867 0.030152441853107021 0.03895923525355896 -0.051766774852520431 0.12304548063678644 -0.0016139424489838663 0.11439927648518565 0.060864470990684066 0.040159952911824025 -0.09775401231599784 0.19329343109750366 0.099163834262402828 -0.022903601551435136 0.054026344254785856 0.16762745604008522 -0.13434748012029704 0.066559716775145758 -0.11034709397037978 -0.0011240952317497514 0.041867679204223074 0.054670964718806482 0.24677006121591957
leaf_weight=304.57089905557223 3.618684843182562 3.2491622251691288 2.7751340353861442 6.2665442600846273 5.3233247403986743 1.4764995574951161 0.38693830679403607 3.7808663616888225 0.46375139500014484 4.0558172538876542 6.6076555326581001 4.9448182657361031 3.6476166434586048 286.56951726746047 4.5415832176804543 1.198459700215617 4.3987438133917731 6.0697581382701173 0.57510340365115542 0.66479553654789914 5.4850744754075995 0.99353990703821082 1.2487484556622803 1.8166232989169646 3.7113126860931516 3.2107271559070796 1.3022282044403255 5.4306163515429944 3.9041354563087225 1.9469082374125717
leaf_count=1767 16 79 22 29 40 8 60 43 10 31 44 26 32 2629 24 49 57 244 18 5 27 9 36 21 47 106 21 88 26 11
internal_value=-0.00016436 -0.0023257 -0.000338894 0.0408198 -0.0423786 -0.015214 0.00435173 -0.0635729 0.120766 0.0017173 0.0297346 0.00012568 0.0741378 -0.00233852 0.0791773 0.000160433 0.0128506 -0.0204642 -0.056946 -0.0783154 0.025746 0.0365218 -0.013731 0.0553729 0.000536395 -0.0715029 0.0814828 0.0796621 0.108777 0.175936
internal_weight=684.236 318.452 303.402 14.0573 15.0501 9.72674 8.25024 4.63156 0.85069 365.784 19.2559 11.5525 7.70343 289.345 10.8081 346.528 41.9568 11.7084 7.30966 6.73455 30.2484 24.7633 6.75524 18.0081 5.52794 4.20427 2.55098 12.4801 7.0495 3.14537
internal_count=5625 2960 2783 132 177 137 129 113 70 2665 133 70 63 2651 53 2532 765 324 267 249 441 414 172 242 68 115 57 174 86 60
is_linear=0
shrinkage=0.1


Tree=82
num_leaves=31
num_cat=0
split_feature=13 2 2 21 2 2 3 27 28 3 3 21 15 3 1 4 3 3 5 3 19 6 1 3 3 2 2 1 1 2
split_gain=0.251497 1.26849 3.52237 2.23853 2.24326 2.38897 2.03954 2.03579 2.75385 2.26396 6.17275 1.94128 3.11424 2.15651 3.83828 1.91553 3.26326 2.87482 1.82217 1.9521 1.71113 2.43963 2.83299 1.5693 1.70694 1.46981 1.40278 1.39785 2.85039 1.23151
threshold=1.0000000180025095e-35 79.975000000000009 91.27500000000002 1.0000000180025095e-35 86.225000000000009 81.875000000000014 1654.5250000000003 1.0000000180025095e-35 1.0000000180025095e-35 2168.5250000000005 1850.7000000000003 1.0000000180025095e-35 1.0000000180025095e-35 2756.6000000000004 50.500000000000007 1.0000000180025095e-35 1794.7250000000001 2961.7000000000003 1.0000000180025095e-35 1654.5250000000003 1.0000000180025095e-35 1.0000000180025095e-35 12.500000000000002 117.87500000000001 345.20000000000005 53.925000000000004 89.975000000000009 54.500000000000007 57.500000000000007 55.725000000000009
decision_type=2 2 2 2 2 2 2 2 2 2 2 2 2 2 2 2 2 2 2 2 2 2 2 2 2 2 2 2 2 2
left_child=-1 7 3 18 5 -5 -4 8 9 10 20 13 -13 25 -15 29 -17 -18 -3 -20 23 22 -22 -2 -25 -9 -6 -11 -29 -10
right_child=1 2 6 4 26 -7 -8 11 15 27 -12 12 -14 14 -16 16 17 -19 19 -21 21 -23 -24 24 -26 -27 -28 28 -30 -31
leaf_value=0.00084989683548831953 0.010299807505854602 -0.10393888811011161 0.054926959665554144 -0.062464837356793458 -0.10882590405477673 0.088480625699738927 -0.0056183185881425414 0.087270373636740339 -0.0353572072210281 -0.11072100371873433 0.1331740206095233 -0.11096343373338827 0.067032491261088636 0.23205514321452803 0.038647898496932516 0.10171144207109328 -0.11846847803198378 0.065913410217710702 0.030428471168474427 -0.077809467595372286 0.03857466270313515 0.10227653125944423 -0.11594444766283687 -0.13531290521933348 -0.042878799048653882 -0.017138284191733355 0.0094126486631680648 0.13928895010340059 -0.10270705321370657 0.023111703933885432
leaf_weight=533.88760174473282 3.7646200060844519 7.4499975270591676 6.2573453895747653 1.5394916315563021 2.4296267142053694 3.2875763413030654 50.198088764911518 2.2120733086485398 5.8804120775312194 4.0706434855237594 2.7226256858557454 1.9027044442482286 2.033441555686295 1.7387583460658786 2.5035247153136879 6.0678759403526783 1.5951489545404913 1.7996431151404975 2.8673698678612709 3.9778156233951449 2.8836020883172742 2.173999737482518 2.0161244021728635 2.6011334490030995 8.6132390853017551 3.4529280788265169 1.709302758798003 0.791312103159726 1.264540927368216 9.2990061864256841
leaf_count=4008 17 53 36 28 50 68 473 29 39 70 36 42 41 14 54 34 19 22 13 60 21 31 30 16 76 33 27 15 107 63
internal_value=-0.000164197 -0.0037953 -0.0124006 -0.0451482 -0.00597753 0.0403398 0.00109233 0.006091 -0.00246026 -0.022344 -0.00888422 0.0404012 -0.0190094 0.0640049 0.117919 0.0224745 0.0577869 -0.0207242 -0.0697162 -0.0324698 -0.0264227 0.014112 -0.0250064 -0.045565 -0.0643186 0.0236313 -0.0599955 -0.076775 -0.00956111 0.000461212
internal_weight=682.992 149.104 79.7166 23.2612 8.966 4.82707 56.4554 69.3874 55.5439 30.9018 24.7753 13.8434 3.93615 9.90728 4.24228 24.6421 9.46267 3.39479 14.2952 6.84519 22.0527 7.07373 4.89973 14.979 11.2144 5.665 4.13893 6.1265 2.05585 15.1794
internal_count=5625 1617 808 299 173 96 509 809 596 419 227 213 83 130 68 177 75 41 126 73 191 82 51 109 92 62 77 192 122 102
is_linear=0
shrinkage=0.1


Tree=83
num_leaves=31
num_cat=0
split_feature=26 3 2 2 1 1 2 3 3 3 1 5 7 3 15 1 1 3 2 2 13 23 2 3 2 2 19 7 2 3
split_gain=0.245451 0.730875 1.86945 3.58784 1.61614 1.58933 2.07029 2.22422 2.49578 1.42655 1.01964 1.15044 2.74085 3.38971 2.24357 3.68645 5.23239 4.05854 3.63178 3.19282 3.03647 2.94199 1.89451 4.91723 2.26195 1.58751 3.12093 1.63032 2.03815 1.82772
threshold=1.0000000180025095e-35 246.85000000000002 75.575000000000003 73.575000000000003 3.5000000000000004 3.5000000000000004 65.475000000000009 82.050000000000026 58.57500000000001 101.27500000000002 4.5000000000000009 1.0000000180025095e-35 1.0000000180025095e-35 325.12500000000006 1.0000000180025095e-35 20.500000000000004 16.500000000000004 2540.6750000000006 88.425000000000026 84.075000000000003 1.0000000180025095e-35 1.0000000180025095e-35 99.825000000000003 6126.1250000000009 94.125000000000014 100.075 1.0000000180025095e-35 1.0000000180025095e-35 30.675000000000004 4534.1750000000002
decision_type=2 2 2 2 2 2 2 2 2 2 2 2 2 2 2 2 2 2 2 2 2 2 2 2 2 2 2 2 2 2
left_child=1 2 3 5 -3 6 7 8 -1 -7 -6 25 -13 -14 15 16 -15 -17 19 21 -20 -19 24 -24 -16 27 -27 28 -12 -29
right_child=-2 4 -4 -5 10 9 -8 -9 -10 -11 11 12 13 14 22 17 -18 18 20 -21 -22 -23 23 -25 -26 26 -28 29 -30 -31
leaf_value=-0.0089961729346126531 0.0011264765365431009 -0.091571275165072741 0.062036785318042686 -0.10051937158970248 0.05167104991230434 -0.039275258827284831 0.051969996728354312 -0.059242688703642778 0.07320422397884857 0.040917965210879037 0.053325930435331972 0.0607371519749942 -0.13888148971509104 -0.026052228390949145 0.018775507044606128 -0.099356152403428155 0.12535998906702059 0.065181213014254918 -0.11933480045824015 0.15240521089099068 0.014928480714233911 -0.12261003087992238 0.127627433398496 -0.046041920649421315 -0.08493727039056051 -0.12673173876535879 0.00088796370801304779 -0.00084682758001677438 -0.096778817374233994 -0.076562691914785305
leaf_weight=38.175046243239194 464.20480299857445 2.2490274161100379 5.2717932388186446 3.3637610822916022 2.9878049194812766 2.5652215015143183 6.0233562109060577 7.774374119937419 4.0893400758504859 16.40005877870135 1.1579171624034632 7.1050220546312621 1.8345044120214868 5.9732223302125949 14.734938542125752 7.8784158461494398 3.6936426907777786 2.2384722647257131 3.6156700178980827 2.0249409517273307 3.1536108017899096 1.3298509963788094 4.5505144149065009 2.5405272573698312 2.4529768526554099 3.6303747706115237 4.0583912399597466 49.478524685895536 4.1345677790232003 3.4077121999580404
leaf_count=200 3326 10 35 15 14 33 33 36 24 153 12 103 26 41 225 351 35 32 26 12 29 27 22 48 23 20 36 562 69 47
internal_value=-0.000173174 -0.00294197 0.00439401 0.000517543 -0.00751433 0.00504741 -0.00341788 -0.0100851 -0.00104278 0.0300711 -0.00608196 -0.00741966 0.00222704 -0.00519363 -0.000667601 -0.0190011 0.0318013 -0.0432638 -0.00751721 0.05211 -0.0567854 -0.00480526 0.0219164 0.0654064 0.00397412 -0.0166649 -0.0593697 -0.0110211 -0.0639381 -0.00572556
internal_weight=682.098 217.894 83.663 78.3912 134.231 75.0274 56.0621 50.0388 42.2644 18.9653 131.982 128.994 63.1263 56.0213 54.1868 29.9078 9.66687 20.241 12.3625 5.59326 6.76928 3.56832 24.279 7.09104 17.1879 65.8675 7.68877 58.1787 5.29248 52.8862
internal_count=5625 2299 529 494 1770 479 293 260 224 186 1760 1746 1000 897 871 553 76 477 126 71 55 59 318 70 248 746 56 690 81 609
is_linear=0
shrinkage=0.1


Tree=84
num_leaves=31
num_cat=0
split_feature=19 4 1 3 3 6 23 2 3 3 3 17 28 28 0 13 24 3 17 1 2 3 2 3 1 1 1 1 5 3
split_gain=0.243483 1.87224 4.43289 3.69328 2.0067 3.36236 1.78249 3.25287 2.1331 2.06722 3.38428 2.83052 2.40627 2.21875 1.97231 3.92327 1.59731 1.51824 1.91282 1.93624 1.44986 1.446 1.8014 1.39259 1.37898 4.11899 4.06259 2.55225 2.07342 3.37407
threshold=1.0000000180025095e-35 1.0000000180025095e-35 48.500000000000007 4965.0500000000011 5446.1250000000009 1.0000000180025095e-35 1.0000000180025095e-35 70.975000000000009 713.05000000000007 1850.7000000000003 836.50000000000011 1.0000000180025095e-35 1.0000000180025095e-35 1.0000000180025095e-35 1.0000000180025095e-35 1.0000000180025095e-35 1.0000000180025095e-35 7133.2750000000005 1.0000000180025095e-35 61.500000000000007 34.82500000000001 4138.4750000000013 108.17500000000003 2225.8000000000006 30.500000000000004 24.500000000000004 20.500000000000004 32.500000000000007 1.0000000180025095e-35 899.42500000000007
decision_type=2 2 2 2 2 2 2 2 2 2 2 2 2 2 2 2 2 2 2 2 2 2 2 2 2 2 2 2 2 2
left_child=-1 2 6 20 -5 17 9 -8 -9 10 13 -11 -12 -2 15 23 -17 18 -6 -20 -3 24 -23 -10 25 26 28 -26 -22 -30
right_child=1 3 -4 4 5 -7 7 8 14 11 12 -13 -14 -15 -16 16 -18 -19 19 -21 21 22 -24 -25 27 -27 -28 -29 29 -31
leaf_value=0.00083484739141940546 0.090450737758534558 -0.11035573601229709 -0.031790850292644772 0.081244251926716513 0.069059285304193918 -0.083779030056650466 -0.075041842529134983 0.08959493920785247 -0.0078284217250627446 0.022874934911076124 -0.085961572589539764 0.15067142306332398 0.026694006402867582 0.0066700951478178717 0.061368592383587411 -0.0066181058445519319 0.092604540760449994 0.061147096983931087 0.0094694546706575074 -0.1173492894377566 -0.051790544752822201 -0.12345290434109524 0.035159545958050389 -0.093284201321259544 0.097470286409291521 -0.121688377657848 0.069767257324862705 -0.01522501054757204 0.07904945748218288 -0.055627186209412198
leaf_weight=530.39293305267347 7.5474754292517954 2.1149463243782511 20.927305878489278 4.2579049710184362 2.4003651777748036 3.449809720623306 4.3533560317009714 3.6284106294624534 3.1568619310855883 3.427220717072486 3.7304493724368504 3.5061663165688515 3.8556327233090997 5.4387979954481125 4.8287435844540587 3.1060234024189413 3.3967097029089928 6.6414030264131725 3.1348879616707563 1.9545068397419525 18.083152440376587 2.9227740340866144 0.94837751612067211 4.8163761356845498 2.5147253200411788 4.401265258435159 4.4772146097384384 10.004857022315262 3.677324137184768 3.7646810123696923
leaf_count=3995 47 13 409 49 20 82 48 21 18 29 50 30 22 27 24 34 22 60 19 57 102 84 6 34 21 44 37 173 26 22
internal_value=-0.000172382 -0.00372282 0.00736012 -0.0149498 0.0196486 0.00473091 0.0223134 0.00420451 0.0192477 0.040278 0.0243627 0.0875007 -0.0287043 0.0553625 0.00602562 -0.0124351 0.045211 0.0263386 -0.00452709 -0.0392334 -0.0292307 -0.0258528 -0.0845951 -0.0594495 -0.0210066 -0.031348 -0.0180953 0.00741134 -0.0335067 0.0109207
internal_weight=680.861 150.468 75.7195 74.7482 21.8389 17.581 54.7922 27.2865 22.9331 27.5057 20.5724 6.93339 7.58608 12.9863 19.3047 14.476 6.50273 14.1312 7.48976 5.08939 52.9093 50.7944 3.87115 7.97324 46.9232 34.4036 30.0024 12.5196 25.5252 7.44201
internal_count=5625 1630 815 815 287 238 406 201 153 205 146 59 72 74 132 108 56 156 96 76 528 515 90 52 425 231 187 194 150 48
is_linear=0
shrinkage=0.1


Tree=85
num_leaves=31
num_cat=0
split_feature=13 2 2 21 0 2 2 27 28 3 3 19 17 3 5 3 4 3 3 21 15 3 1 3 3 1 6 1 1 9
split_gain=0.276641 1.06668 3.06297 1.89356 1.92325 2.93952 2.76973 1.62262 2.13561 2.03877 4.65541 2.18541 2.22956 1.60428 1.52613 1.63878 1.5247 2.487 2.63229 1.48106 2.66609 1.68227 2.55031 1.47552 1.4585 1.34913 2.36693 3.3645 1.30922 1.24071
threshold=1.0000000180025095e-35 79.975000000000009 91.27500000000002 1.0000000180025095e-35 1.0000000180025095e-35 86.225000000000009 84.075000000000003 1.0000000180025095e-35 1.0000000180025095e-35 2168.5250000000005 1901.0250000000003 1.0000000180025095e-35 1.0000000180025095e-35 1654.5250000000003 1.0000000180025095e-35 1654.5250000000003 1.0000000180025095e-35 1794.7250000000001 3006.5250000000005 1.0000000180025095e-35 1.0000000180025095e-35 2756.6000000000004 50.500000000000007 117.87500000000001 345.20000000000005 54.500000000000007 1.0000000180025095e-35 57.500000000000007 35.500000000000007 1.0000000180025095e-35
decision_type=2 2 2 2 2 2 2 2 2 2 2 2 2 2 2 2 2 2 2 2 2 2 2 2 2 2 2 2 2 2
left_child=-1 7 3 14 5 6 -5 8 9 10 11 23 -13 -4 -3 -16 -10 -18 -19 21 -21 -9 -23 -2 -25 -11 -27 -28 -8 -15
right_child=1 2 13 4 -6 -7 28 19 16 25 -12 12 -14 29 15 -17 17 18 -20 20 -22 22 -24 24 -26 26 27 -29 -30 -31
leaf_value=0.00088556318874631439 0.010027474578590143 -0.09808294104884642 0.048943937981550972 -0.069199606290258078 0.08590832481746162 -0.10586992474272475 0.17564640945235122 0.019768770242213463 -0.00056365456397970985 -0.10973403068421626 0.12565729717695642 -0.012145207950312148 0.11043756178346947 -0.038021143009676926 0.025175178247177573 -0.074668050309198403 0.087414094697795083 -0.11639698352868613 0.062390871607832112 -0.1100023809399836 0.057955914563965399 0.18973573672511715 0.036106144258436619 -0.13099674219891835 -0.04327341410822258 -0.10657857673035068 0.28707079932939344 -0.10158162029669103 0.025617265138685553 0.0022840356996161283
leaf_weight=531.99934175203089 3.7761504650116064 7.1631994612980634 6.1169523000717154 1.7865523151122031 1.7857542380224911 2.9789540433557704 1.098816052079201 5.7327301735058409 15.218499750830233 3.7278762138448647 2.3580053225159636 5.2027745798695824 2.0757030672393739 9.4120428552851063 2.8857391551136971 3.8201927636982873 6.2670067083090544 1.5221793297678234 1.7940672952681778 1.7172274652402841 2.1018662571441382 1.8900816449895499 2.5228180042468011 2.4196691839024416 8.7454690220765752 1.0953395552933214 0.495314685627818 0.40475649712607265 1.2358188475482164 40.50806740205735
leaf_count=4008 17 53 36 43 20 66 6 62 102 70 27 61 25 88 13 60 34 20 21 42 41 14 54 16 81 63 8 51 38 385
internal_value=-0.000177889 -0.00400419 -0.0119564 -0.042897 -0.00685781 -0.0301894 0.0245154 0.00506767 -0.00264849 -0.0204594 -0.00794224 -0.0221201 0.0228134 0.000607687 -0.0659872 -0.0317029 0.0191117 0.0503567 -0.0196739 0.0355145 -0.0175653 0.0554953 0.101907 -0.0440089 -0.0622845 -0.0742126 -0.0078506 0.112296 0.0962298 -0.00531519
internal_weight=679.859 147.86 78.7921 22.755 8.8859 7.10014 4.12119 69.0675 55.1028 30.3011 24.5778 22.2198 7.27848 56.0371 13.8691 6.70593 24.8018 9.58325 3.31625 13.9647 3.81909 10.1456 4.4129 14.9413 11.1651 5.72329 1.99541 0.900071 2.33463 49.9201
internal_count=5625 1617 808 299 173 153 87 809 596 419 227 200 86 509 126 73 177 75 41 213 83 130 68 114 97 192 122 59 44 473
is_linear=0
shrinkage=0.1


Tree=86
num_leaves=31
num_cat=0
split_feature=9 2 15 2 2 27 1 3 6 28 26 23 2 29 19 2 2 2 3 2 3 2 2 1 2 4 1 2 1 1
split_gain=0.238689 1.06121 2.75088 1.65809 1.51749 1.75418 1.39315 4.13854 1.68692 2.49801 3.74108 2.663 1.88866 1.56597 1.19886 2.16501 1.40348 1.19802 1.05133 1.83483 4.70513 1.41495 1.66238 1.29506 3.02419 2.71345 2.67595 1.4287 0.972211 0.842872
threshold=1.0000000180025095e-35 72.125000000000014 1.0000000180025095e-35 60.425000000000004 68.675000000000026 1.0000000180025095e-35 7.5000000000000009 696.57500000000016 1.0000000180025095e-35 1.0000000180025095e-35 1.0000000180025095e-35 1.0000000180025095e-35 79.425000000000026 1.0000000180025095e-35 1.0000000180025095e-35 25.425000000000001 25.125000000000004 24.225000000000005 1378.3500000000001 51.125000000000007 2196.3750000000005 61.375000000000007 55.375000000000007 16.500000000000004 25.825000000000006 1.0000000180025095e-35 26.500000000000004 25.025000000000002 4.5000000000000009 10.500000000000002
decision_type=2 2 2 2 2 2 2 2 2 2 2 2 2 2 2 2 2 2 2 2 2 2 2 2 2 2 2 2 2 2
left_child=-1 2 4 -4 5 18 8 -8 9 13 -11 12 -12 -3 15 16 17 -7 21 20 -20 22 23 24 -2 27 -27 -25 -13 -9
right_child=1 6 3 -5 -6 14 7 29 -10 10 11 28 -14 -15 -16 -17 -18 -19 19 -21 -22 -23 -24 25 -26 26 -28 -29 -30 -31
leaf_value=-0.0017940811127340865 -0.09698461085036239 0.099428086557707157 -0.020943035754285178 -0.11457078484171448 -0.092936577746908861 0.16838365292731786 -0.10287310834200461 0.032237438487135409 0.089125329859713026 -0.094333589742081697 0.024416341071336362 0.11425347324352508 -0.060502073798842107 0.016357393823768371 0.17127167298582463 -0.05996037953763303 0.25589666996898713 -0.10514690283678683 -0.10117022723300795 -0.11089767662098152 0.59672094303597878 0.060529121031438399 -0.094564940928625107 0.099887151585681275 0.026705410639093041 0.31081614656082279 0.029218735118031993 -0.1197904989897414 0.027369527902105218 0.001803903277297552
leaf_weight=390.44909843686037 2.924950357992218 4.6591284573078173 3.7743981749517834 3.7915145109873265 1.6016148864291597 0.32744719728361793 3.74658622406423 9.5106922760605794 3.4999220892786971 3.7473049610853204 6.1402459293603879 2.877730045467616 4.5672177970409393 4.4240937903523445 0.93644273793324817 1.1517723680008201 0.51868490490596741 0.3133531796047464 0.31417049322044421 1.8578346038702873 0.13949862122535706 3.6189022399485102 1.9784286990761746 0.46995911328121931 6.0972353862598538 0.65203418303281069 0.69946294487453997 0.80003955319989473 2.3312048986554146 210.90666479733773
leaf_count=3280 28 26 31 79 27 9 18 55 22 17 37 30 28 25 11 33 15 31 85 33 1 19 15 25 31 11 32 24 15 1532
internal_value=-0.00018256 0.00199935 -0.015181 -0.0678628 0.00115326 0.00776265 0.0041413 0.00134559 0.0235757 0.015595 -0.00443995 0.0167243 -0.0118052 0.0589675 0.075821 0.0371476 0.13361 0.0346264 -0.00354193 -0.066871 0.113424 0.0049486 -0.00981713 0.00458274 -0.0133943 0.0664529 0.165076 -0.0384995 0.0753695 0.00311707
internal_weight=678.828 288.379 31.9677 7.56591 24.4018 22.8002 256.411 224.164 32.2468 28.7469 19.6637 15.9164 10.7075 9.08322 3.2477 2.31126 1.15949 0.6408 19.5525 2.3115 0.453669 17.241 13.6221 11.6437 9.02219 2.6215 1.3515 1.27 5.20893 220.417
internal_count=5625 2345 540 110 430 403 1805 1605 200 178 127 110 65 51 99 88 55 40 304 119 86 185 166 151 59 92 43 49 45 1587
is_linear=0
shrinkage=0.1


Tree=87
num_leaves=31
num_cat=0
split_feature=7 19 2 2 6 2 2 3 5 3 3 4 5 1 1 2 15 21 24 13 2 2 2 3 2 2 2 2 2 27
split_gain=0.251441 1.74546 2.02665 2.5855 1.83824 1.84257 2.83081 1.86723 2.32504 1.70148 1.48334 1.33198 1.18834 1.60935 1.49419 1.35522 1.29265 1.18437 1.14376 0.888928 0.873906 0.432022 6.83231 2.22985 0.866047 1.21499 3.81163 3.76002 2.5069 3.00469
threshold=1.0000000180025095e-35 1.0000000180025095e-35 53.925000000000004 49.525000000000006 1.0000000180025095e-35 29.925000000000001 24.875000000000004 988.50000000000011 1.0000000180025095e-35 96.075000000000003 357.72500000000008 1.0000000180025095e-35 1.0000000180025095e-35 3.5000000000000004 7.5000000000000009 35.475000000000009 1.0000000180025095e-35 1.0000000180025095e-35 1.0000000180025095e-35 1.0000000180025095e-35 48.82500000000001 44.07500000000001 43.45000000000001 44.500000000000007 44.925000000000004 55.375000000000007 54.925000000000004 55.725000000000009 54.475000000000009 1.0000000180025095e-35
decision_type=2 2 2 2 2 2 2 2 2 2 2 2 2 2 2 2 2 2 2 2 2 2 2 2 2 2 2 2 2 2
left_child=1 2 3 4 5 6 -1 11 -9 -8 -6 -7 13 -3 -15 -16 17 -14 -18 -17 -21 22 -2 -23 -25 26 28 -27 29 -26
right_child=21 12 -4 -5 10 7 9 8 -10 -11 -12 -13 16 14 15 19 18 -19 -20 20 -22 23 -24 24 25 27 -28 -29 -30 -31
leaf_value=0.061312556338009666 -0.0024709614978296328 0.018860187661758579 0.080976217460259237 -0.057785015860667657 0.013218329741576213 0.039417904731405003 0.010233718749856711 -0.050200499726239634 0.063183246340831653 -0.079727095302790249 -0.09001657094518549 0.10258313958295939 0.0014524689387095265 -0.15988649917970274 0.060908934647219998 -0.11929773103200968 -0.11434103641838714 0.1195013370769905 0.057376022601141718 -0.10794761529097299 0.024289400094753374 0.10133360842458206 -0.1780953068967166 -0.034875818878955009 0.0035262134620437716 -0.12963054598252094 0.090519217260411775 -0.00085367778741447179 -0.06405666501568251 0.083514028792401662
leaf_weight=4.4060726575553408 68.901523142762017 2.7047283649444562 4.2388838548213235 5.1818626672029486 2.9309539077803484 7.8693668060004729 3.9565545693039876 3.8223939666058859 3.4327027793042362 4.4864046201109886 2.6504884073510766 5.7982213012874126 2.1672324058599761 1.5153623074293134 0.95061373477801669 2.0030967807397246 1.1664876014692707 1.3982086001196878 0.58113175071775902 0.80983396735973689 1.3052237869706003 2.1700449883937827 2.2887044064700595 7.1233492996543637 44.132195552811027 2.2782812356017521 5.8222063421271733 471.57200268330052 4.745399168226867 5.2555248849093905
leaf_count=23 1234 12 29 35 15 41 21 30 25 29 40 36 27 8 13 25 49 25 10 29 27 9 12 37 263 20 42 3380 36 43
internal_value=-0.000173627 0.00582339 0.0149038 0.00861495 0.0173582 0.0261446 -0.00366177 0.0444492 0.0034463 -0.0375695 -0.0358054 0.0662146 -0.0245073 -0.0460826 -0.0727608 -0.0467136 0.013213 0.047746 -0.0572404 -0.0715567 -0.0263428 -0.000792336 -0.00811713 0.00016781 -0.000238037 0.000224185 0.0136364 -0.00147284 0.00536742 0.012038
internal_weight=677.665 63.3758 48.7739 44.535 39.3532 33.7717 12.849 20.9227 7.2551 8.44296 5.58144 13.6676 14.6019 9.28886 6.58413 5.06877 5.31306 3.56544 1.74762 4.11815 2.11506 614.289 71.1902 543.099 540.929 533.806 59.9553 473.85 54.1331 49.3877
internal_count=5625 549 324 295 260 205 73 132 55 50 55 77 225 114 102 94 111 52 59 81 56 5076 1246 3830 3821 3784 384 3400 342 306
is_linear=0
shrinkage=0.1


Tree=88
num_leaves=31
num_cat=0
split_feature=13 27 9 15 1 3 2 2 2 3 1 2 6 15 17 2 2 2 2 2 2 19 3 2 3 2 17 2 3 1
split_gain=0.233641 0.972351 1.65541 3.42936 3.29855 2.83861 2.17003 1.8665 3.80942 2.16116 2.69918 1.68439 1.59512 1.80661 1.68647 1.56509 1.47857 1.91782 1.45762 2.34916 1.95236 1.10557 1.10358 1.0797 3.11544 1.02733 1.00833 3.85549 3.03868 3.28997
threshold=1.0000000180025095e-35 1.0000000180025095e-35 1.0000000180025095e-35 1.0000000180025095e-35 43.500000000000007 433.00000000000006 74.425000000000026 55.375000000000007 52.175000000000004 109.07500000000002 8.5000000000000018 75.425000000000026 1.0000000180025095e-35 1.0000000180025095e-35 1.0000000180025095e-35 79.975000000000009 91.02500000000002 99.425000000000026 20.075000000000006 45.125000000000007 26.275000000000002 1.0000000180025095e-35 825.85000000000014 73.02500000000002 1358.7250000000001 20.275000000000002 1.0000000180025095e-35 103.97500000000001 480.67500000000007 11.500000000000002
decision_type=2 2 2 2 2 2 2 2 2 2 2 2 2 2 2 2 2 2 2 2 2 2 2 2 2 2 2 2 2 2
left_child=1 26 3 7 6 -4 -5 8 9 -3 -11 -9 15 14 -14 23 -17 -18 -12 20 25 -19 -13 24 -7 -20 27 -1 -28 -30
right_child=-2 2 5 4 -6 12 -8 11 -10 10 18 22 13 -15 -16 16 17 21 19 -21 -22 -23 -24 -25 -26 -27 28 -29 29 -31
leaf_value=0.0006697122895583797 -0.0037055724781804682 0.014115722806585794 0.098159820538527398 0.092955334059590555 -0.078219229737012883 0.13643449305788521 -0.0064529403602429291 -0.10789295735382437 0.11068036535520148 -0.16806248234701923 -0.10763279229855489 0.013207545936478363 0.067350918378007912 -0.094665105692315343 -0.061452058674375365 0.059681688913268562 -0.050288524007045136 0.073802049691312363 0.064571642994965997 -0.11909292050985563 0.11375545844569362 -0.0045359055991269596 -0.066762410919258872 -0.08235685844093367 -0.10761675872754468 -0.10786956074960924 0.049311490776526065 -0.11366018857040033 -0.046012608987727598 0.010049144150199203
leaf_weight=327.00915683933999 146.37064362550154 5.1369169314857599 3.0727630304172626 5.2118650209158641 2.5269076749682418 1.0367747060954635 3.7948360522277653 6.092179019469766 2.0002595968544474 2.0479569807648641 1.9839267993811516 2.7583494037389755 2.0366631370270616 3.5370442583225667 2.0295200143009424 7.0130864460952607 4.4233980029821378 3.488103125244379 0.55301756015978776 1.2798373270779846 1.7167009604163466 3.7258516503497958 4.6091250898316503 2.7049444820731878 1.0556651070946825 0.92061456758528948 17.126017495989799 2.9764245711266986 11.736824944615362 96.820579930441454
leaf_count=2434 1617 36 20 36 49 12 21 39 15 15 101 14 42 34 17 42 23 19 20 14 15 29 29 19 49 41 99 19 70 635
internal_value=-0.000168611 0.000807412 -0.0097632 -0.0234003 0.0227448 0.00647494 0.0510712 -0.0416903 -0.0181948 -0.0370953 -0.0680368 -0.0689905 -0.00259805 -0.0424006 0.00306256 0.0103084 0.0234116 0.00155387 -0.0362976 -0.00463797 0.0412769 0.0333422 -0.036822 -0.0406318 0.0133072 -0.0431567 0.00254161 -0.000361528 0.0101639 0.00398795
internal_weight=676.796 530.425 74.7563 40.6325 11.5336 34.1238 9.0067 29.0989 15.6392 13.639 8.50205 13.4597 31.0511 7.60323 4.06618 23.4478 18.6504 11.6374 6.4541 4.47017 3.19033 7.21395 7.36747 4.79738 2.09244 1.47363 455.669 329.986 125.683 108.557
internal_count=5625 4008 751 445 106 306 57 339 257 242 206 82 286 93 59 193 113 71 191 90 76 48 43 80 61 61 3257 2453 804 705
is_linear=0
shrinkage=0.1


Tree=89
num_leaves=31
num_cat=0
split_feature=3 1 1 3 17 4 3 4 3 2 1 1 21 19 2 21 3 1 21 28 21 3 1 24 2 1 3 2 2 2
split_gain=0.235637 1.56405 2.06493 1.77602 6.21818 2.269 1.92297 1.8293 1.48555 1.63634 1.35171 1.20541 1.8977 1.68186 3.07167 2.3939 1.18408 1.53106 3.20154 1.85987 1.48303 1.25886 1.14401 3.78685 1.55332 1.13354 1.64322 1.11728 3.24518 2.87132
threshold=4309.9500000000016 43.500000000000007 45.500000000000007 4534.1750000000002 1.0000000180025095e-35 1.0000000180025095e-35 4759.6500000000005 1.0000000180025095e-35 7048.5000000000009 111.075 47.500000000000007 62.500000000000007 1.0000000180025095e-35 1.0000000180025095e-35 99.825000000000003 1.0000000180025095e-35 3625.6500000000001 51.500000000000007 1.0000000180025095e-35 1.0000000180025095e-35 1.0000000180025095e-35 3952.5500000000006 54.500000000000007 1.0000000180025095e-35 104.77500000000002 40.500000000000007 3952.5500000000006 93.575000000000003 96.77500000000002 99.425000000000026
decision_type=2 2 2 2 2 2 2 2 2 2 2 2 2 2 2 2 2 2 2 2 2 2 2 2 2 2 2 2 2 2
left_child=16 -2 -3 4 -4 6 -5 -6 9 11 -7 12 -8 14 -13 -15 -1 18 19 -18 -19 -22 23 -14 -24 -20 -27 -12 -29 -30
right_child=1 2 3 5 7 10 8 -9 -10 -11 27 13 22 15 -16 -17 17 20 25 -21 21 -23 24 -25 -26 26 -28 28 29 -31
leaf_value=8.938781793274778e-05 0.065724202931027501 -0.078771791533302771 0.16268642335450872 -0.10636679725038833 0.029018713193785503 0.096702151604841163 -0.093394817677795811 -0.12788159582043623 -0.058272848457256214 0.083723270221883875 -0.019802795371791561 -0.014543059475879194 -0.035223595654554782 0.06111400460580018 0.13018596878903915 -0.10667014967634961 0.003987084211063867 -0.12383258179689689 -0.01023942627890006 0.10495550597569017 0.067113847480902586 -0.10443122959760442 -0.0019545533102220754 0.085779621300748621 -0.075999286978295555 -0.11970053836214074 -0.027725442425544401 0.09089872391504554 -0.068452760465340254 0.019054532878753441
leaf_weight=538.15451475058217 3.969452377408742 3.0889240577816954 2.8737207395024589 2.2085381450597188 1.6121683763340116 1.9729917868971814 3.070376385003331 1.3784353528171778 5.6844852319918564 2.0385820418596259 8.8691647889791039 3.056406907970084 6.3453899975866097 1.515338979428634 2.8189312219619751 1.9378013442037627 4.7816503308713498 2.5706748611992216 9.0303767472505587 2.9498248100280762 1.0225876383483408 0.7354368088999762 7.2321334537118656 4.3658044096082449 4.6578817814588547 3.0596196642145497 5.3200299921445549 5.4766832888126364 4.2970006903633466 29.438274173298851
leaf_count=4162 20 21 22 30 20 11 30 23 125 13 229 47 34 29 16 94 35 61 48 17 24 33 52 28 24 26 42 38 36 235
internal_value=-0.000165094 0.00411843 0.0017657 0.00423247 0.0576404 0.000935119 -0.0153778 -0.0433001 -0.0106742 -0.00336901 0.0155786 -0.00844171 -0.0196287 0.0223443 0.0548965 -0.0330416 -0.000979416 -0.0204968 -0.0110391 0.04251 -0.0754282 -0.00464884 -0.00960753 0.0140964 -0.0309614 -0.0348193 -0.0613079 0.0122497 0.0194995 0.00790837
internal_weight=675.533 107.908 103.939 100.85 5.86432 94.9858 44.9317 2.9906 42.7231 37.0386 50.0541 35.0001 25.6716 9.32848 5.87534 3.45314 567.625 29.4702 25.1415 7.73148 4.3287 1.75802 22.6012 10.7112 11.89 17.41 8.37965 48.0811 39.212 33.7353
internal_count=5625 1177 1157 1136 65 1071 522 43 492 367 549 354 168 186 63 123 4448 286 168 52 118 57 138 62 76 116 68 538 309 271
is_linear=0
shrinkage=0.1


Tree=90
num_leaves=31
num_cat=0
split_feature=3 5 24 3 2 1 24 21 2 6 15 2 3 3 3 3 2 1 21 4 3 1 2 23 17 3 24 19 2 2
split_gain=0.22415 0.732858 0.893026 1.51326 0.682529 0.582218 0.899111 0.997135 1.12939 0.907028 1.86989 1.56243 0.43272 1.0902 2.10031 1.47797 1.30863 1.18781 2.23482 2.17928 1.85457 1.68734 1.57818 2.33213 1.55564 1.37906 1.29633 1.72952 1.03894 1.06362
threshold=7632.0500000000011 1.0000000180025095e-35 1.0000000180025095e-35 7865.6500000000005 113.17500000000003 70.500000000000014 1.0000000180025095e-35 1.0000000180025095e-35 56.775000000000006 1.0000000180025095e-35 1.0000000180025095e-35 103.27500000000002 4309.9500000000016 3083.5000000000005 3006.5250000000005 3121.9250000000006 79.425000000000026 51.500000000000007 1.0000000180025095e-35 1.0000000180025095e-35 3211.5500000000006 40.500000000000007 84.825000000000003 1.0000000180025095e-35 1.0000000180025095e-35 3729.6750000000006 1.0000000180025095e-35 1.0000000180025095e-35 93.575000000000003 99.575000000000003
decision_type=2 2 2 2 2 2 2 2 2 2 2 2 2 2 2 2 2 2 2 2 2 2 2 2 2 2 2 2 2 2
left_child=4 -2 3 -3 5 12 7 -7 -9 10 -10 -11 13 14 -1 -15 -16 18 19 24 -19 28 23 -23 -17 -21 -22 -28 -20 -30
right_child=1 2 -4 -5 -6 6 -8 8 9 11 -12 -13 -14 15 16 17 -18 20 21 25 26 22 -24 -25 -26 -27 27 -29 29 -31
leaf_value=-0.00010183962133230498 -0.048128993605205811 0.049432278892934209 0.10926035652927231 -0.10267950246966638 -0.051685324116262754 -0.10572830080231649 -0.10807092009893882 0.1337206322064626 0.077707593125474164 -0.10212507599553405 -0.11161448745134508 0.15952877643891247 0.0064223398225859984 -0.088245895870004185 0.010767716033455034 0.015443105720783695 0.10920114549885562 0.072139070928376847 -0.056621668974034582 -0.051359016130795535 -0.11920896186574047 0.10424480567101949 -0.080881266752678385 -0.065534230747782238 0.10570613445537519 0.037969238597407966 0.07027730902322836 -0.10443821692611455 0.037882616692693709 -0.011869595694400348
leaf_weight=503.82804212899646 1.2774983504787076 2.5884538302198057 1.2618659064173696 0.87513324711471785 2.5788527783006421 0.91638632368994777 1.2107316041365264 0.6221560696139935 0.79013026668690201 0.3536757860565557 1.5355538401054218 0.64334987523034215 94.104147903155535 2.5634796116501084 2.5697806188836685 3.5451443078927678 2.8468381445854902 1.0146195553243149 3.2823972720652845 4.0175204528495669 2.9580303409602493 1.3530122549273058 6.8615029836073518 2.0124815993476659 4.1380587453022599 3.0329437740147114 1.1124331848695874 1.1546842190437019 6.3372948803007629 13.346605274826286
leaf_count=3786 24 28 10 64 24 143 27 7 16 54 68 8 815 22 28 24 16 12 20 30 91 15 48 36 29 20 23 39 34 64
internal_value=-0.000166429 0.019071 0.0372381 0.0109987 -0.000339117 -0.000140341 -0.0309643 -0.0117604 0.0100682 -0.0130849 -0.047294 0.0667121 0.000143205 -0.000900821 0.000564049 -0.0140504 0.0625018 -0.010539 -0.00519583 0.0272158 -0.0515795 -0.0195825 -0.0533694 0.00272117 0.0640574 -0.0129321 -0.0756032 -0.0187085 -0.0045371 0.00414829
internal_weight=674.733 6.00295 4.72545 3.46359 668.73 666.151 6.07198 4.86125 3.94487 3.32271 2.32568 0.997026 660.079 565.975 509.245 56.7302 5.41662 54.1667 47.927 14.7337 6.23977 33.1933 10.227 3.36549 7.6832 7.05046 5.22515 2.26712 22.9663 19.6839
internal_count=5625 126 102 92 5499 5475 323 296 153 146 84 62 5152 4337 3830 507 44 485 320 103 165 217 99 51 53 50 153 62 118 98
is_linear=0
shrinkage=0.1


Tree=91
num_leaves=31
num_cat=0
split_feature=2 1 1 4 2 3 3 1 2 2 28 2 2 1 4 24 3 2 2 5 2 2 2 17 6 2 15 5 2 24
split_gain=0.231472 1.18529 1.4136 1.5337 1.27048 1.45572 1.87612 3.00726 1.15742 0.897625 1.2191 0.686283 1.93828 2.09142 1.23463 1.0081 0.732145 1.56541 0.871726 3.04722 3.18903 3.09521 1.92523 2.70833 1.38043 0.918822 2.62139 2.9758 3.37506 2.504
threshold=106.77500000000002 31.500000000000004 49.500000000000007 1.0000000180025095e-35 108.17500000000003 5884.6250000000009 6476.9250000000002 65.500000000000014 109.67500000000003 115.20000000000002 1.0000000180025095e-35 104.47500000000001 104.77500000000002 66.500000000000014 1.0000000180025095e-35 1.0000000180025095e-35 6981.9250000000011 103.97500000000001 100.27500000000002 1.0000000180025095e-35 103.72500000000001 101.20000000000002 103.72500000000001 1.0000000180025095e-35 1.0000000180025095e-35 96.02500000000002 1.0000000180025095e-35 1.0000000180025095e-35 99.425000000000026 1.0000000180025095e-35
decision_type=2 2 2 2 2 2 2 2 2 2 2 2 2 2 2 2 2 2 2 2 2 2 2 2 2 2 2 2 2 2
left_child=11 -2 3 -3 -4 -6 -7 -8 -9 10 -10 16 -13 14 -14 -15 18 -18 25 20 21 -20 23 -21 -25 -1 29 28 -28 -27
right_child=1 2 4 -5 5 6 7 8 9 -11 -12 12 13 15 -16 -17 17 -19 19 22 -22 -23 -24 24 -26 26 27 -29 -30 -31
leaf_value=-0.00078244240900367788 -0.069471640568175466 0.079919068737006355 -0.065487818762963654 -0.0098506678387830868 -0.085992756428408812 0.074297245883726243 -0.089679485692866545 0.075393605899864768 -0.058501067170735332 0.06123980292396744 0.064759398640462054 0.090091190391029571 -0.0023984408780115987 -0.013760222128139821 0.048843020688552841 -0.11804139973262602 -0.017646215881581127 0.12248585803910256 -0.083500960767141183 0.05038547343324018 -0.12631641626633847 0.024850947490469379 0.059235470065640762 -0.070218055675393645 0.0071883836890005567 0.059268377091636439 -0.11852557758604687 0.027231915769090551 0.010981213171120018 -0.025131388113553633
leaf_weight=541.41305433935486 2.8973355181515243 3.7692481763660934 4.119641164783391 3.8442194312810898 1.9067167490720773 3.2328602112829676 3.4903992377221575 2.6504433010704798 3.2220635765697807 1.5378433829173443 1.068487530108541 3.1199344042688635 11.072487566620115 1.9830201780423513 8.1728381998836994 1.7408292312175035 1.7216908582486206 1.4845390059053896 4.6483814120292646 4.9552703946828851 4.035361371934413 6.0911719724535942 5.5733694676309815 5.987773098051548 3.7447317782789469 15.414715342223646 4.2561991754919291 8.6035884888842702 3.8169758915901184 4.553640902042388
leaf_count=4672 15 21 33 21 10 16 42 28 66 29 15 18 58 26 42 20 34 12 32 27 22 35 32 34 22 100 30 61 25 27
internal_value=-0.000163683 -0.00850009 -0.00237515 0.0345922 -0.0156333 -0.00362879 0.00670168 -0.0115557 0.0206047 -0.00431033 -0.0278052 0.000248204 0.0161344 0.00608871 0.0193621 -0.0625097 -0.000424286 0.0472373 -0.000673537 -0.0159899 -0.0505252 -0.0220468 0.00919413 -0.00979437 -0.0404347 0.000254784 0.0155793 -0.0136874 -0.0572951 0.0400216
internal_weight=674.129 31.7393 28.8419 7.61347 21.2285 17.1088 15.2021 11.9692 8.47884 5.82839 4.29055 642.39 26.0891 22.9692 19.2453 3.72385 616.3 3.20623 613.094 35.0361 14.7749 10.7396 20.2611 14.6878 9.7325 578.058 36.6451 16.6768 8.07318 19.9684
internal_count=5625 296 281 42 239 206 196 180 138 110 81 5329 164 146 100 46 5165 46 5119 204 89 67 115 83 56 4915 243 116 55 127
is_linear=0
shrinkage=0.1


Tree=92
num_leaves=31
num_cat=0
split_feature=13 2 2 21 0 2 2 3 5 23 15 27 3 1 2 2 3 1 19 2 2 4 2 23 3 9 1 4 24 1
split_gain=0.206006 0.965986 2.47216 1.70666 1.50534 2.52519 2.29339 1.36691 1.24691 1.4663 1.38078 1.2393 1.94137 2.44657 1.43637 3.69845 1.76284 2.42938 2.0062 1.65845 1.48266 3.67151 3.31706 3.16405 1.31055 1.55564 1.5675 1.17954 2.41377 2.2862
threshold=1.0000000180025095e-35 79.975000000000009 91.27500000000002 1.0000000180025095e-35 1.0000000180025095e-35 86.225000000000009 84.075000000000003 1654.5250000000003 1.0000000180025095e-35 1.0000000180025095e-35 1.0000000180025095e-35 1.0000000180025095e-35 54.32500000000001 2.5000000000000004 77.450000000000017 75.27500000000002 607.92500000000007 40.500000000000007 1.0000000180025095e-35 51.125000000000007 56.775000000000006 1.0000000180025095e-35 60.925000000000004 1.0000000180025095e-35 3006.5250000000005 1.0000000180025095e-35 64.500000000000014 1.0000000180025095e-35 1.0000000180025095e-35 26.500000000000004
decision_type=2 2 2 2 2 2 2 2 2 2 2 2 2 2 2 2 2 2 2 2 2 2 2 2 2 2 2 2 2 2
left_child=-1 11 3 8 5 6 -5 -4 -3 10 -10 12 -2 -14 15 16 18 20 19 -15 21 -18 -22 -24 -19 26 -26 28 -13 -29
right_child=1 2 7 4 -6 -7 -8 -9 9 -11 -12 27 13 14 -16 -17 17 24 -20 -21 22 -23 23 -25 25 -27 -28 29 -30 -31
leaf_value=0.00076167835963352165 -0.091791276912010111 -0.091552267971022255 0.045137656837339418 -0.065272879852747809 0.076453632825521659 -0.099794760143307473 0.088318207423474626 -0.005353854260959824 0.060841824453623683 -0.098582019739663018 -0.051136605424642947 0.089433898669052825 0.075368497755473787 -0.020934563666038734 0.045027582230763759 -0.12959635437556857 -0.012167307323579865 -0.082814994837015612 0.030342818849696924 -0.1077351695235424 -0.086832674248543351 0.12633604131709322 0.081576904937624914 -0.038536550811184039 0.072613057697440017 -0.10448303043423733 -0.10467616535571363 -0.11834421045010197 -0.030396863557858634 0.031715569600259334
leaf_weight=527.96256810167688 2.2885243445634833 6.8654116861289367 6.0151593945920458 1.6638409211300311 1.8062299606390295 2.7650003108428791 2.3386399125447497 49.35701758461073 2.1083203908056021 2.1355533609166741 2.3051355457864702 5.9747236460680124 4.2126607596874228 4.9739309158176166 5.2821760809747493 2.447544489754363 3.4919340098276797 3.4283424910390741 3.4613975537940851 3.9486269727349281 2.8429990066215387 4.2352661939803511 5.8449950492940825 3.5101557429879904 2.4558634224813436 1.0468933364609254 0.6257809909293427 1.3263635928742576 2.3390494165942073 4.3288400175515562
leaf_count=4008 10 53 36 43 20 66 44 473 22 22 29 69 20 32 42 26 40 72 27 24 32 43 48 36 45 50 49 16 38 90
internal_value=-0.000156288 -0.00348891 -0.0111338 -0.0395019 -0.00465363 -0.026301 0.02447 0.000131111 -0.0617749 -0.0305588 0.00235581 0.00519984 -0.00165692 0.00232456 -0.00414047 -0.0102783 -0.00295289 0.011163 -0.0342786 -0.0593477 0.0294731 0.0637462 0.00776201 0.036509 -0.0371155 0.000833421 0.0366114 0.0317537 0.05572 -0.00347924
internal_weight=673.389 145.426 77.3603 21.9881 8.57371 6.76748 4.00248 55.3722 13.4144 6.54901 4.41346 68.0661 54.0971 51.8086 47.5959 42.3137 39.8662 27.4822 12.384 8.92256 19.9254 7.7272 12.1981 9.35515 7.55688 4.12854 3.08164 13.969 8.31377 5.6552
internal_count=5625 1617 808 299 173 153 87 509 126 73 51 809 596 586 566 524 498 415 83 56 199 83 116 84 216 144 94 213 107 106
is_linear=0
shrinkage=0.1


Tree=93
num_leaves=31
num_cat=0
split_feature=19 4 1 3 13 3 28 17 5 25 21 3 6 27 0 2 6 26 3 2 1 1 1 1 1 21 5 3 2 23
split_gain=0.228884 1.62624 2.9765 2.90183 1.64486 2.13649 4.34775 1.82539 3.40146 2.89652 2.19359 1.4349 2.79844 1.25551 1.25416 1.25269 1.25155 1.43526 1.18469 2.05009 1.27946 3.5717 3.06344 1.88886 2.08075 1.90282 1.65952 2.63149 1.18273 1.15596
threshold=1.0000000180025095e-35 1.0000000180025095e-35 49.500000000000007 4965.0500000000011 1.0000000180025095e-35 5884.6250000000009 1.0000000180025095e-35 1.0000000180025095e-35 1.0000000180025095e-35 1.0000000180025095e-35 1.0000000180025095e-35 5446.1250000000009 1.0000000180025095e-35 1.0000000180025095e-35 1.0000000180025095e-35 34.82500000000001 1.0000000180025095e-35 1.0000000180025095e-35 4138.4750000000013 110.325 30.500000000000004 24.500000000000004 20.500000000000004 32.500000000000007 36.500000000000007 1.0000000180025095e-35 1.0000000180025095e-35 899.42500000000007 107.37500000000001 1.0000000180025095e-35
decision_type=2 2 2 2 2 2 2 2 2 2 2 2 2 2 2 2 2 2 2 2 2 2 2 2 2 2 2 2 2 2
left_child=28 2 29 15 5 -4 -7 8 -6 -9 -11 -5 14 -10 -13 -3 -12 -18 20 -20 21 22 26 -22 -25 -26 -17 -28 -1 -2
right_child=1 3 4 11 7 6 -8 9 13 10 16 12 -14 -15 -16 18 17 -19 19 -21 23 -23 -24 24 25 -27 27 -29 -30 -31
leaf_value=0.0013525439166772058 0.032917924618023675 -0.10356326574072126 -0.10364830790227449 0.067852860766213094 0.19852727721698704 -0.088004413516100485 0.094570458565730153 -0.11016931548118916 -0.10914422927377398 0.15793194649640899 -0.10408132479632931 0.037947877122123976 -0.080932068675350896 0.059564846692883561 -0.035896168976262612 -0.047974909790475688 -0.10462713964059488 0.12358554827215995 -0.12034800094744869 0.066582359437908176 0.083548254458552573 -0.11712854237811075 0.056728368143220242 -0.089899357656807885 -0.038034550599562254 0.065622217010988401 0.068164752296160522 -0.050764491186969421 -0.041218696745792149 0.0039313749689361757
leaf_weight=518.53666902173427 27.788571786833927 2.0538711994886389 4.7624067774740979 4.3576333003584322 1.1940393894910812 3.1169027695432305 2.2428798703476787 2.4691421361640096 0.83364310825709254 0.98712517856620285 1.0017410977743566 11.200895720743576 3.1902623908827072 0.93679854040965438 2.8942607741337261 17.796973964199431 0.41631647874601185 0.81521532195620239 2.7293942278483878 0.74734198302030552 2.6095293406397095 4.1015645307488731 4.6758388993330291 2.5463513480499369 3.4299904749495909 3.6612883540801704 3.6935881092213085 3.7487377896904945 6.6092660191934547 27.247989806812257
leaf_count=3947 208 13 78 49 17 42 18 41 31 27 72 124 82 15 32 102 23 35 86 4 21 44 37 26 81 66 26 22 48 208
internal_value=-0.000160213 -0.00364444 0.00683789 -0.0141803 -0.0275423 -0.0549097 -0.0116033 0.00446792 0.0680936 -0.0286837 0.033793 0.0165707 0.00364254 -0.0198747 0.0227849 -0.0270301 -0.0210775 0.0464388 -0.0238699 -0.0801664 -0.0196392 -0.0296177 -0.0176194 0.00807616 -0.012359 0.0154843 -0.031393 0.00825948 0.00081676 0.018567
internal_weight=672.396 147.25 73.8128 73.4375 18.7762 10.1222 5.35978 8.65402 2.96448 5.68954 3.2204 21.6431 17.2854 1.77044 14.0952 51.7945 2.23327 1.23153 49.7406 3.47674 46.2639 34.0167 29.9151 12.2472 9.63763 7.09128 25.2393 7.44233 525.146 55.0366
internal_count=5625 1630 815 815 399 138 60 261 63 198 157 287 238 46 156 528 130 58 515 90 425 231 187 194 173 147 150 48 3995 416
is_linear=0
shrinkage=0.1


Tree=94
num_leaves=31
num_cat=0
split_feature=13 27 9 1 15 3 2 2 5 1 2 3 6 15 17 3 26 3 1 4 2 2 3 3 3 5 2 19 7 4
split_gain=0.2038 0.733499 1.44041 3.1207 4.55877 2.29885 1.66348 3.92992 1.98696 5.49794 1.72976 1.6414 1.33358 1.57716 1.34305 1.31849 1.91376 2.90776 2.51916 1.65652 1.30117 2.25281 2.52462 1.16903 4.96618 2.10196 0.920857 0.812278 1.67295 1.35225
threshold=1.0000000180025095e-35 1.0000000180025095e-35 1.0000000180025095e-35 46.500000000000007 1.0000000180025095e-35 433.00000000000006 55.375000000000007 52.175000000000004 1.0000000180025095e-35 3.5000000000000004 75.425000000000026 1145.1500000000003 1.0000000180025095e-35 1.0000000180025095e-35 1.0000000180025095e-35 26.700000000000006 1.0000000180025095e-35 109.07500000000002 8.5000000000000018 1.0000000180025095e-35 75.27500000000002 73.02500000000002 1358.7250000000001 3006.5250000000005 3999.9000000000005 1.0000000180025095e-35 101.42500000000003 1.0000000180025095e-35 1.0000000180025095e-35 1.0000000180025095e-35
decision_type=2 2 2 2 2 2 2 2 2 2 2 2 2 2 2 2 2 2 2 2 2 2 2 2 2 2 2 2 2 2
left_child=1 27 3 4 6 -4 7 8 15 -10 -8 -6 20 14 -14 -3 17 -17 -18 -19 21 22 -7 -22 -25 -26 -27 28 29 -1
right_child=-2 2 5 -5 11 12 10 -9 9 -11 -12 -13 13 -15 -16 16 18 19 -20 -21 23 -23 -24 24 25 26 -28 -29 -30 -31
leaf_value=0.0061305236292815328 -0.0034987789598803182 -0.13731761734295428 0.089844217181652447 -0.11084936085029512 0.0042860194751585994 0.11567301735339022 -0.10037319939363494 0.12836326391238104 0.2074244197729688 -0.078886090961031843 -0.025523236620632037 0.087092474767366063 0.059388164100393243 -0.090162732191316319 -0.056619122262371271 0.13073341686009024 -0.16345211432909246 0.036213766538214918 -0.0090476983745600131 -0.12307480302882266 0.04925405476285652 -0.16645702203668086 -0.10692441725986437 -0.11722712534773271 0.097058625170411306 -0.035805436576971848 0.044540252037312079 -0.0070947861851460752 0.0021026836264410741 0.046810249342071786
leaf_weight=16.931085827760398 144.21224628255004 1.5136615633964563 3.0280074290931216 3.5521260962705119 4.6913182847201806 1.0932238223031232 5.8233623937703651 1.7808245178312052 1.1818558871746057 1.5507158320397136 6.5716634206473827 4.8878750721924007 2.0661652416456482 3.2862115250900388 1.9303641491569581 1.3885871544480304 2.0192711688578129 1.231273282552138 2.2165753957815468 1.3898035157471895 7.9857889264822033 1.0821192674338815 0.9542610470089129 2.7831740379333487 3.4416316868737322 3.3404312653001398 2.4896589056588709 77.308919792063534 343.94382711208891 15.794260416179894
leaf_count=92 1617 8 20 142 24 12 35 11 6 44 35 37 42 34 17 10 15 20 26 32 38 7 49 15 24 27 21 579 2495 91
internal_value=-0.000167591 0.000743534 -0.00853999 -0.0213992 -0.0126332 0.00674576 -0.0338883 -0.0106133 -0.0304258 0.0449452 -0.0606888 0.0465388 -0.00151689 -0.038843 0.00335547 -0.0515297 -0.0357813 0.0137353 -0.0826539 -0.0482476 0.0102152 -0.0497519 0.0119281 0.0195798 -7.7895e-05 0.0350878 -0.00149493 0.00224206 0.00415838 0.0257638
internal_weight=671.47 527.258 73.28 39.7989 36.2468 33.481 26.6676 14.2726 12.4917 2.73257 12.395 9.57919 30.453 7.28274 3.99653 9.75917 8.24551 4.00966 4.23585 2.62108 23.1703 3.1296 2.04748 20.0407 12.0549 9.27172 5.83009 453.978 376.669 32.7253
internal_count=5625 4008 751 445 303 306 242 172 161 50 70 61 286 93 59 111 103 62 41 52 193 68 61 125 87 72 48 3257 2678 183
is_linear=0
shrinkage=0.1


Tree=95
num_leaves=31
num_cat=0
split_feature=2 2 2 2 2 3 15 21 17 3 9 1 4 2 3 2 3 2 3 3 3 3 3 3 3 1 4 3 3 2
split_gain=0.214712 3.26167 1.76949 1.7307 1.31445 2.88508 2.76841 3.34629 2.25681 2.31917 2.20654 1.4173 3.50558 3.13796 4.21404 2.29739 1.62088 3.37638 2.43582 2.45423 1.63085 1.85421 1.5213 1.47369 1.32908 1.14666 0.83464 0.783798 1.42306 0.911719
threshold=83.225000000000009 82.475000000000009 81.875000000000014 81.02500000000002 85.375000000000014 399.00000000000006 1.0000000180025095e-35 1.0000000180025095e-35 1.0000000180025095e-35 1391.0000000000002 1.0000000180025095e-35 5.5000000000000009 1.0000000180025095e-35 85.975000000000009 2655.7750000000005 89.27500000000002 825.85000000000014 90.77500000000002 1266.2250000000001 1034.7250000000001 1358.7250000000001 1537.3000000000002 184.12500000000003 292.15000000000003 2110.7250000000008 19.500000000000004 1.0000000180025095e-35 1754.1750000000002 1820.6750000000004 93.575000000000003
decision_type=2 2 2 2 2 2 2 2 2 2 2 2 2 2 2 2 2 2 2 2 2 2 2 2 2 2 2 2 2 2
left_child=1 2 3 -1 5 -2 8 24 9 -7 -9 12 15 14 -13 -6 17 -15 19 -18 -20 -22 -14 -17 -8 -5 -21 -23 -29 -30
right_child=4 -3 -4 25 11 6 7 10 -10 -11 -12 13 22 16 -16 23 18 -19 20 26 21 27 -24 -25 -26 -27 -28 28 29 -31
leaf_value=-0.00069615634964964763 -0.064660182334767433 -0.11518756297727605 0.084093034534326316 -0.001645675598739746 0.14054111355516474 0.090841695089920557 0.068477932885527795 0.068796511742853783 -0.045309901600110863 -0.00032059261122666766 -0.11511197488172305 -0.13008959721909452 0.045274766700198782 -0.098211793687530483 0.029432214375293975 -0.017333221007276824 -0.0071318788909195702 0.014280712135179049 -0.070334787837274079 0.10934110718324822 0.056294720987290298 -0.033326912183160425 -0.038050650911704439 0.090118787883399776 0.1581054965400745 -0.099212675897503141 0.045720976517901392 0.066512398788823507 -0.017329638500941234 0.0015682026633359284
leaf_weight=388.48358665348496 3.4205545336008099 2.5140174790285519 2.4331323015503576 2.0183834731578818 3.2136375904083252 4.415553882718088 3.1944042444229144 1.3716272115707397 5.2640708533581337 7.5832073874771595 1.2441513780504465 4.2962927818298331 3.1428582891821861 5.0221794098615629 2.6946336873807013 2.7406204640865326 6.0496330372989169 5.6921582370996475 3.3840433433651915 4.0210333354771119 5.617537945508956 7.668430231511592 7.2351952195167542 2.3889857158064842 3.432148561347276 2.9874608834506944 4.2328086644411087 3.097730040550231 31.218665034510195 140.07993656094186
leaf_count=3622 21 21 22 10 22 24 16 18 42 36 26 21 25 23 28 24 33 36 16 31 27 37 40 18 24 32 23 14 294 999
internal_value=-0.000166102 -0.00164426 -0.00092329 -0.00144899 0.00200138 0.0217716 0.0329258 0.0770946 0.00927836 0.0332272 -0.0186765 -0.000445462 0.0259825 -0.00266339 -0.0686023 0.0742441 -0.000530082 -0.0384484 0.00144815 0.041252 -0.00153162 -0.000291047 -0.0128166 0.0327099 0.1149 -0.0598731 0.0767149 -0.00203698 -0.000661121 -0.00187587
internal_weight=670.159 398.437 395.923 393.489 271.722 29.9257 26.5052 9.24233 17.2628 11.9988 2.61578 241.796 18.7213 223.075 6.99093 8.34324 216.084 10.7143 205.37 14.3035 191.066 187.682 10.3781 5.12961 6.62655 5.00584 8.25384 182.065 174.396 171.299
internal_count=5625 3707 3686 3664 1918 207 186 84 102 60 44 1711 129 1582 49 64 1533 59 1474 87 1387 1371 65 42 40 42 54 1344 1307 1293
is_linear=0
shrinkage=0.1


Tree=96
num_leaves=31
num_cat=0
split_feature=9 2 15 2 2 28 4 2 2 2 1 3 1 3 2 2 1 3 6 28 26 23 2 29 1 1 1 3 3 3
split_gain=0.190455 1.03843 2.2753 1.605 1.19645 1.22662 2.10963 3.35697 1.61722 2.96125 2.27151 1.3991 1.21845 5.47563 1.1 1.03303 1.02048 3.21186 1.42213 1.86786 2.86995 2.31188 1.49083 1.27716 0.874105 0.826907 0.7341 1.73137 3.03926 2.7252
threshold=1.0000000180025095e-35 72.125000000000014 1.0000000180025095e-35 60.425000000000004 68.675000000000026 1.0000000180025095e-35 1.0000000180025095e-35 49.875000000000007 26.275000000000002 25.125000000000004 29.500000000000004 1126.5500000000002 14.500000000000002 417.72500000000008 25.275000000000002 24.225000000000005 7.5000000000000009 696.57500000000016 1.0000000180025095e-35 1.0000000180025095e-35 1.0000000180025095e-35 1.0000000180025095e-35 79.425000000000026 1.0000000180025095e-35 4.5000000000000009 5.5000000000000009 10.500000000000002 1034.7250000000001 1163.575 1410.7250000000001
decision_type=2 2 2 2 2 2 2 2 2 2 2 2 2 2 2 2 2 2 2 2 2 2 2 2 2 2 2 2 2 2
left_child=-1 2 4 -4 5 6 7 12 9 15 -11 -7 -2 -14 -12 -8 18 -18 19 23 -21 22 -22 -3 -23 -10 -19 -28 -29 -30
right_child=1 16 3 -5 -6 11 8 -9 25 10 14 -13 13 -15 -16 -17 17 26 -20 20 21 24 -24 -25 -26 -27 27 28 29 -31
leaf_value=-0.0015880384008261927 -0.12495442308663725 0.090950088667275983 -0.019543393546059128 -0.11435404865035466 -0.088200931918106795 -0.047718260931349545 0.032672741506955809 0.10762377927494536 -0.014599832224857662 0.35080339449203013 0.17400892322743791 0.04402304810358891 0.32328026779921726 -0.10509372560926616 -0.10241337249638381 -0.11024841719071243 -0.089683654993324119 0.030536464927458786 0.083235251067961036 -0.081700078991441966 0.021792216798389209 0.11247655442404217 -0.053771954168183825 0.014049368537533545 0.027718618313420807 -0.11202808022922212 -0.053827082500691396 0.084018672203641828 -0.049285635236980797 0.0042694903805705064
leaf_weight=386.22091674714466 0.94772014487535505 4.2889588624239021 3.7336299472954115 3.4219533433206379 1.4656644840724755 6.5086425244808197 1.0854929508059292 4.9241539995418862 1.7095432048663499 0.42709480784833409 0.3129861808847636 2.2325383955612779 0.42306067049503315 1.012590496742632 0.26657858298858628 0.94688392709940661 3.7912663761526337 9.3713433891534788 3.2739119157195082 3.7921715974807748 6.055431514978407 2.568772431463004 4.5900367610156536 4.3500912599265575 2.3117789179086685 1.7762851561419664 5.4248727262020102 4.5726601756177834 10.00933241099119 187.30749516893411
leaf_count=3280 11 26 31 79 27 45 21 39 9 8 10 32 2 106 32 57 18 55 22 17 37 30 28 25 15 31 26 29 55 1422
internal_value=-0.000144117 0.00182713 -0.0153827 -0.0648839 -0.000648034 0.00503663 0.0235673 0.0604698 -0.0177616 0.0355577 0.175817 -0.0242871 -0.0369525 0.0211404 0.0468648 -0.0339142 0.00395999 0.00156356 0.0208777 0.0135753 -0.00370991 0.0153389 -0.010789 0.0522276 0.0723291 -0.0642467 0.00316007 0.00192256 0.00342058 0.00155279
internal_weight=669.124 282.903 31.1948 7.15558 24.0392 22.5736 13.8324 7.30753 6.52486 3.03904 1.00666 8.74118 2.38337 1.43565 0.579565 2.03238 251.708 220.477 31.2312 27.9572 19.3182 15.526 10.6455 8.63905 4.88055 3.48583 216.686 207.314 201.889 197.317
internal_count=5625 2345 540 110 430 403 326 158 168 128 50 77 119 108 42 78 1805 1605 200 178 127 110 65 51 45 40 1587 1532 1506 1477
is_linear=0
shrinkage=0.1


Tree=97
num_leaves=31
num_cat=0
split_feature=1 21 2 26 3 2 2 3 2 3 1 1 3 0 3 26 23 4 2 2 3 1 26 2 3 3 3 3 3 1
split_gain=0.193309 0.922159 0.979383 0.866993 0.75469 0.475933 0.895346 0.457065 1.11169 0.309881 1.04875 1.80709 1.30187 4.27109 2.43099 1.2848 1.07046 0.977874 1.03799 0.983256 1.02718 1.17346 1.74189 1.37142 2.69995 1.44475 1.17501 1.05488 0.973043 1.64127
threshold=70.500000000000014 1.0000000180025095e-35 56.175000000000004 1.0000000180025095e-35 7321.7750000000005 109.35000000000001 115.825 6648.8000000000011 93.575000000000003 4309.9500000000016 43.500000000000007 45.500000000000007 4663.7750000000005 1.0000000180025095e-35 4759.6500000000005 1.0000000180025095e-35 1.0000000180025095e-35 1.0000000180025095e-35 113.17500000000003 111.075 7048.5000000000009 62.500000000000007 1.0000000180025095e-35 105.22500000000001 6648.8000000000011 6126.1250000000009 5236.9000000000005 5931.3750000000009 3625.6500000000001 51.500000000000007
decision_type=2 2 2 2 2 2 2 2 2 2 2 2 2 2 2 2 2 2 2 2 2 2 2 2 2 2 2 2 2 2
left_child=9 -2 -3 -4 7 -6 -7 8 -5 28 -11 -12 13 15 -14 -13 -17 19 -19 20 21 22 -16 24 25 26 -23 -24 -1 -30
right_child=1 2 3 4 5 6 -8 -9 -10 10 11 12 14 -15 17 16 -18 18 -20 -21 -22 23 27 -25 -26 -27 -28 -29 29 -31
leaf_value=0.00011286360432136321 -0.10490670716376785 0.11615040478358862 -0.1049208423716715 -0.1014717519285524 0.035863517662696298 -0.10852074495179781 0.061715141486356033 -0.10746895195400766 0.17114860892166819 0.055659163169170467 -0.073884024989620253 0.067591245514603243 -0.094253765337133422 0.1573848147037118 -0.067847388598218997 0.017607616180304132 -0.08794334363420328 0.019452342517344887 -0.048921994835849122 0.048817815122485092 -0.073908145092838176 0.046833438908436345 0.012305940852740862 0.10841814977667584 -0.11600269026039839 0.080552507729121842 -0.10873654082372911 -0.037159792887023868 -0.01014609109190652 -0.085115982862352335
leaf_weight=532.92665653891163 1.0059937142068491 0.63187725376337756 0.91093884973088268 0.38933662197086938 3.7527844160795212 0.71703033940866567 0.54285132791846991 0.90818422776646912 0.24289560317993164 3.9609438478946677 2.9510925114154807 1.7589229025179509 2.5473548736190414 2.3514696899801493 5.3485169992782202 1.9062752327881753 1.937300248304382 39.363360363291577 2.3529945649206629 2.9709310196340075 2.4237413294613352 1.0017474917694906 13.463471304159613 1.6305898074060676 1.422693286091089 3.2292530280537903 0.94208351895213116 6.341906674206256 24.720546683296565 3.3113048029481424
leaf_count=4067 152 7 82 60 39 44 14 25 1 20 21 32 29 13 43 22 29 330 18 29 31 16 87 15 16 32 40 38 168 105
internal_value=-0.000136265 -0.01461 -0.00338976 -0.0135096 -0.0008026 0.0180099 -0.0351704 -0.0620203 0.00326553 6.36835e-05 0.00525483 0.00312964 0.00562736 0.0442755 0.0019254 -0.00319856 -0.0355939 0.00496924 0.0155957 -0.00646335 -0.0110504 -0.00648635 -0.0172087 0.0262996 0.00599847 0.039551 -0.028564 -0.00353355 -0.000842333 -0.019002
internal_weight=667.965 9.10189 8.0959 7.46402 6.55308 5.01267 1.25988 1.54042 0.632232 658.863 97.9046 93.9437 90.9926 7.95397 83.0386 5.6025 3.84358 80.4913 41.7164 38.7749 35.804 33.3803 25.1539 8.22637 6.59578 5.17308 1.94383 19.8054 560.959 28.0319
internal_count=5625 424 272 265 183 97 58 86 61 5201 861 841 820 96 724 83 51 695 348 347 318 287 168 119 104 88 56 125 4340 273
is_linear=0
shrinkage=0.1


Tree=98
num_leaves=31
num_cat=0
split_feature=2 2 1 1 3 1 3 1 3 2 2 1 6 27 24 1 3 3 1 1 4 3 3 3 3 27 15 1 6 21
split_gain=0.19173 1.38608 0.852452 0.928178 1.60481 2.18735 1.46541 1.67813 1.62626 0.903115 1.3342 1.10438 0.856853 1.8469 4.49135 1.39852 0.729626 1.14258 0.243698 2.13272 1.66786 1.25165 1.83025 3.69919 1.14746 1.83869 1.96048 8.09883 3.7496 2.13699
threshold=106.12500000000001 105.92500000000003 31.500000000000004 43.500000000000007 5083.1750000000011 49.500000000000007 5738.1500000000005 54.500000000000007 6402.6250000000009 111.47500000000001 113.17500000000003 69.500000000000014 1.0000000180025095e-35 1.0000000180025095e-35 1.0000000180025095e-35 67.500000000000014 7986.7500000000009 8333.0500000000011 34.500000000000007 33.500000000000007 1.0000000180025095e-35 3121.9250000000006 2867.9000000000005 2694.6500000000005 1931.1000000000001 1.0000000180025095e-35 1.0000000180025095e-35 24.500000000000004 1.0000000180025095e-35 1.0000000180025095e-35
decision_type=2 2 2 2 2 2 2 2 2 2 2 2 2 2 2 2 2 2 2 2 2 2 2 2 2 2 2 2 2 2
left_child=1 18 -2 -4 -5 -6 -7 -8 -9 12 -11 -12 13 14 15 -10 -13 -18 19 21 -21 22 23 24 -1 26 28 -28 29 -26
right_child=2 -3 3 4 5 6 7 8 9 10 11 16 -14 -15 -16 -17 17 -19 -20 20 -22 -23 -24 -25 25 -27 27 -29 -30 -31
leaf_value=0.00061678555792102992 -0.053338284195314889 0.061563814533848848 0.036498762219981433 -0.095676725807814833 0.084730771489699652 -0.088598954071746547 0.075453957073968514 -0.081114730753948275 -0.095479457491705333 0.11149254870139361 -0.059435352585182483 0.13026966305596277 -0.071735940291007869 -0.082898629637224164 0.13137769496516444 0.017556040237688454 -0.11167192591257209 0.11471477169312397 0.0033840734565797207 -0.0051882734194303656 -0.10663034127883836 0.062725360365776611 -0.050301406985098732 0.080572028228378056 -0.082247564527946793 -0.06077003942303183 -0.08182380726527913 0.080556887730992718 0.061086067335905263 -0.014159636250783231
leaf_weight=406.39957368653268 3.6028597094118586 3.6687394883483639 5.2427437845617524 1.999395996332171 2.5784921497106579 2.2729505300521877 2.3568689748644855 3.0351921617984798 2.1485714875161666 1.5459783896803845 1.6326408702880146 0.74035050719976403 2.2673260311130425 2.188179433811456 2.4411310032010078 2.2312062415294349 0.4685719336848706 0.42527910275384784 153.21445848114672 3.1066763745620838 3.3886817037127912 3.1188308373093596 7.3616787996143094 5.6225081961601964 8.1700377687811887 7.6983985437545916 4.7435596510767928 8.7138656601309759 4.1626541763544074 10.577487411908805
leaf_count=2699 19 19 27 12 13 13 11 16 16 23 19 7 37 30 16 27 22 21 2193 24 26 15 38 30 40 51 26 59 25 51
internal_value=-0.000134936 0.000276906 -0.00711327 -0.00215295 -0.00930528 -0.00274726 -0.0122429 -0.0041636 -0.0139756 -0.00130993 0.0349552 -0.0012648 -0.016788 -0.00295926 0.0226857 -0.0378954 0.0568502 -0.00396099 -8.21127e-05 -0.00120473 -0.0581114 -0.000412501 -0.000837393 -3.89987e-05 -0.00104515 -0.0163724 -0.00697415 0.0233199 -0.0247689 -0.0438319
internal_weight=667.125 629.947 37.1777 33.5749 28.3321 26.3327 23.7542 21.4813 19.1244 16.0892 4.81282 3.26684 11.2764 9.00909 6.82091 4.37978 1.6342 0.893851 626.278 473.064 6.49536 466.569 463.45 456.088 450.466 44.066 36.3676 13.4574 22.9102 18.7475
internal_count=5625 5296 329 310 283 271 258 245 234 218 92 69 126 89 59 43 50 43 5277 3084 50 3034 3019 2981 2951 252 201 85 116 91
is_linear=0
shrinkage=0.1


Tree=99
num_leaves=31
num_cat=0
split_feature=6 3 1 1 3 19 1 1 13 4 13 3 1 2 2 4 4 3 2 3 26 3 15 1 2 2 2 2 2 2
split_gain=0.194802 0.610646 2.77525 2.98236 2.53545 1.36428 1.37199 1.3347 1.28079 0.886407 0.827078 0.745097 0.687036 3.19984 2.24235 3.82085 1.82273 1.78011 1.69845 2.69987 2.65562 1.76575 1.55841 1.55336 1.54326 1.50428 2.55797 1.68328 1.54403 1.41302
threshold=1.0000000180025095e-35 4534.1750000000002 50.500000000000007 59.500000000000007 4262.3000000000002 1.0000000180025095e-35 65.500000000000014 70.500000000000014 1.0000000180025095e-35 1.0000000180025095e-35 1.0000000180025095e-35 6570.3750000000009 33.500000000000007 94.675000000000026 70.075000000000003 1.0000000180025095e-35 1.0000000180025095e-35 2168.5250000000005 74.925000000000026 1410.7250000000001 1.0000000180025095e-35 1537.3000000000002 1.0000000180025095e-35 16.500000000000004 70.975000000000009 69.225000000000009 64.975000000000009 58.300000000000004 54.675000000000004 88.875000000000014
decision_type=2 2 2 2 2 2 2 2 2 2 2 2 2 2 2 2 2 2 2 2 2 2 2 2 2 2 2 2 2 2
left_child=-1 4 -3 9 12 10 -7 8 -8 -4 -5 -12 17 14 16 -16 -14 18 19 24 23 -22 -18 -20 25 26 27 28 -2 -19
right_child=1 2 3 5 -6 6 7 -9 -10 -11 11 -13 13 -15 15 -17 22 29 20 -21 21 -23 -24 -25 -26 -27 -28 -29 -30 -31
leaf_value=0.00073502797584595544 -0.0079597712097017031 0.077473792700636424 -0.12303997683821272 0.06940518023817692 -0.12263143654072357 -0.10617308312161844 -0.049826348524277322 -0.10362397945322899 0.066242148975792878 -0.031909171673836813 0.042486088777461517 -0.05367311513812191 -0.091612892621806719 -0.13056447016879333 0.090161657305942167 -0.032039227964825077 -0.060108636408370657 -0.0098629239370648953 -0.021088273127029742 0.094731609707770628 -0.029510842004814027 -0.10117697099708639 0.060046667425402871 0.06712504010532741 0.071495573068087778 -0.073919173401986379 0.10073842371207915 -0.073070682451977717 0.051521456421052741 0.070372250746123466
leaf_weight=530.17449540726375 34.152214277186431 4.9756993539631393 2.2539548426866558 4.7353627728298289 1.8519412549212564 1.4109693034552027 1.4123386819846926 0.93228804261889298 2.9086920530535281 2.0273950337432325 2.0464750598184769 1.329175195423886 4.2284080411773228 2.3615103904157868 4.7509439687710238 5.5448849126696587 2.1310559028934222 3.5035417741164547 4.1297713713720468 3.1251570153981438 13.639753034804018 4.5965552623383692 2.1874111101496965 3.8638758608140051 2.7732431665062895 2.9893957227468482 2.35737770050764 3.4656183235347262 5.0034816097468129 5.8764204201288521
leaf_count=3941 395 27 23 37 32 39 26 95 50 23 35 20 209 17 42 52 167 24 24 29 75 25 51 26 17 17 15 27 31 34
internal_value=-0.000132492 -0.00350039 0.0109695 -0.00639476 -0.00659057 0.0149003 -0.0186228 0.00489194 0.0283049 -0.0798858 0.0424441 0.00462303 -0.00464894 -0.0208334 -0.00708103 0.0243496 -0.0449433 -0.000813543 -0.00564038 0.00452115 -0.0265084 -0.0475747 0.000753018 0.0215512 -0.00103491 -0.00522821 -0.000662841 -0.00627133 -0.000359007 0.0404033
internal_weight=666.739 136.565 24.0324 19.0567 112.533 14.7753 6.66429 5.25332 4.32103 4.28135 8.11101 3.37565 110.681 21.2042 18.8427 10.2958 8.54688 89.4764 80.0964 53.8665 26.23 18.2363 4.31847 7.99365 50.7413 47.9681 44.9787 42.6213 39.1557 9.37996
internal_count=5625 1684 375 348 1309 302 210 171 76 46 92 55 1277 538 521 94 427 739 681 531 150 100 218 50 502 485 468 453 426 58
is_linear=0
shrinkage=0.1


end of trees

feature_importances:
MonthlyCharges=810
TotalCharges=651
tenure=473
gender_Male=110
PaymentMethod_Electronic_check=79
PaperlessBilling_Yes=78
OnlineSecurity_Yes=65
OnlineBackup_Yes=65
SeniorCitizen=59
Dependents_Yes=59
TechSupport_Yes=58
Contract_One_year=58
Partner_Yes=57
StreamingMovies_Yes=57
StreamingTV_Yes=55
Contract_Two_year=48
MultipleLines_Yes=44
PaymentMethod_Credit_card_(automatic)=44
DeviceProtection_Yes=33
PaymentMethod_Mailed_check=30
PhoneService_Yes=25
InternetService_Fiber_optic=22
InternetService_No=16
MultipleLines_No_phone_service=4

parameters:
[boosting: gbdt]
[objective: binary]
[metric: binary_logloss]
[tree_learner: serial]
[device_type: cpu]
[data_sample_strategy: bagging]
[data: ]
[valid: ]
[num_iterations: 100]
[learning_rate: 0.1]
[num_leaves: 31]
[num_threads: 1]
[seed: 42]
[deterministic: 0]
[force_col_wise: 0]
[force_row_wise: 0]
[histogram_pool_size: -1]
[max_depth: -1]
[min_data_in_leaf: 20]
[min_sum_hessian_in_leaf: 0.001]
[bagging_fraction: 1]
[pos_bagging_fraction: 1]
[neg_bagging_fraction: 1]
[bagging_freq: 0]
[bagging_seed: 400]
[bagging_by_query: 0]
[feature_fraction: 1]
[feature_fraction_bynode: 1]
[feature_fraction_seed: 30056]
[extra_trees: 0]
[extra_seed: 12879]
[early_stopping_round: 0]
[early_stopping_min_delta: 0]
[first_metric_only: 0]
[max_delta_step: 0]
[lambda_l1: 0]
[lambda_l2: 0]
[linear_lambda: 0]
[min_gain_to_split: 0]
[drop_rate: 0.1]
[max_drop: 50]
[skip_drop: 0.5]
[xgboost_dart_mode: 0]
[uniform_drop: 0]
[drop_seed: 17869]
[top_rate: 0.2]
[other_rate: 0.1]
[min_data_per_group: 100]
[max_cat_threshold: 32]
[cat_l2: 10]
[cat_smooth: 10]
[max_cat_to_onehot: 4]
[top_k: 20]
[monotone_constraints: ]
[monotone_constraints_method: basic]
[monotone_penalty: 0]
[feature_contri: ]
[forcedsplits_filename: ]
[refit_decay_rate: 0.9]
[cegb_tradeoff: 1]
[cegb_penalty_split: 0]
[cegb_penalty_feature_lazy: ]
[cegb_penalty_feature_coupled: ]
[path_smooth: 0]
[interaction_constraints: ]
[verbosity: 1]
[saved_feature_importance_type: 0]
[use_quantized_grad: 0]
[num_grad_quant_bins: 4]
[quant_train_renew_leaf: 0]
[stochastic_rounding: 1]
[linear_tree: 0]
[max_bin: 255]
[max_bin_by_feature: ]
[min_data_in_bin: 3]
[bin_construct_sample_cnt: 200000]
[data_random_seed: 175]
[is_enable_sparse: 1]
[enable_bundle: 1]
[use_missing: 1]
[zero_as_missing: 0]
[feature_pre_filter: 1]
[pre_partition: 0]
[two_round: 0]
[header: 0]
[label_column: ]
[weight_column: ]
[group_column: ]
[ignore_column: ]
[categorical_feature: ]
[forcedbins_filename: ]
[precise_float_parser: 0]
[parser_config_file: ]
[objective_seed: 16083]
[num_class: 1]
[is_unbalance: 0]
[scale_pos_weight: 1]
[sigmoid: 1]
[boost_from_average: 1]
[reg_sqrt: 0]
[alpha: 0.9]
[fair_c: 1]
[poisson_max_delta_step: 0.7]
[tweedie_variance_power: 1.5]
[lambdarank_truncation_level: 30]
[lambdarank_norm: 1]
[label_gain: ]
[lambdarank_position_bias_regularization: 0]
[eval_at: ]
[multi_error_top_k: 1]
[auc_mu_weights: ]
[num_machines: 1]
[local_listen_port: 12400]
[time_out: 120]
[machine_list_filename: ]
[machines: ]
[gpu_platform_id: -1]
[gpu_device_id: -1]
[gpu_use_dp: 0]
[num_gpu: 1]

end of parameters

pandas_categorical:[]
